{"timestamp":"2026-06-08 16:48:15","level":"INFO","logger":"org.hibernate.validator.internal.util.Version","message":"HV000001: Hibernate Validator 9.0.1.Final"}{"timestamp":"2026-06-08 16:48:15","level":"INFO","logger":"org.springframework.boot.devtools.env.DevToolsPropertyDefaultsPostProcessor","message":"Devtools property defaults active! Set 'spring.devtools.add-properties' to 'false' to disable"}{"timestamp":"2026-06-08 16:48:15","level":"INFO","logger":"org.springframework.boot.devtools.env.DevToolsPropertyDefaultsPostProcessor","message":"For additional web related logging consider setting the 'logging.level.web' property to 'DEBUG'"}{"timestamp":"2026-06-08 16:48:17","level":"INFO","logger":"org.springframework.data.repository.config.RepositoryConfigurationDelegate","message":"Bootstrapping Spring Data JPA repositories in DEFAULT mode."}{"timestamp":"2026-06-08 16:48:17","level":"INFO","logger":"org.springframework.data.repository.config.RepositoryConfigurationDelegate","message":"Finished Spring Data repository scanning in 101 ms. Found 4 JPA repository interfaces."}{"timestamp":"2026-06-08 16:48:18","level":"INFO","logger":"org.springframework.boot.tomcat.TomcatWebServer","message":"Tomcat initialized with port 8080 (http)"}{"timestamp":"2026-06-08 16:48:18","level":"INFO","logger":"org.apache.coyote.http11.Http11NioProtocol","message":"Initializing ProtocolHandler ["http-nio-8080"]"}{"timestamp":"2026-06-08 16:48:18","level":"INFO","logger":"org.apache.catalina.core.StandardService","message":"Starting service [Tomcat]"}{"timestamp":"2026-06-08 16:48:18","level":"INFO","logger":"org.apache.catalina.core.StandardEngine","message":"Starting Servlet engine: [Apache Tomcat/11.0.20]"}{"timestamp":"2026-06-08 16:48:18","level":"INFO","logger":"org.springframework.boot.web.context.servlet.WebApplicationContextInitializer","message":"Root WebApplicationContext: initialization completed in 2821 ms"}{"timestamp":"2026-06-08 16:48:18","level":"INFO","logger":"org.hibernate.orm.jpa","message":"HHH008540: Processing PersistenceUnitInfo [name: default]"}{"timestamp":"2026-06-08 16:48:19","level":"INFO","logger":"org.hibernate.orm.core","message":"HHH000001: Hibernate ORM core version 7.2.7.Final"}{"timestamp":"2026-06-08 16:48:19","level":"INFO","logger":"org.springframework.orm.jpa.persistenceunit.SpringPersistenceUnitInfo","message":"No LoadTimeWeaver setup: ignoring JPA class transformer"}{"timestamp":"2026-06-08 16:48:20","level":"INFO","logger":"com.zaxxer.hikari.HikariDataSource","message":"HikariPool-1 - Starting..."}{"timestamp":"2026-06-08 16:48:20","level":"INFO","logger":"com.zaxxer.hikari.pool.HikariPool","message":"HikariPool-1 - Added connection com.mysql.cj.jdbc.ConnectionImpl@4dfb25de"}{"timestamp":"2026-06-08 16:48:20","level":"INFO","logger":"com.zaxxer.hikari.HikariDataSource","message":"HikariPool-1 - Start completed."}{"timestamp":"2026-06-08 16:48:20","level":"WARN","logger":"org.hibernate.orm.deprecation","message":"HHH90000025: MySQLDialect does not need to be specified explicitly using 'hibernate.dialect' (remove the property setting and it will be selected by default)"}{"timestamp":"2026-06-08 16:48:20","level":"INFO","logger":"org.hibernate.orm.connections.pooling","message":"HHH10001005: Database info:
	Database JDBC URL [jdbc:mysql://localhost:3306/jobportaldb?useSSL=false&serverTimezone=UTC&allowPublicKeyRetrieval=true]
	Database driver: MySQL Connector/J
	Database dialect: MySQLDialect
	Database version: 8.0.46
	Default catalog/schema: jobportaldb/undefined
	Autocommit mode: undefined/unknown
	Isolation level: REPEATABLE_READ [default REPEATABLE_READ]
	JDBC fetch size: none
	Pool: DataSourceConnectionProvider
	Minimum pool size: undefined/unknown
	Maximum pool size: undefined/unknown"}{"timestamp":"2026-06-08 16:48:20","level":"DEBUG","logger":"org.hibernate.tool.schema.spi.SchemaManagementToolCoordinator","message":"No schema actions specified for contributor 'orm'"}{"timestamp":"2026-06-08 16:48:21","level":"INFO","logger":"org.hibernate.orm.core","message":"HHH000489: No JTA platform available (set 'hibernate.transaction.jta.platform' to enable JTA platform integration)"}{"timestamp":"2026-06-08 16:48:21","level":"DEBUG","logger":"org.hibernate.tool.schema.spi.SchemaManagementToolCoordinator","message":"No schema actions specified for contributor 'orm'"}{"timestamp":"2026-06-08 16:48:21","level":"DEBUG","logger":"org.hibernate.tool.schema.spi.SchemaManagementToolCoordinator","message":"No schema management actions found"}{"timestamp":"2026-06-08 16:48:21","level":"INFO","logger":"org.springframework.orm.jpa.LocalContainerEntityManagerFactoryBean","message":"Initialized JPA EntityManagerFactory for persistence unit 'default'"}{"timestamp":"2026-06-08 16:48:22","level":"INFO","logger":"org.springframework.data.jpa.repository.query.QueryEnhancerFactories","message":"Hibernate is in classpath; If applicable, HQL parser will be used."}{"timestamp":"2026-06-08 16:48:24","level":"WARN","logger":"org.springframework.boot.jpa.autoconfigure.JpaBaseConfiguration$JpaWebConfiguration","message":"spring.jpa.open-in-view is enabled by default. Therefore, database queries may be performed during view rendering. Explicitly configure spring.jpa.open-in-view to disable this warning"}{"timestamp":"2026-06-08 16:48:24","level":"INFO","logger":"org.springframework.security.config.annotation.authentication.configuration.InitializeAuthenticationProviderBeanManagerConfigurer$InitializeAuthenticationProviderManagerConfigurer","message":"Global AuthenticationManager configured with AuthenticationProvider bean with name jobPortalUsernamePwdAuthenticationProvider"}{"timestamp":"2026-06-08 16:48:24","level":"DEBUG","logger":"org.springframework.security.web.DefaultSecurityFilterChain","message":"Will secure any request with filters: DisableEncodeUrlFilter, WebAsyncManagerIntegrationFilter, SecurityContextHolderFilter, HeaderWriterFilter, CorsFilter, CsrfFilter, LogoutFilter, JwtTokenValidatorFilter, RequestCacheAwareFilter, SecurityContextHolderAwareRequestFilter, AnonymousAuthenticationFilter, ExceptionTranslationFilter, AuthorizationFilter"}{"timestamp":"2026-06-08 16:48:25","level":"INFO","logger":"org.apache.coyote.http11.Http11NioProtocol","message":"Starting ProtocolHandler ["http-nio-8080"]"}{"timestamp":"2026-06-08 16:48:25","level":"INFO","logger":"org.springframework.boot.tomcat.TomcatWebServer","message":"Tomcat started on port 8080 (http) with context path '/'"}{"timestamp":"2026-06-08 17:00:14","level":"INFO","logger":"org.apache.catalina.core.ContainerBase.[Tomcat].[localhost].[/]","message":"Initializing Spring DispatcherServlet 'dispatcherServlet'"}{"timestamp":"2026-06-08 17:00:14","level":"INFO","logger":"org.springframework.web.servlet.DispatcherServlet","message":"Initializing Servlet 'dispatcherServlet'"}{"timestamp":"2026-06-08 17:00:15","level":"INFO","logger":"org.springframework.web.servlet.DispatcherServlet","message":"Completed initialization in 178 ms"}{"timestamp":"2026-06-08 17:00:15","level":"DEBUG","logger":"org.springframework.security.web.FilterChainProxy","message":"Securing GET /api/csrf-token/public"}{"timestamp":"2026-06-08 17:00:15","level":"DEBUG","logger":"org.springframework.security.web.FilterChainProxy","message":"Secured GET /api/csrf-token/public"}{"timestamp":"2026-06-08 17:00:15","level":"DEBUG","logger":"org.springframework.security.web.authentication.AnonymousAuthenticationFilter","message":"Set SecurityContextHolder to anonymous SecurityContext"}{"timestamp":"2026-06-08 17:01:12","level":"DEBUG","logger":"org.springframework.security.web.FilterChainProxy","message":"Securing POST /api/auth/login/public"}{"timestamp":"2026-06-08 17:01:12","level":"DEBUG","logger":"org.springframework.security.web.csrf.CsrfFilter","message":"Invalid CSRF token found for http://localhost:8080/api/auth/login/public"}{"timestamp":"2026-06-08 17:01:40","level":"DEBUG","logger":"org.springframework.security.web.FilterChainProxy","message":"Securing POST /api/auth/login/public"}{"timestamp":"2026-06-08 17:01:40","level":"DEBUG","logger":"org.springframework.security.web.FilterChainProxy","message":"Secured POST /api/auth/login/public"}{"timestamp":"2026-06-08 17:01:40","level":"DEBUG","logger":"org.hibernate.SQL","message":"
    select
        jpu1_0.id,
        jpu1_0.company_id,
        jpu1_0.created_at,
        jpu1_0.created_by,
        jpu1_0.email,
        jpu1_0.mobile_number,
        jpu1_0.name,
        jpu1_0.password_hash,
        jpu1_0.role_id,
        jpu1_0.updated_at,
        jpu1_0.updated_by 
    from
        users jpu1_0 
    where
        jpu1_0.email=?"}{"timestamp":"2026-06-08 17:01:40","level":"DEBUG","logger":"org.hibernate.SQL","message":"
    select
        r1_0.id,
        r1_0.created_at,
        r1_0.created_by,
        r1_0.name,
        r1_0.updated_at,
        r1_0.updated_by 
    from
        roles r1_0 
    where
        r1_0.id=?"}{"timestamp":"2026-06-08 17:01:41","level":"DEBUG","logger":"org.springframework.security.web.authentication.AnonymousAuthenticationFilter","message":"Set SecurityContextHolder to anonymous SecurityContext"}{"timestamp":"2026-06-08 17:02:04","level":"DEBUG","logger":"org.springframework.security.web.FilterChainProxy","message":"Securing GET /api/contacts/?page=0&size=10&sortBy=createdAt&sortAsc=asc"}{"timestamp":"2026-06-08 17:02:04","level":"DEBUG","logger":"org.springframework.security.web.FilterChainProxy","message":"Secured GET /api/contacts/?page=0&size=10&sortBy=createdAt&sortAsc=asc"}{"timestamp":"2026-06-08 17:02:04","level":"WARN","logger":"org.springframework.web.servlet.mvc.method.annotation.ExceptionHandlerExceptionResolver","message":"Resolved [org.springframework.web.servlet.resource.NoResourceFoundException: No static resource api/contacts for request '/api/contacts/'.]"}{"timestamp":"2026-06-08 17:02:26","level":"INFO","logger":"org.springframework.boot.tomcat.GracefulShutdown","message":"Commencing graceful shutdown. Waiting for active requests to complete"}{"timestamp":"2026-06-08 17:02:26","level":"INFO","logger":"org.springframework.boot.tomcat.GracefulShutdown","message":"Graceful shutdown complete"}{"timestamp":"2026-06-08 17:02:26","level":"INFO","logger":"org.springframework.orm.jpa.LocalContainerEntityManagerFactoryBean","message":"Closing JPA EntityManagerFactory for persistence unit 'default'"}{"timestamp":"2026-06-08 17:02:26","level":"INFO","logger":"com.zaxxer.hikari.HikariDataSource","message":"HikariPool-1 - Shutdown initiated..."}{"timestamp":"2026-06-08 17:02:26","level":"INFO","logger":"com.zaxxer.hikari.HikariDataSource","message":"HikariPool-1 - Shutdown completed."}{"timestamp":"2026-06-08 17:05:05","level":"INFO","logger":"org.hibernate.validator.internal.util.Version","message":"HV000001: Hibernate Validator 9.0.1.Final"}{"timestamp":"2026-06-08 17:05:05","level":"INFO","logger":"org.springframework.boot.devtools.env.DevToolsPropertyDefaultsPostProcessor","message":"Devtools property defaults active! Set 'spring.devtools.add-properties' to 'false' to disable"}{"timestamp":"2026-06-08 17:05:05","level":"INFO","logger":"org.springframework.boot.devtools.env.DevToolsPropertyDefaultsPostProcessor","message":"For additional web related logging consider setting the 'logging.level.web' property to 'DEBUG'"}{"timestamp":"2026-06-08 17:05:07","level":"INFO","logger":"org.springframework.data.repository.config.RepositoryConfigurationDelegate","message":"Bootstrapping Spring Data JPA repositories in DEFAULT mode."}{"timestamp":"2026-06-08 17:05:07","level":"INFO","logger":"org.springframework.data.repository.config.RepositoryConfigurationDelegate","message":"Finished Spring Data repository scanning in 104 ms. Found 4 JPA repository interfaces."}{"timestamp":"2026-06-08 17:05:08","level":"INFO","logger":"org.springframework.boot.tomcat.TomcatWebServer","message":"Tomcat initialized with port 8080 (http)"}{"timestamp":"2026-06-08 17:05:08","level":"INFO","logger":"org.apache.coyote.http11.Http11NioProtocol","message":"Initializing ProtocolHandler ["http-nio-8080"]"}{"timestamp":"2026-06-08 17:05:08","level":"INFO","logger":"org.apache.catalina.core.StandardService","message":"Starting service [Tomcat]"}{"timestamp":"2026-06-08 17:05:08","level":"INFO","logger":"org.apache.catalina.core.StandardEngine","message":"Starting Servlet engine: [Apache Tomcat/11.0.20]"}{"timestamp":"2026-06-08 17:05:08","level":"INFO","logger":"org.springframework.boot.web.context.servlet.WebApplicationContextInitializer","message":"Root WebApplicationContext: initialization completed in 3524 ms"}{"timestamp":"2026-06-08 17:05:09","level":"INFO","logger":"org.hibernate.orm.jpa","message":"HHH008540: Processing PersistenceUnitInfo [name: default]"}{"timestamp":"2026-06-08 17:05:09","level":"INFO","logger":"org.hibernate.orm.core","message":"HHH000001: Hibernate ORM core version 7.2.7.Final"}{"timestamp":"2026-06-08 17:05:10","level":"INFO","logger":"org.springframework.orm.jpa.persistenceunit.SpringPersistenceUnitInfo","message":"No LoadTimeWeaver setup: ignoring JPA class transformer"}{"timestamp":"2026-06-08 17:05:10","level":"INFO","logger":"com.zaxxer.hikari.HikariDataSource","message":"HikariPool-1 - Starting..."}{"timestamp":"2026-06-08 17:05:10","level":"INFO","logger":"com.zaxxer.hikari.pool.HikariPool","message":"HikariPool-1 - Added connection com.mysql.cj.jdbc.ConnectionImpl@7c21dfeb"}{"timestamp":"2026-06-08 17:05:10","level":"INFO","logger":"com.zaxxer.hikari.HikariDataSource","message":"HikariPool-1 - Start completed."}{"timestamp":"2026-06-08 17:05:10","level":"WARN","logger":"org.hibernate.orm.deprecation","message":"HHH90000025: MySQLDialect does not need to be specified explicitly using 'hibernate.dialect' (remove the property setting and it will be selected by default)"}{"timestamp":"2026-06-08 17:05:10","level":"INFO","logger":"org.hibernate.orm.connections.pooling","message":"HHH10001005: Database info:
	Database JDBC URL [jdbc:mysql://localhost:3306/jobportaldb?useSSL=false&serverTimezone=UTC&allowPublicKeyRetrieval=true]
	Database driver: MySQL Connector/J
	Database dialect: MySQLDialect
	Database version: 8.0.46
	Default catalog/schema: jobportaldb/undefined
	Autocommit mode: undefined/unknown
	Isolation level: REPEATABLE_READ [default REPEATABLE_READ]
	JDBC fetch size: none
	Pool: DataSourceConnectionProvider
	Minimum pool size: undefined/unknown
	Maximum pool size: undefined/unknown"}{"timestamp":"2026-06-08 17:05:11","level":"DEBUG","logger":"org.hibernate.tool.schema.spi.SchemaManagementToolCoordinator","message":"No schema actions specified for contributor 'orm'"}{"timestamp":"2026-06-08 17:05:12","level":"INFO","logger":"org.hibernate.orm.core","message":"HHH000489: No JTA platform available (set 'hibernate.transaction.jta.platform' to enable JTA platform integration)"}{"timestamp":"2026-06-08 17:05:12","level":"DEBUG","logger":"org.hibernate.tool.schema.spi.SchemaManagementToolCoordinator","message":"No schema actions specified for contributor 'orm'"}{"timestamp":"2026-06-08 17:05:12","level":"DEBUG","logger":"org.hibernate.tool.schema.spi.SchemaManagementToolCoordinator","message":"No schema management actions found"}{"timestamp":"2026-06-08 17:05:12","level":"INFO","logger":"org.springframework.orm.jpa.LocalContainerEntityManagerFactoryBean","message":"Initialized JPA EntityManagerFactory for persistence unit 'default'"}{"timestamp":"2026-06-08 17:05:13","level":"INFO","logger":"org.springframework.data.jpa.repository.query.QueryEnhancerFactories","message":"Hibernate is in classpath; If applicable, HQL parser will be used."}{"timestamp":"2026-06-08 17:05:15","level":"WARN","logger":"org.springframework.boot.jpa.autoconfigure.JpaBaseConfiguration$JpaWebConfiguration","message":"spring.jpa.open-in-view is enabled by default. Therefore, database queries may be performed during view rendering. Explicitly configure spring.jpa.open-in-view to disable this warning"}{"timestamp":"2026-06-08 17:05:15","level":"INFO","logger":"org.springframework.security.config.annotation.authentication.configuration.InitializeAuthenticationProviderBeanManagerConfigurer$InitializeAuthenticationProviderManagerConfigurer","message":"Global AuthenticationManager configured with AuthenticationProvider bean with name jobPortalUsernamePwdAuthenticationProvider"}{"timestamp":"2026-06-08 17:05:15","level":"DEBUG","logger":"org.springframework.security.web.DefaultSecurityFilterChain","message":"Will secure any request with filters: DisableEncodeUrlFilter, WebAsyncManagerIntegrationFilter, SecurityContextHolderFilter, HeaderWriterFilter, CorsFilter, CsrfFilter, LogoutFilter, JwtTokenValidatorFilter, RequestCacheAwareFilter, SecurityContextHolderAwareRequestFilter, AnonymousAuthenticationFilter, ExceptionTranslationFilter, AuthorizationFilter"}{"timestamp":"2026-06-08 17:05:16","level":"INFO","logger":"org.apache.coyote.http11.Http11NioProtocol","message":"Starting ProtocolHandler ["http-nio-8080"]"}{"timestamp":"2026-06-08 17:05:16","level":"INFO","logger":"org.springframework.boot.tomcat.TomcatWebServer","message":"Tomcat started on port 8080 (http) with context path '/'"}{"timestamp":"2026-06-08 17:05:48","level":"INFO","logger":"org.hibernate.validator.internal.util.Version","message":"HV000001: Hibernate Validator 9.0.1.Final"}{"timestamp":"2026-06-08 17:05:48","level":"INFO","logger":"org.springframework.boot.devtools.env.DevToolsPropertyDefaultsPostProcessor","message":"Devtools property defaults active! Set 'spring.devtools.add-properties' to 'false' to disable"}{"timestamp":"2026-06-08 17:05:48","level":"INFO","logger":"org.springframework.boot.devtools.env.DevToolsPropertyDefaultsPostProcessor","message":"For additional web related logging consider setting the 'logging.level.web' property to 'DEBUG'"}{"timestamp":"2026-06-08 17:05:49","level":"INFO","logger":"org.springframework.data.repository.config.RepositoryConfigurationDelegate","message":"Bootstrapping Spring Data JPA repositories in DEFAULT mode."}{"timestamp":"2026-06-08 17:05:49","level":"INFO","logger":"org.springframework.data.repository.config.RepositoryConfigurationDelegate","message":"Finished Spring Data repository scanning in 63 ms. Found 4 JPA repository interfaces."}{"timestamp":"2026-06-08 17:05:50","level":"INFO","logger":"org.springframework.boot.tomcat.TomcatWebServer","message":"Tomcat initialized with port 8080 (http)"}{"timestamp":"2026-06-08 17:05:50","level":"INFO","logger":"org.apache.coyote.http11.Http11NioProtocol","message":"Initializing ProtocolHandler ["http-nio-8080"]"}{"timestamp":"2026-06-08 17:05:50","level":"INFO","logger":"org.apache.catalina.core.StandardService","message":"Starting service [Tomcat]"}{"timestamp":"2026-06-08 17:05:50","level":"INFO","logger":"org.apache.catalina.core.StandardEngine","message":"Starting Servlet engine: [Apache Tomcat/11.0.20]"}{"timestamp":"2026-06-08 17:05:50","level":"INFO","logger":"org.springframework.boot.web.context.servlet.WebApplicationContextInitializer","message":"Root WebApplicationContext: initialization completed in 1869 ms"}{"timestamp":"2026-06-08 17:05:50","level":"INFO","logger":"org.hibernate.orm.jpa","message":"HHH008540: Processing PersistenceUnitInfo [name: default]"}{"timestamp":"2026-06-08 17:05:50","level":"INFO","logger":"org.hibernate.orm.core","message":"HHH000001: Hibernate ORM core version 7.2.7.Final"}{"timestamp":"2026-06-08 17:05:50","level":"INFO","logger":"org.springframework.orm.jpa.persistenceunit.SpringPersistenceUnitInfo","message":"No LoadTimeWeaver setup: ignoring JPA class transformer"}{"timestamp":"2026-06-08 17:05:50","level":"INFO","logger":"com.zaxxer.hikari.HikariDataSource","message":"HikariPool-1 - Starting..."}{"timestamp":"2026-06-08 17:05:51","level":"INFO","logger":"com.zaxxer.hikari.pool.HikariPool","message":"HikariPool-1 - Added connection com.mysql.cj.jdbc.ConnectionImpl@658415d4"}{"timestamp":"2026-06-08 17:05:51","level":"INFO","logger":"com.zaxxer.hikari.HikariDataSource","message":"HikariPool-1 - Start completed."}{"timestamp":"2026-06-08 17:05:51","level":"WARN","logger":"org.hibernate.orm.deprecation","message":"HHH90000025: MySQLDialect does not need to be specified explicitly using 'hibernate.dialect' (remove the property setting and it will be selected by default)"}{"timestamp":"2026-06-08 17:05:51","level":"INFO","logger":"org.hibernate.orm.connections.pooling","message":"HHH10001005: Database info:
	Database JDBC URL [jdbc:mysql://localhost:3306/jobportaldb?useSSL=false&serverTimezone=UTC&allowPublicKeyRetrieval=true]
	Database driver: MySQL Connector/J
	Database dialect: MySQLDialect
	Database version: 8.0.46
	Default catalog/schema: jobportaldb/undefined
	Autocommit mode: undefined/unknown
	Isolation level: REPEATABLE_READ [default REPEATABLE_READ]
	JDBC fetch size: none
	Pool: DataSourceConnectionProvider
	Minimum pool size: undefined/unknown
	Maximum pool size: undefined/unknown"}{"timestamp":"2026-06-08 17:05:51","level":"DEBUG","logger":"org.hibernate.tool.schema.spi.SchemaManagementToolCoordinator","message":"No schema actions specified for contributor 'orm'"}{"timestamp":"2026-06-08 17:05:51","level":"INFO","logger":"org.hibernate.orm.core","message":"HHH000489: No JTA platform available (set 'hibernate.transaction.jta.platform' to enable JTA platform integration)"}{"timestamp":"2026-06-08 17:05:51","level":"DEBUG","logger":"org.hibernate.tool.schema.spi.SchemaManagementToolCoordinator","message":"No schema actions specified for contributor 'orm'"}{"timestamp":"2026-06-08 17:05:51","level":"DEBUG","logger":"org.hibernate.tool.schema.spi.SchemaManagementToolCoordinator","message":"No schema management actions found"}{"timestamp":"2026-06-08 17:05:51","level":"INFO","logger":"org.springframework.orm.jpa.LocalContainerEntityManagerFactoryBean","message":"Initialized JPA EntityManagerFactory for persistence unit 'default'"}{"timestamp":"2026-06-08 17:05:52","level":"INFO","logger":"org.springframework.data.jpa.repository.query.QueryEnhancerFactories","message":"Hibernate is in classpath; If applicable, HQL parser will be used."}{"timestamp":"2026-06-08 17:05:53","level":"WARN","logger":"org.springframework.boot.jpa.autoconfigure.JpaBaseConfiguration$JpaWebConfiguration","message":"spring.jpa.open-in-view is enabled by default. Therefore, database queries may be performed during view rendering. Explicitly configure spring.jpa.open-in-view to disable this warning"}{"timestamp":"2026-06-08 17:05:53","level":"INFO","logger":"org.springframework.security.config.annotation.authentication.configuration.InitializeAuthenticationProviderBeanManagerConfigurer$InitializeAuthenticationProviderManagerConfigurer","message":"Global AuthenticationManager configured with AuthenticationProvider bean with name jobPortalUsernamePwdAuthenticationProvider"}{"timestamp":"2026-06-08 17:05:54","level":"DEBUG","logger":"org.springframework.security.web.DefaultSecurityFilterChain","message":"Will secure any request with filters: DisableEncodeUrlFilter, WebAsyncManagerIntegrationFilter, SecurityContextHolderFilter, HeaderWriterFilter, CorsFilter, CsrfFilter, LogoutFilter, JwtTokenValidatorFilter, RequestCacheAwareFilter, SecurityContextHolderAwareRequestFilter, AnonymousAuthenticationFilter, ExceptionTranslationFilter, AuthorizationFilter"}{"timestamp":"2026-06-08 17:05:55","level":"INFO","logger":"org.apache.coyote.http11.Http11NioProtocol","message":"Starting ProtocolHandler ["http-nio-8080"]"}{"timestamp":"2026-06-08 17:05:55","level":"WARN","logger":"org.springframework.boot.web.server.servlet.context.AnnotationConfigServletWebServerApplicationContext","message":"Exception encountered during context initialization - cancelling refresh attempt: org.springframework.context.ApplicationContextException: Failed to start bean 'webServerStartStop'"}{"timestamp":"2026-06-08 17:05:55","level":"INFO","logger":"org.springframework.orm.jpa.LocalContainerEntityManagerFactoryBean","message":"Closing JPA EntityManagerFactory for persistence unit 'default'"}{"timestamp":"2026-06-08 17:05:55","level":"INFO","logger":"com.zaxxer.hikari.HikariDataSource","message":"HikariPool-1 - Shutdown initiated..."}{"timestamp":"2026-06-08 17:05:55","level":"INFO","logger":"com.zaxxer.hikari.HikariDataSource","message":"HikariPool-1 - Shutdown completed."}{"timestamp":"2026-06-08 17:05:55","level":"INFO","logger":"org.springframework.boot.autoconfigure.logging.ConditionEvaluationReportLogger","message":"

Error starting ApplicationContext. To display the condition evaluation report re-run your application with 'debug' enabled."}{"timestamp":"2026-06-08 17:05:55","level":"ERROR","logger":"org.springframework.boot.diagnostics.LoggingFailureAnalysisReporter","message":"

***************************
APPLICATION FAILED TO START
***************************

Description:

Web server failed to start. Port 8080 was already in use.

Action:

Identify and stop the process that's listening on port 8080 or configure this application to listen on another port.
"}{"timestamp":"2026-06-08 17:06:12","level":"INFO","logger":"org.hibernate.validator.internal.util.Version","message":"HV000001: Hibernate Validator 9.0.1.Final"}{"timestamp":"2026-06-08 17:06:12","level":"INFO","logger":"org.springframework.boot.devtools.env.DevToolsPropertyDefaultsPostProcessor","message":"Devtools property defaults active! Set 'spring.devtools.add-properties' to 'false' to disable"}{"timestamp":"2026-06-08 17:06:12","level":"INFO","logger":"org.springframework.boot.devtools.env.DevToolsPropertyDefaultsPostProcessor","message":"For additional web related logging consider setting the 'logging.level.web' property to 'DEBUG'"}{"timestamp":"2026-06-08 17:06:14","level":"INFO","logger":"org.springframework.data.repository.config.RepositoryConfigurationDelegate","message":"Bootstrapping Spring Data JPA repositories in DEFAULT mode."}{"timestamp":"2026-06-08 17:06:14","level":"INFO","logger":"org.springframework.data.repository.config.RepositoryConfigurationDelegate","message":"Finished Spring Data repository scanning in 122 ms. Found 4 JPA repository interfaces."}{"timestamp":"2026-06-08 17:06:16","level":"INFO","logger":"org.springframework.boot.tomcat.TomcatWebServer","message":"Tomcat initialized with port 8080 (http)"}{"timestamp":"2026-06-08 17:06:16","level":"INFO","logger":"org.apache.coyote.http11.Http11NioProtocol","message":"Initializing ProtocolHandler ["http-nio-8080"]"}{"timestamp":"2026-06-08 17:06:16","level":"INFO","logger":"org.apache.catalina.core.StandardService","message":"Starting service [Tomcat]"}{"timestamp":"2026-06-08 17:06:16","level":"INFO","logger":"org.apache.catalina.core.StandardEngine","message":"Starting Servlet engine: [Apache Tomcat/11.0.20]"}{"timestamp":"2026-06-08 17:06:16","level":"INFO","logger":"org.springframework.boot.web.context.servlet.WebApplicationContextInitializer","message":"Root WebApplicationContext: initialization completed in 3650 ms"}{"timestamp":"2026-06-08 17:06:16","level":"INFO","logger":"org.hibernate.orm.jpa","message":"HHH008540: Processing PersistenceUnitInfo [name: default]"}{"timestamp":"2026-06-08 17:06:16","level":"INFO","logger":"org.hibernate.orm.core","message":"HHH000001: Hibernate ORM core version 7.2.7.Final"}{"timestamp":"2026-06-08 17:06:17","level":"INFO","logger":"org.springframework.orm.jpa.persistenceunit.SpringPersistenceUnitInfo","message":"No LoadTimeWeaver setup: ignoring JPA class transformer"}{"timestamp":"2026-06-08 17:06:17","level":"INFO","logger":"com.zaxxer.hikari.HikariDataSource","message":"HikariPool-1 - Starting..."}{"timestamp":"2026-06-08 17:06:17","level":"INFO","logger":"com.zaxxer.hikari.pool.HikariPool","message":"HikariPool-1 - Added connection com.mysql.cj.jdbc.ConnectionImpl@74099caf"}{"timestamp":"2026-06-08 17:06:17","level":"INFO","logger":"com.zaxxer.hikari.HikariDataSource","message":"HikariPool-1 - Start completed."}{"timestamp":"2026-06-08 17:06:17","level":"WARN","logger":"org.hibernate.orm.deprecation","message":"HHH90000025: MySQLDialect does not need to be specified explicitly using 'hibernate.dialect' (remove the property setting and it will be selected by default)"}{"timestamp":"2026-06-08 17:06:17","level":"INFO","logger":"org.hibernate.orm.connections.pooling","message":"HHH10001005: Database info:
	Database JDBC URL [jdbc:mysql://localhost:3306/jobportaldb?useSSL=false&serverTimezone=UTC&allowPublicKeyRetrieval=true]
	Database driver: MySQL Connector/J
	Database dialect: MySQLDialect
	Database version: 8.0.46
	Default catalog/schema: jobportaldb/undefined
	Autocommit mode: undefined/unknown
	Isolation level: REPEATABLE_READ [default REPEATABLE_READ]
	JDBC fetch size: none
	Pool: DataSourceConnectionProvider
	Minimum pool size: undefined/unknown
	Maximum pool size: undefined/unknown"}{"timestamp":"2026-06-08 17:06:18","level":"DEBUG","logger":"org.hibernate.tool.schema.spi.SchemaManagementToolCoordinator","message":"No schema actions specified for contributor 'orm'"}{"timestamp":"2026-06-08 17:06:19","level":"INFO","logger":"org.hibernate.orm.core","message":"HHH000489: No JTA platform available (set 'hibernate.transaction.jta.platform' to enable JTA platform integration)"}{"timestamp":"2026-06-08 17:06:19","level":"DEBUG","logger":"org.hibernate.tool.schema.spi.SchemaManagementToolCoordinator","message":"No schema actions specified for contributor 'orm'"}{"timestamp":"2026-06-08 17:06:19","level":"DEBUG","logger":"org.hibernate.tool.schema.spi.SchemaManagementToolCoordinator","message":"No schema management actions found"}{"timestamp":"2026-06-08 17:06:19","level":"INFO","logger":"org.springframework.orm.jpa.LocalContainerEntityManagerFactoryBean","message":"Initialized JPA EntityManagerFactory for persistence unit 'default'"}{"timestamp":"2026-06-08 17:06:19","level":"INFO","logger":"org.springframework.data.jpa.repository.query.QueryEnhancerFactories","message":"Hibernate is in classpath; If applicable, HQL parser will be used."}{"timestamp":"2026-06-08 17:06:21","level":"WARN","logger":"org.springframework.boot.jpa.autoconfigure.JpaBaseConfiguration$JpaWebConfiguration","message":"spring.jpa.open-in-view is enabled by default. Therefore, database queries may be performed during view rendering. Explicitly configure spring.jpa.open-in-view to disable this warning"}{"timestamp":"2026-06-08 17:06:21","level":"INFO","logger":"org.springframework.security.config.annotation.authentication.configuration.InitializeAuthenticationProviderBeanManagerConfigurer$InitializeAuthenticationProviderManagerConfigurer","message":"Global AuthenticationManager configured with AuthenticationProvider bean with name jobPortalUsernamePwdAuthenticationProvider"}{"timestamp":"2026-06-08 17:06:21","level":"DEBUG","logger":"org.springframework.security.web.DefaultSecurityFilterChain","message":"Will secure any request with filters: DisableEncodeUrlFilter, WebAsyncManagerIntegrationFilter, SecurityContextHolderFilter, HeaderWriterFilter, CorsFilter, CsrfFilter, LogoutFilter, JwtTokenValidatorFilter, RequestCacheAwareFilter, SecurityContextHolderAwareRequestFilter, AnonymousAuthenticationFilter, ExceptionTranslationFilter, AuthorizationFilter"}{"timestamp":"2026-06-08 17:06:22","level":"INFO","logger":"org.apache.coyote.http11.Http11NioProtocol","message":"Starting ProtocolHandler ["http-nio-8080"]"}{"timestamp":"2026-06-08 17:06:22","level":"INFO","logger":"org.springframework.boot.tomcat.TomcatWebServer","message":"Tomcat started on port 8080 (http) with context path '/'"}{"timestamp":"2026-06-08 17:06:35","level":"INFO","logger":"org.apache.catalina.core.ContainerBase.[Tomcat].[localhost].[/]","message":"Initializing Spring DispatcherServlet 'dispatcherServlet'"}{"timestamp":"2026-06-08 17:06:35","level":"INFO","logger":"org.springframework.web.servlet.DispatcherServlet","message":"Initializing Servlet 'dispatcherServlet'"}{"timestamp":"2026-06-08 17:06:35","level":"INFO","logger":"org.springframework.web.servlet.DispatcherServlet","message":"Completed initialization in 1 ms"}{"timestamp":"2026-06-08 17:06:35","level":"DEBUG","logger":"org.springframework.security.web.FilterChainProxy","message":"Securing GET /api/csrf-token/public"}{"timestamp":"2026-06-08 17:06:35","level":"DEBUG","logger":"org.springframework.security.web.FilterChainProxy","message":"Secured GET /api/csrf-token/public"}{"timestamp":"2026-06-08 17:06:35","level":"DEBUG","logger":"org.springframework.security.web.authentication.AnonymousAuthenticationFilter","message":"Set SecurityContextHolder to anonymous SecurityContext"}{"timestamp":"2026-06-08 17:06:48","level":"DEBUG","logger":"org.springframework.security.web.FilterChainProxy","message":"Securing POST /api/auth/login/public"}{"timestamp":"2026-06-08 17:06:48","level":"DEBUG","logger":"org.springframework.security.web.FilterChainProxy","message":"Secured POST /api/auth/login/public"}{"timestamp":"2026-06-08 17:06:48","level":"DEBUG","logger":"org.hibernate.SQL","message":"
    select
        jpu1_0.id,
        jpu1_0.company_id,
        jpu1_0.created_at,
        jpu1_0.created_by,
        jpu1_0.email,
        jpu1_0.mobile_number,
        jpu1_0.name,
        jpu1_0.password_hash,
        jpu1_0.role_id,
        jpu1_0.updated_at,
        jpu1_0.updated_by 
    from
        users jpu1_0 
    where
        jpu1_0.email=?"}{"timestamp":"2026-06-08 17:06:48","level":"DEBUG","logger":"org.hibernate.SQL","message":"
    select
        r1_0.id,
        r1_0.created_at,
        r1_0.created_by,
        r1_0.name,
        r1_0.updated_at,
        r1_0.updated_by 
    from
        roles r1_0 
    where
        r1_0.id=?"}{"timestamp":"2026-06-08 17:06:49","level":"DEBUG","logger":"org.springframework.security.web.authentication.AnonymousAuthenticationFilter","message":"Set SecurityContextHolder to anonymous SecurityContext"}{"timestamp":"2026-06-08 17:07:01","level":"DEBUG","logger":"org.springframework.security.web.FilterChainProxy","message":"Securing GET /api/contacts/page/admin?page=0&size=10&sortBy=createdAt&sortAsc=asc"}{"timestamp":"2026-06-08 17:07:01","level":"DEBUG","logger":"org.springframework.security.web.FilterChainProxy","message":"Secured GET /api/contacts/page/admin?page=0&size=10&sortBy=createdAt&sortAsc=asc"}{"timestamp":"2026-06-08 17:07:01","level":"DEBUG","logger":"org.hibernate.SQL","message":"
    select
        c1_0.id,
        c1_0.created_at,
        c1_0.created_by,
        c1_0.email,
        c1_0.message,
        c1_0.name,
        c1_0.status,
        c1_0.subject,
        c1_0.updated_at,
        c1_0.updated_by,
        c1_0.user_type 
    from
        contacts c1_0 
    where
        c1_0.status=? 
    order by
        c1_0.created_at 
    limit
        ?"}{"timestamp":"2026-06-08 17:07:01","level":"DEBUG","logger":"org.hibernate.SQL","message":"
    select
        count(c1_0.id) 
    from
        contacts c1_0 
    where
        c1_0.status=?"}{"timestamp":"2026-06-08 17:07:01","level":"WARN","logger":"org.springframework.data.web.config.SpringDataJackson3Configuration$PageModule$WarningLoggingModifier","message":"Serializing PageImpl instances as-is is not supported, meaning that there is no guarantee about the stability of the resulting JSON structure!
	For a stable JSON structure, please use Spring Data's PagedModel (globally via @EnableSpringDataWebSupport(pageSerializationMode = VIA_DTO))
	or Spring HATEOAS and Spring Data's PagedResourcesAssembler as documented in https://docs.spring.io/spring-data/commons/reference/repositories/core-extensions.html#core.web.pageables.
"}{"timestamp":"2026-06-08 17:07:01","level":"DEBUG","logger":"org.springframework.security.web.authentication.AnonymousAuthenticationFilter","message":"Set SecurityContextHolder to anonymous SecurityContext"}{"timestamp":"2026-06-08 17:07:19","level":"DEBUG","logger":"org.springframework.security.web.FilterChainProxy","message":"Securing GET /api/contacts/page/admin?page=1&size=10&sortBy=createdAt&sortAsc=asc"}{"timestamp":"2026-06-08 17:07:19","level":"DEBUG","logger":"org.springframework.security.web.FilterChainProxy","message":"Secured GET /api/contacts/page/admin?page=1&size=10&sortBy=createdAt&sortAsc=asc"}{"timestamp":"2026-06-08 17:07:19","level":"DEBUG","logger":"org.hibernate.SQL","message":"
    select
        c1_0.id,
        c1_0.created_at,
        c1_0.created_by,
        c1_0.email,
        c1_0.message,
        c1_0.name,
        c1_0.status,
        c1_0.subject,
        c1_0.updated_at,
        c1_0.updated_by,
        c1_0.user_type 
    from
        contacts c1_0 
    where
        c1_0.status=? 
    order by
        c1_0.created_at 
    limit
        ?, ?"}{"timestamp":"2026-06-08 17:07:19","level":"DEBUG","logger":"org.springframework.security.web.authentication.AnonymousAuthenticationFilter","message":"Set SecurityContextHolder to anonymous SecurityContext"}{"timestamp":"2026-06-08 17:07:46","level":"DEBUG","logger":"org.springframework.security.web.FilterChainProxy","message":"Securing GET /api/contacts/page/admin?page=2&size=10&sortBy=createdAt&sortAsc=asc"}{"timestamp":"2026-06-08 17:07:46","level":"DEBUG","logger":"org.springframework.security.web.FilterChainProxy","message":"Secured GET /api/contacts/page/admin?page=2&size=10&sortBy=createdAt&sortAsc=asc"}{"timestamp":"2026-06-08 17:07:46","level":"DEBUG","logger":"org.hibernate.SQL","message":"
    select
        c1_0.id,
        c1_0.created_at,
        c1_0.created_by,
        c1_0.email,
        c1_0.message,
        c1_0.name,
        c1_0.status,
        c1_0.subject,
        c1_0.updated_at,
        c1_0.updated_by,
        c1_0.user_type 
    from
        contacts c1_0 
    where
        c1_0.status=? 
    order by
        c1_0.created_at 
    limit
        ?, ?"}{"timestamp":"2026-06-08 17:07:46","level":"DEBUG","logger":"org.hibernate.SQL","message":"
    select
        count(c1_0.id) 
    from
        contacts c1_0 
    where
        c1_0.status=?"}{"timestamp":"2026-06-08 17:07:46","level":"DEBUG","logger":"org.springframework.security.web.authentication.AnonymousAuthenticationFilter","message":"Set SecurityContextHolder to anonymous SecurityContext"}{"timestamp":"2026-06-08 17:10:34","level":"INFO","logger":"org.springframework.boot.devtools.autoconfigure.LocalDevToolsAutoConfiguration$RestartingClassPathChangeChangedEventListener","message":"Restarting due to 1 class path change (0 additions, 0 deletions, 1 modification)"}{"timestamp":"2026-06-08 17:10:34","level":"INFO","logger":"org.springframework.boot.tomcat.GracefulShutdown","message":"Commencing graceful shutdown. Waiting for active requests to complete"}{"timestamp":"2026-06-08 17:10:34","level":"INFO","logger":"org.apache.coyote.http11.Http11NioProtocol","message":"Pausing ProtocolHandler ["http-nio-8080"]"}{"timestamp":"2026-06-08 17:10:34","level":"INFO","logger":"org.springframework.boot.tomcat.GracefulShutdown","message":"Graceful shutdown complete"}{"timestamp":"2026-06-08 17:10:34","level":"INFO","logger":"org.apache.coyote.http11.Http11NioProtocol","message":"Stopping ProtocolHandler ["http-nio-8080"]"}{"timestamp":"2026-06-08 17:10:34","level":"INFO","logger":"org.springframework.orm.jpa.LocalContainerEntityManagerFactoryBean","message":"Closing JPA EntityManagerFactory for persistence unit 'default'"}{"timestamp":"2026-06-08 17:10:34","level":"INFO","logger":"com.zaxxer.hikari.HikariDataSource","message":"HikariPool-1 - Shutdown initiated..."}{"timestamp":"2026-06-08 17:10:34","level":"INFO","logger":"com.zaxxer.hikari.HikariDataSource","message":"HikariPool-1 - Shutdown completed."}{"timestamp":"2026-06-08 17:10:35","level":"INFO","logger":"org.springframework.data.repository.config.RepositoryConfigurationDelegate","message":"Bootstrapping Spring Data JPA repositories in DEFAULT mode."}{"timestamp":"2026-06-08 17:10:35","level":"INFO","logger":"org.springframework.data.repository.config.RepositoryConfigurationDelegate","message":"Finished Spring Data repository scanning in 81 ms. Found 4 JPA repository interfaces."}{"timestamp":"2026-06-08 17:10:36","level":"INFO","logger":"org.springframework.boot.tomcat.TomcatWebServer","message":"Tomcat initialized with port 8080 (http)"}{"timestamp":"2026-06-08 17:10:36","level":"INFO","logger":"org.apache.coyote.http11.Http11NioProtocol","message":"Initializing ProtocolHandler ["http-nio-8080"]"}{"timestamp":"2026-06-08 17:10:36","level":"INFO","logger":"org.apache.catalina.core.StandardService","message":"Starting service [Tomcat]"}{"timestamp":"2026-06-08 17:10:36","level":"INFO","logger":"org.apache.catalina.core.StandardEngine","message":"Starting Servlet engine: [Apache Tomcat/11.0.20]"}{"timestamp":"2026-06-08 17:10:36","level":"INFO","logger":"org.springframework.boot.web.context.servlet.WebApplicationContextInitializer","message":"Root WebApplicationContext: initialization completed in 1072 ms"}{"timestamp":"2026-06-08 17:10:36","level":"INFO","logger":"org.hibernate.orm.jpa","message":"HHH008540: Processing PersistenceUnitInfo [name: default]"}{"timestamp":"2026-06-08 17:10:36","level":"INFO","logger":"org.springframework.orm.jpa.persistenceunit.SpringPersistenceUnitInfo","message":"No LoadTimeWeaver setup: ignoring JPA class transformer"}{"timestamp":"2026-06-08 17:10:36","level":"INFO","logger":"com.zaxxer.hikari.HikariDataSource","message":"HikariPool-2 - Starting..."}{"timestamp":"2026-06-08 17:10:36","level":"INFO","logger":"com.zaxxer.hikari.pool.HikariPool","message":"HikariPool-2 - Added connection com.mysql.cj.jdbc.ConnectionImpl@61df6c30"}{"timestamp":"2026-06-08 17:10:36","level":"INFO","logger":"com.zaxxer.hikari.HikariDataSource","message":"HikariPool-2 - Start completed."}{"timestamp":"2026-06-08 17:10:36","level":"WARN","logger":"org.hibernate.orm.deprecation","message":"HHH90000025: MySQLDialect does not need to be specified explicitly using 'hibernate.dialect' (remove the property setting and it will be selected by default)"}{"timestamp":"2026-06-08 17:10:36","level":"INFO","logger":"org.hibernate.orm.connections.pooling","message":"HHH10001005: Database info:
	Database JDBC URL [jdbc:mysql://localhost:3306/jobportaldb?useSSL=false&serverTimezone=UTC&allowPublicKeyRetrieval=true]
	Database driver: MySQL Connector/J
	Database dialect: MySQLDialect
	Database version: 8.0.46
	Default catalog/schema: jobportaldb/undefined
	Autocommit mode: undefined/unknown
	Isolation level: REPEATABLE_READ [default REPEATABLE_READ]
	JDBC fetch size: none
	Pool: DataSourceConnectionProvider
	Minimum pool size: undefined/unknown
	Maximum pool size: undefined/unknown"}{"timestamp":"2026-06-08 17:10:36","level":"DEBUG","logger":"org.hibernate.tool.schema.spi.SchemaManagementToolCoordinator","message":"No schema actions specified for contributor 'orm'"}{"timestamp":"2026-06-08 17:10:36","level":"INFO","logger":"org.hibernate.orm.core","message":"HHH000489: No JTA platform available (set 'hibernate.transaction.jta.platform' to enable JTA platform integration)"}{"timestamp":"2026-06-08 17:10:36","level":"DEBUG","logger":"org.hibernate.tool.schema.spi.SchemaManagementToolCoordinator","message":"No schema actions specified for contributor 'orm'"}{"timestamp":"2026-06-08 17:10:36","level":"DEBUG","logger":"org.hibernate.tool.schema.spi.SchemaManagementToolCoordinator","message":"No schema management actions found"}{"timestamp":"2026-06-08 17:10:36","level":"INFO","logger":"org.springframework.orm.jpa.LocalContainerEntityManagerFactoryBean","message":"Initialized JPA EntityManagerFactory for persistence unit 'default'"}{"timestamp":"2026-06-08 17:10:37","level":"WARN","logger":"org.springframework.boot.jpa.autoconfigure.JpaBaseConfiguration$JpaWebConfiguration","message":"spring.jpa.open-in-view is enabled by default. Therefore, database queries may be performed during view rendering. Explicitly configure spring.jpa.open-in-view to disable this warning"}{"timestamp":"2026-06-08 17:10:37","level":"INFO","logger":"org.springframework.security.config.annotation.authentication.configuration.InitializeAuthenticationProviderBeanManagerConfigurer$InitializeAuthenticationProviderManagerConfigurer","message":"Global AuthenticationManager configured with AuthenticationProvider bean with name jobPortalUsernamePwdAuthenticationProvider"}{"timestamp":"2026-06-08 17:10:37","level":"DEBUG","logger":"org.springframework.security.web.DefaultSecurityFilterChain","message":"Will secure any request with filters: DisableEncodeUrlFilter, WebAsyncManagerIntegrationFilter, SecurityContextHolderFilter, HeaderWriterFilter, CorsFilter, CsrfFilter, LogoutFilter, JwtTokenValidatorFilter, RequestCacheAwareFilter, SecurityContextHolderAwareRequestFilter, AnonymousAuthenticationFilter, ExceptionTranslationFilter, AuthorizationFilter"}{"timestamp":"2026-06-08 17:10:37","level":"INFO","logger":"org.apache.coyote.http11.Http11NioProtocol","message":"Starting ProtocolHandler ["http-nio-8080"]"}{"timestamp":"2026-06-08 17:10:37","level":"INFO","logger":"org.springframework.boot.tomcat.TomcatWebServer","message":"Tomcat started on port 8080 (http) with context path '/'"}{"timestamp":"2026-06-08 17:10:37","level":"INFO","logger":"org.springframework.boot.devtools.autoconfigure.ConditionEvaluationDeltaLoggingListener","message":"Condition evaluation unchanged"}{"timestamp":"2026-06-08 17:10:39","level":"INFO","logger":"org.springframework.boot.devtools.autoconfigure.LocalDevToolsAutoConfiguration$RestartingClassPathChangeChangedEventListener","message":"Restarting due to 1 class path change (0 additions, 0 deletions, 1 modification)"}{"timestamp":"2026-06-08 17:10:39","level":"INFO","logger":"org.springframework.boot.tomcat.GracefulShutdown","message":"Commencing graceful shutdown. Waiting for active requests to complete"}{"timestamp":"2026-06-08 17:10:39","level":"INFO","logger":"org.apache.coyote.http11.Http11NioProtocol","message":"Pausing ProtocolHandler ["http-nio-8080"]"}{"timestamp":"2026-06-08 17:10:39","level":"INFO","logger":"org.springframework.boot.tomcat.GracefulShutdown","message":"Graceful shutdown complete"}{"timestamp":"2026-06-08 17:10:39","level":"INFO","logger":"org.apache.coyote.http11.Http11NioProtocol","message":"Stopping ProtocolHandler ["http-nio-8080"]"}{"timestamp":"2026-06-08 17:10:39","level":"INFO","logger":"org.springframework.orm.jpa.LocalContainerEntityManagerFactoryBean","message":"Closing JPA EntityManagerFactory for persistence unit 'default'"}{"timestamp":"2026-06-08 17:10:39","level":"INFO","logger":"com.zaxxer.hikari.HikariDataSource","message":"HikariPool-2 - Shutdown initiated..."}{"timestamp":"2026-06-08 17:10:39","level":"INFO","logger":"com.zaxxer.hikari.HikariDataSource","message":"HikariPool-2 - Shutdown completed."}{"timestamp":"2026-06-08 17:10:39","level":"INFO","logger":"org.springframework.data.repository.config.RepositoryConfigurationDelegate","message":"Bootstrapping Spring Data JPA repositories in DEFAULT mode."}{"timestamp":"2026-06-08 17:10:39","level":"INFO","logger":"org.springframework.data.repository.config.RepositoryConfigurationDelegate","message":"Finished Spring Data repository scanning in 60 ms. Found 4 JPA repository interfaces."}{"timestamp":"2026-06-08 17:10:39","level":"INFO","logger":"org.springframework.boot.tomcat.TomcatWebServer","message":"Tomcat initialized with port 8080 (http)"}{"timestamp":"2026-06-08 17:10:39","level":"INFO","logger":"org.apache.coyote.http11.Http11NioProtocol","message":"Initializing ProtocolHandler ["http-nio-8080"]"}{"timestamp":"2026-06-08 17:10:39","level":"INFO","logger":"org.apache.catalina.core.StandardService","message":"Starting service [Tomcat]"}{"timestamp":"2026-06-08 17:10:39","level":"INFO","logger":"org.apache.catalina.core.StandardEngine","message":"Starting Servlet engine: [Apache Tomcat/11.0.20]"}{"timestamp":"2026-06-08 17:10:39","level":"INFO","logger":"org.springframework.boot.web.context.servlet.WebApplicationContextInitializer","message":"Root WebApplicationContext: initialization completed in 503 ms"}{"timestamp":"2026-06-08 17:10:39","level":"INFO","logger":"org.hibernate.orm.jpa","message":"HHH008540: Processing PersistenceUnitInfo [name: default]"}{"timestamp":"2026-06-08 17:10:39","level":"INFO","logger":"org.springframework.orm.jpa.persistenceunit.SpringPersistenceUnitInfo","message":"No LoadTimeWeaver setup: ignoring JPA class transformer"}{"timestamp":"2026-06-08 17:10:39","level":"INFO","logger":"com.zaxxer.hikari.HikariDataSource","message":"HikariPool-3 - Starting..."}{"timestamp":"2026-06-08 17:10:39","level":"INFO","logger":"com.zaxxer.hikari.pool.HikariPool","message":"HikariPool-3 - Added connection com.mysql.cj.jdbc.ConnectionImpl@79a5343f"}{"timestamp":"2026-06-08 17:10:39","level":"INFO","logger":"com.zaxxer.hikari.HikariDataSource","message":"HikariPool-3 - Start completed."}{"timestamp":"2026-06-08 17:10:39","level":"WARN","logger":"org.hibernate.orm.deprecation","message":"HHH90000025: MySQLDialect does not need to be specified explicitly using 'hibernate.dialect' (remove the property setting and it will be selected by default)"}{"timestamp":"2026-06-08 17:10:39","level":"INFO","logger":"org.hibernate.orm.connections.pooling","message":"HHH10001005: Database info:
	Database JDBC URL [jdbc:mysql://localhost:3306/jobportaldb?useSSL=false&serverTimezone=UTC&allowPublicKeyRetrieval=true]
	Database driver: MySQL Connector/J
	Database dialect: MySQLDialect
	Database version: 8.0.46
	Default catalog/schema: jobportaldb/undefined
	Autocommit mode: undefined/unknown
	Isolation level: REPEATABLE_READ [default REPEATABLE_READ]
	JDBC fetch size: none
	Pool: DataSourceConnectionProvider
	Minimum pool size: undefined/unknown
	Maximum pool size: undefined/unknown"}{"timestamp":"2026-06-08 17:10:40","level":"DEBUG","logger":"org.hibernate.tool.schema.spi.SchemaManagementToolCoordinator","message":"No schema actions specified for contributor 'orm'"}{"timestamp":"2026-06-08 17:10:40","level":"INFO","logger":"org.hibernate.orm.core","message":"HHH000489: No JTA platform available (set 'hibernate.transaction.jta.platform' to enable JTA platform integration)"}{"timestamp":"2026-06-08 17:10:40","level":"DEBUG","logger":"org.hibernate.tool.schema.spi.SchemaManagementToolCoordinator","message":"No schema actions specified for contributor 'orm'"}{"timestamp":"2026-06-08 17:10:40","level":"DEBUG","logger":"org.hibernate.tool.schema.spi.SchemaManagementToolCoordinator","message":"No schema management actions found"}{"timestamp":"2026-06-08 17:10:40","level":"INFO","logger":"org.springframework.orm.jpa.LocalContainerEntityManagerFactoryBean","message":"Initialized JPA EntityManagerFactory for persistence unit 'default'"}{"timestamp":"2026-06-08 17:10:40","level":"WARN","logger":"org.springframework.boot.jpa.autoconfigure.JpaBaseConfiguration$JpaWebConfiguration","message":"spring.jpa.open-in-view is enabled by default. Therefore, database queries may be performed during view rendering. Explicitly configure spring.jpa.open-in-view to disable this warning"}{"timestamp":"2026-06-08 17:10:40","level":"INFO","logger":"org.springframework.security.config.annotation.authentication.configuration.InitializeAuthenticationProviderBeanManagerConfigurer$InitializeAuthenticationProviderManagerConfigurer","message":"Global AuthenticationManager configured with AuthenticationProvider bean with name jobPortalUsernamePwdAuthenticationProvider"}{"timestamp":"2026-06-08 17:10:40","level":"DEBUG","logger":"org.springframework.security.web.DefaultSecurityFilterChain","message":"Will secure any request with filters: DisableEncodeUrlFilter, WebAsyncManagerIntegrationFilter, SecurityContextHolderFilter, HeaderWriterFilter, CorsFilter, CsrfFilter, LogoutFilter, JwtTokenValidatorFilter, RequestCacheAwareFilter, SecurityContextHolderAwareRequestFilter, AnonymousAuthenticationFilter, ExceptionTranslationFilter, AuthorizationFilter"}{"timestamp":"2026-06-08 17:10:41","level":"INFO","logger":"org.apache.coyote.http11.Http11NioProtocol","message":"Starting ProtocolHandler ["http-nio-8080"]"}{"timestamp":"2026-06-08 17:10:41","level":"INFO","logger":"org.springframework.boot.tomcat.TomcatWebServer","message":"Tomcat started on port 8080 (http) with context path '/'"}{"timestamp":"2026-06-08 17:10:41","level":"INFO","logger":"org.springframework.boot.devtools.autoconfigure.ConditionEvaluationDeltaLoggingListener","message":"Condition evaluation unchanged"}{"timestamp":"2026-06-08 17:10:44","level":"INFO","logger":"org.springframework.boot.devtools.autoconfigure.LocalDevToolsAutoConfiguration$RestartingClassPathChangeChangedEventListener","message":"Restarting due to 1 class path change (0 additions, 0 deletions, 1 modification)"}{"timestamp":"2026-06-08 17:10:44","level":"INFO","logger":"org.springframework.boot.tomcat.GracefulShutdown","message":"Commencing graceful shutdown. Waiting for active requests to complete"}{"timestamp":"2026-06-08 17:10:44","level":"INFO","logger":"org.apache.coyote.http11.Http11NioProtocol","message":"Pausing ProtocolHandler ["http-nio-8080"]"}{"timestamp":"2026-06-08 17:10:44","level":"INFO","logger":"org.springframework.boot.tomcat.GracefulShutdown","message":"Graceful shutdown complete"}{"timestamp":"2026-06-08 17:10:44","level":"INFO","logger":"org.apache.coyote.http11.Http11NioProtocol","message":"Stopping ProtocolHandler ["http-nio-8080"]"}{"timestamp":"2026-06-08 17:10:44","level":"INFO","logger":"org.springframework.orm.jpa.LocalContainerEntityManagerFactoryBean","message":"Closing JPA EntityManagerFactory for persistence unit 'default'"}{"timestamp":"2026-06-08 17:10:44","level":"INFO","logger":"com.zaxxer.hikari.HikariDataSource","message":"HikariPool-3 - Shutdown initiated..."}{"timestamp":"2026-06-08 17:10:44","level":"INFO","logger":"com.zaxxer.hikari.HikariDataSource","message":"HikariPool-3 - Shutdown completed."}{"timestamp":"2026-06-08 17:10:45","level":"INFO","logger":"org.springframework.data.repository.config.RepositoryConfigurationDelegate","message":"Bootstrapping Spring Data JPA repositories in DEFAULT mode."}{"timestamp":"2026-06-08 17:10:45","level":"INFO","logger":"org.springframework.data.repository.config.RepositoryConfigurationDelegate","message":"Finished Spring Data repository scanning in 56 ms. Found 4 JPA repository interfaces."}{"timestamp":"2026-06-08 17:10:46","level":"INFO","logger":"org.springframework.boot.tomcat.TomcatWebServer","message":"Tomcat initialized with port 8080 (http)"}{"timestamp":"2026-06-08 17:10:46","level":"INFO","logger":"org.apache.coyote.http11.Http11NioProtocol","message":"Initializing ProtocolHandler ["http-nio-8080"]"}{"timestamp":"2026-06-08 17:10:46","level":"INFO","logger":"org.apache.catalina.core.StandardService","message":"Starting service [Tomcat]"}{"timestamp":"2026-06-08 17:10:46","level":"INFO","logger":"org.apache.catalina.core.StandardEngine","message":"Starting Servlet engine: [Apache Tomcat/11.0.20]"}{"timestamp":"2026-06-08 17:10:46","level":"INFO","logger":"org.springframework.boot.web.context.servlet.WebApplicationContextInitializer","message":"Root WebApplicationContext: initialization completed in 1214 ms"}{"timestamp":"2026-06-08 17:10:46","level":"INFO","logger":"org.hibernate.orm.jpa","message":"HHH008540: Processing PersistenceUnitInfo [name: default]"}{"timestamp":"2026-06-08 17:10:46","level":"INFO","logger":"org.springframework.orm.jpa.persistenceunit.SpringPersistenceUnitInfo","message":"No LoadTimeWeaver setup: ignoring JPA class transformer"}{"timestamp":"2026-06-08 17:10:46","level":"INFO","logger":"com.zaxxer.hikari.HikariDataSource","message":"HikariPool-4 - Starting..."}{"timestamp":"2026-06-08 17:10:46","level":"INFO","logger":"com.zaxxer.hikari.pool.HikariPool","message":"HikariPool-4 - Added connection com.mysql.cj.jdbc.ConnectionImpl@14520b0b"}{"timestamp":"2026-06-08 17:10:46","level":"INFO","logger":"com.zaxxer.hikari.HikariDataSource","message":"HikariPool-4 - Start completed."}{"timestamp":"2026-06-08 17:10:46","level":"WARN","logger":"org.hibernate.orm.deprecation","message":"HHH90000025: MySQLDialect does not need to be specified explicitly using 'hibernate.dialect' (remove the property setting and it will be selected by default)"}{"timestamp":"2026-06-08 17:10:46","level":"INFO","logger":"org.hibernate.orm.connections.pooling","message":"HHH10001005: Database info:
	Database JDBC URL [jdbc:mysql://localhost:3306/jobportaldb?useSSL=false&serverTimezone=UTC&allowPublicKeyRetrieval=true]
	Database driver: MySQL Connector/J
	Database dialect: MySQLDialect
	Database version: 8.0.46
	Default catalog/schema: jobportaldb/undefined
	Autocommit mode: undefined/unknown
	Isolation level: REPEATABLE_READ [default REPEATABLE_READ]
	JDBC fetch size: none
	Pool: DataSourceConnectionProvider
	Minimum pool size: undefined/unknown
	Maximum pool size: undefined/unknown"}{"timestamp":"2026-06-08 17:10:46","level":"DEBUG","logger":"org.hibernate.tool.schema.spi.SchemaManagementToolCoordinator","message":"No schema actions specified for contributor 'orm'"}{"timestamp":"2026-06-08 17:10:46","level":"INFO","logger":"org.hibernate.orm.core","message":"HHH000489: No JTA platform available (set 'hibernate.transaction.jta.platform' to enable JTA platform integration)"}{"timestamp":"2026-06-08 17:10:46","level":"DEBUG","logger":"org.hibernate.tool.schema.spi.SchemaManagementToolCoordinator","message":"No schema actions specified for contributor 'orm'"}{"timestamp":"2026-06-08 17:10:46","level":"DEBUG","logger":"org.hibernate.tool.schema.spi.SchemaManagementToolCoordinator","message":"No schema management actions found"}{"timestamp":"2026-06-08 17:10:46","level":"INFO","logger":"org.springframework.orm.jpa.LocalContainerEntityManagerFactoryBean","message":"Initialized JPA EntityManagerFactory for persistence unit 'default'"}{"timestamp":"2026-06-08 17:10:47","level":"WARN","logger":"org.springframework.boot.jpa.autoconfigure.JpaBaseConfiguration$JpaWebConfiguration","message":"spring.jpa.open-in-view is enabled by default. Therefore, database queries may be performed during view rendering. Explicitly configure spring.jpa.open-in-view to disable this warning"}{"timestamp":"2026-06-08 17:10:47","level":"INFO","logger":"org.springframework.security.config.annotation.authentication.configuration.InitializeAuthenticationProviderBeanManagerConfigurer$InitializeAuthenticationProviderManagerConfigurer","message":"Global AuthenticationManager configured with AuthenticationProvider bean with name jobPortalUsernamePwdAuthenticationProvider"}{"timestamp":"2026-06-08 17:10:47","level":"DEBUG","logger":"org.springframework.security.web.DefaultSecurityFilterChain","message":"Will secure any request with filters: DisableEncodeUrlFilter, WebAsyncManagerIntegrationFilter, SecurityContextHolderFilter, HeaderWriterFilter, CorsFilter, CsrfFilter, LogoutFilter, JwtTokenValidatorFilter, RequestCacheAwareFilter, SecurityContextHolderAwareRequestFilter, AnonymousAuthenticationFilter, ExceptionTranslationFilter, AuthorizationFilter"}{"timestamp":"2026-06-08 17:10:47","level":"INFO","logger":"org.apache.coyote.http11.Http11NioProtocol","message":"Starting ProtocolHandler ["http-nio-8080"]"}{"timestamp":"2026-06-08 17:10:47","level":"INFO","logger":"org.springframework.boot.tomcat.TomcatWebServer","message":"Tomcat started on port 8080 (http) with context path '/'"}{"timestamp":"2026-06-08 17:10:47","level":"INFO","logger":"org.springframework.boot.devtools.autoconfigure.ConditionEvaluationDeltaLoggingListener","message":"Condition evaluation unchanged"}{"timestamp":"2026-06-08 17:10:49","level":"INFO","logger":"org.springframework.boot.devtools.autoconfigure.LocalDevToolsAutoConfiguration$RestartingClassPathChangeChangedEventListener","message":"Restarting due to 1 class path change (0 additions, 0 deletions, 1 modification)"}{"timestamp":"2026-06-08 17:10:49","level":"INFO","logger":"org.springframework.boot.tomcat.GracefulShutdown","message":"Commencing graceful shutdown. Waiting for active requests to complete"}{"timestamp":"2026-06-08 17:10:49","level":"INFO","logger":"org.apache.coyote.http11.Http11NioProtocol","message":"Pausing ProtocolHandler ["http-nio-8080"]"}{"timestamp":"2026-06-08 17:10:49","level":"INFO","logger":"org.springframework.boot.tomcat.GracefulShutdown","message":"Graceful shutdown complete"}{"timestamp":"2026-06-08 17:10:49","level":"INFO","logger":"org.apache.coyote.http11.Http11NioProtocol","message":"Stopping ProtocolHandler ["http-nio-8080"]"}{"timestamp":"2026-06-08 17:10:49","level":"INFO","logger":"org.springframework.orm.jpa.LocalContainerEntityManagerFactoryBean","message":"Closing JPA EntityManagerFactory for persistence unit 'default'"}{"timestamp":"2026-06-08 17:10:49","level":"INFO","logger":"com.zaxxer.hikari.HikariDataSource","message":"HikariPool-4 - Shutdown initiated..."}{"timestamp":"2026-06-08 17:10:49","level":"INFO","logger":"com.zaxxer.hikari.HikariDataSource","message":"HikariPool-4 - Shutdown completed."}{"timestamp":"2026-06-08 17:10:49","level":"INFO","logger":"org.springframework.data.repository.config.RepositoryConfigurationDelegate","message":"Bootstrapping Spring Data JPA repositories in DEFAULT mode."}{"timestamp":"2026-06-08 17:10:49","level":"INFO","logger":"org.springframework.data.repository.config.RepositoryConfigurationDelegate","message":"Finished Spring Data repository scanning in 62 ms. Found 4 JPA repository interfaces."}{"timestamp":"2026-06-08 17:10:49","level":"INFO","logger":"org.springframework.boot.tomcat.TomcatWebServer","message":"Tomcat initialized with port 8080 (http)"}{"timestamp":"2026-06-08 17:10:49","level":"INFO","logger":"org.apache.coyote.http11.Http11NioProtocol","message":"Initializing ProtocolHandler ["http-nio-8080"]"}{"timestamp":"2026-06-08 17:10:49","level":"INFO","logger":"org.apache.catalina.core.StandardService","message":"Starting service [Tomcat]"}{"timestamp":"2026-06-08 17:10:49","level":"INFO","logger":"org.apache.catalina.core.StandardEngine","message":"Starting Servlet engine: [Apache Tomcat/11.0.20]"}{"timestamp":"2026-06-08 17:10:49","level":"INFO","logger":"org.springframework.boot.web.context.servlet.WebApplicationContextInitializer","message":"Root WebApplicationContext: initialization completed in 696 ms"}{"timestamp":"2026-06-08 17:10:50","level":"INFO","logger":"org.hibernate.orm.jpa","message":"HHH008540: Processing PersistenceUnitInfo [name: default]"}{"timestamp":"2026-06-08 17:10:50","level":"INFO","logger":"org.springframework.orm.jpa.persistenceunit.SpringPersistenceUnitInfo","message":"No LoadTimeWeaver setup: ignoring JPA class transformer"}{"timestamp":"2026-06-08 17:10:50","level":"INFO","logger":"com.zaxxer.hikari.HikariDataSource","message":"HikariPool-5 - Starting..."}{"timestamp":"2026-06-08 17:10:50","level":"INFO","logger":"com.zaxxer.hikari.pool.HikariPool","message":"HikariPool-5 - Added connection com.mysql.cj.jdbc.ConnectionImpl@e793d84"}{"timestamp":"2026-06-08 17:10:50","level":"INFO","logger":"com.zaxxer.hikari.HikariDataSource","message":"HikariPool-5 - Start completed."}{"timestamp":"2026-06-08 17:10:50","level":"WARN","logger":"org.hibernate.orm.deprecation","message":"HHH90000025: MySQLDialect does not need to be specified explicitly using 'hibernate.dialect' (remove the property setting and it will be selected by default)"}{"timestamp":"2026-06-08 17:10:50","level":"INFO","logger":"org.hibernate.orm.connections.pooling","message":"HHH10001005: Database info:
	Database JDBC URL [jdbc:mysql://localhost:3306/jobportaldb?useSSL=false&serverTimezone=UTC&allowPublicKeyRetrieval=true]
	Database driver: MySQL Connector/J
	Database dialect: MySQLDialect
	Database version: 8.0.46
	Default catalog/schema: jobportaldb/undefined
	Autocommit mode: undefined/unknown
	Isolation level: REPEATABLE_READ [default REPEATABLE_READ]
	JDBC fetch size: none
	Pool: DataSourceConnectionProvider
	Minimum pool size: undefined/unknown
	Maximum pool size: undefined/unknown"}{"timestamp":"2026-06-08 17:10:50","level":"DEBUG","logger":"org.hibernate.tool.schema.spi.SchemaManagementToolCoordinator","message":"No schema actions specified for contributor 'orm'"}{"timestamp":"2026-06-08 17:10:50","level":"INFO","logger":"org.hibernate.orm.core","message":"HHH000489: No JTA platform available (set 'hibernate.transaction.jta.platform' to enable JTA platform integration)"}{"timestamp":"2026-06-08 17:10:50","level":"DEBUG","logger":"org.hibernate.tool.schema.spi.SchemaManagementToolCoordinator","message":"No schema actions specified for contributor 'orm'"}{"timestamp":"2026-06-08 17:10:50","level":"DEBUG","logger":"org.hibernate.tool.schema.spi.SchemaManagementToolCoordinator","message":"No schema management actions found"}{"timestamp":"2026-06-08 17:10:50","level":"INFO","logger":"org.springframework.orm.jpa.LocalContainerEntityManagerFactoryBean","message":"Initialized JPA EntityManagerFactory for persistence unit 'default'"}{"timestamp":"2026-06-08 17:10:50","level":"WARN","logger":"org.springframework.boot.jpa.autoconfigure.JpaBaseConfiguration$JpaWebConfiguration","message":"spring.jpa.open-in-view is enabled by default. Therefore, database queries may be performed during view rendering. Explicitly configure spring.jpa.open-in-view to disable this warning"}{"timestamp":"2026-06-08 17:10:50","level":"INFO","logger":"org.springframework.security.config.annotation.authentication.configuration.InitializeAuthenticationProviderBeanManagerConfigurer$InitializeAuthenticationProviderManagerConfigurer","message":"Global AuthenticationManager configured with AuthenticationProvider bean with name jobPortalUsernamePwdAuthenticationProvider"}{"timestamp":"2026-06-08 17:10:50","level":"DEBUG","logger":"org.springframework.security.web.DefaultSecurityFilterChain","message":"Will secure any request with filters: DisableEncodeUrlFilter, WebAsyncManagerIntegrationFilter, SecurityContextHolderFilter, HeaderWriterFilter, CorsFilter, CsrfFilter, LogoutFilter, JwtTokenValidatorFilter, RequestCacheAwareFilter, SecurityContextHolderAwareRequestFilter, AnonymousAuthenticationFilter, ExceptionTranslationFilter, AuthorizationFilter"}{"timestamp":"2026-06-08 17:10:50","level":"INFO","logger":"org.apache.coyote.http11.Http11NioProtocol","message":"Starting ProtocolHandler ["http-nio-8080"]"}{"timestamp":"2026-06-08 17:10:50","level":"INFO","logger":"org.springframework.boot.tomcat.TomcatWebServer","message":"Tomcat started on port 8080 (http) with context path '/'"}{"timestamp":"2026-06-08 17:10:50","level":"INFO","logger":"org.springframework.boot.devtools.autoconfigure.ConditionEvaluationDeltaLoggingListener","message":"Condition evaluation unchanged"}{"timestamp":"2026-06-08 17:13:23","level":"INFO","logger":"org.apache.catalina.core.ContainerBase.[Tomcat].[localhost].[/]","message":"Initializing Spring DispatcherServlet 'dispatcherServlet'"}{"timestamp":"2026-06-08 17:13:23","level":"INFO","logger":"org.springframework.web.servlet.DispatcherServlet","message":"Initializing Servlet 'dispatcherServlet'"}{"timestamp":"2026-06-08 17:13:23","level":"INFO","logger":"org.springframework.web.servlet.DispatcherServlet","message":"Completed initialization in 1 ms"}{"timestamp":"2026-06-08 17:13:23","level":"DEBUG","logger":"org.springframework.security.web.FilterChainProxy","message":"Securing GET /api/contacts/page/admin?page=2&size=10&sortBy=idt&sortAsc=asc"}{"timestamp":"2026-06-08 17:13:23","level":"DEBUG","logger":"org.springframework.security.web.FilterChainProxy","message":"Secured GET /api/contacts/page/admin?page=2&size=10&sortBy=idt&sortAsc=asc"}{"timestamp":"2026-06-08 17:13:23","level":"ERROR","logger":"com.eazybytes.jobportal.aspect.ExceptionAuditAspect","message":"❌ Exception occurred in method: ContactRepository.findContactByStatus(..)"}{"timestamp":"2026-06-08 17:13:23","level":"ERROR","logger":"com.eazybytes.jobportal.aspect.ExceptionAuditAspect","message":"📥 Arguments: [Page request [number: 2, size 10, sort: idt: ASC], NEW]"}{"timestamp":"2026-06-08 17:13:23","level":"ERROR","logger":"com.eazybytes.jobportal.aspect.ExceptionAuditAspect","message":"💥 Exception type: PropertyReferenceException"}{"timestamp":"2026-06-08 17:13:23","level":"ERROR","logger":"com.eazybytes.jobportal.aspect.ExceptionAuditAspect","message":"🧾 Exception message: No property 'idt' found for type 'Contact'; Did you mean 'id'"}{"timestamp":"2026-06-08 17:13:23","level":"ERROR","logger":"com.eazybytes.jobportal.aspect.ExceptionAuditAspect","message":"❌ Exception occurred in method: ContactServiceImpl.fetchContactMsgsWithPagination(..)"}{"timestamp":"2026-06-08 17:13:23","level":"ERROR","logger":"com.eazybytes.jobportal.aspect.ExceptionAuditAspect","message":"📥 Arguments: [2, 10, idt, asc]"}{"timestamp":"2026-06-08 17:13:23","level":"ERROR","logger":"com.eazybytes.jobportal.aspect.ExceptionAuditAspect","message":"💥 Exception type: PropertyReferenceException"}{"timestamp":"2026-06-08 17:13:23","level":"ERROR","logger":"com.eazybytes.jobportal.aspect.ExceptionAuditAspect","message":"🧾 Exception message: No property 'idt' found for type 'Contact'; Did you mean 'id'"}{"timestamp":"2026-06-08 17:13:23","level":"ERROR","logger":"com.eazybytes.jobportal.aspect.ExceptionAuditAspect","message":"❌ Exception occurred in method: ContactController.fetchContactMsgsWithPagination(..)"}{"timestamp":"2026-06-08 17:13:23","level":"ERROR","logger":"com.eazybytes.jobportal.aspect.ExceptionAuditAspect","message":"📥 Arguments: [2, 10, idt, asc]"}{"timestamp":"2026-06-08 17:13:23","level":"ERROR","logger":"com.eazybytes.jobportal.aspect.ExceptionAuditAspect","message":"💥 Exception type: PropertyReferenceException"}{"timestamp":"2026-06-08 17:13:23","level":"ERROR","logger":"com.eazybytes.jobportal.aspect.ExceptionAuditAspect","message":"🧾 Exception message: No property 'idt' found for type 'Contact'; Did you mean 'id'"}{"timestamp":"2026-06-08 17:13:23","level":"WARN","logger":"org.springframework.web.servlet.mvc.method.annotation.ExceptionHandlerExceptionResolver","message":"Resolved [org.springframework.data.core.PropertyReferenceException: No property 'idt' found for type 'Contact'; Did you mean 'id']"}{"timestamp":"2026-06-08 17:13:39","level":"DEBUG","logger":"org.springframework.security.web.FilterChainProxy","message":"Securing GET /api/csrf-token/public"}{"timestamp":"2026-06-08 17:13:39","level":"DEBUG","logger":"org.springframework.security.web.FilterChainProxy","message":"Secured GET /api/csrf-token/public"}{"timestamp":"2026-06-08 17:13:39","level":"DEBUG","logger":"org.springframework.security.web.authentication.AnonymousAuthenticationFilter","message":"Set SecurityContextHolder to anonymous SecurityContext"}{"timestamp":"2026-06-08 17:14:01","level":"DEBUG","logger":"org.springframework.security.web.FilterChainProxy","message":"Securing POST /api/auth/login/public"}{"timestamp":"2026-06-08 17:14:01","level":"DEBUG","logger":"org.springframework.security.web.FilterChainProxy","message":"Secured POST /api/auth/login/public"}{"timestamp":"2026-06-08 17:14:01","level":"DEBUG","logger":"org.hibernate.SQL","message":"
    select
        jpu1_0.id,
        jpu1_0.company_id,
        jpu1_0.created_at,
        jpu1_0.created_by,
        jpu1_0.email,
        jpu1_0.mobile_number,
        jpu1_0.name,
        jpu1_0.password_hash,
        jpu1_0.role_id,
        jpu1_0.updated_at,
        jpu1_0.updated_by 
    from
        users jpu1_0 
    where
        jpu1_0.email=?"}{"timestamp":"2026-06-08 17:14:01","level":"DEBUG","logger":"org.hibernate.SQL","message":"
    select
        r1_0.id,
        r1_0.created_at,
        r1_0.created_by,
        r1_0.name,
        r1_0.updated_at,
        r1_0.updated_by 
    from
        roles r1_0 
    where
        r1_0.id=?"}{"timestamp":"2026-06-08 17:14:01","level":"DEBUG","logger":"org.springframework.security.web.authentication.AnonymousAuthenticationFilter","message":"Set SecurityContextHolder to anonymous SecurityContext"}{"timestamp":"2026-06-08 17:14:18","level":"DEBUG","logger":"org.springframework.security.web.FilterChainProxy","message":"Securing GET /api/contacts/page/admin?page=2&size=10&sortBy=idt&sortAsc=asc"}{"timestamp":"2026-06-08 17:14:18","level":"DEBUG","logger":"org.springframework.security.web.FilterChainProxy","message":"Secured GET /api/contacts/page/admin?page=2&size=10&sortBy=idt&sortAsc=asc"}{"timestamp":"2026-06-08 17:14:18","level":"ERROR","logger":"com.eazybytes.jobportal.aspect.ExceptionAuditAspect","message":"❌ Exception occurred in method: ContactRepository.findContactByStatus(..)"}{"timestamp":"2026-06-08 17:14:18","level":"ERROR","logger":"com.eazybytes.jobportal.aspect.ExceptionAuditAspect","message":"📥 Arguments: [Page request [number: 2, size 10, sort: idt: ASC], NEW]"}{"timestamp":"2026-06-08 17:14:18","level":"ERROR","logger":"com.eazybytes.jobportal.aspect.ExceptionAuditAspect","message":"💥 Exception type: PropertyReferenceException"}{"timestamp":"2026-06-08 17:14:18","level":"ERROR","logger":"com.eazybytes.jobportal.aspect.ExceptionAuditAspect","message":"🧾 Exception message: No property 'idt' found for type 'Contact'; Did you mean 'id'"}{"timestamp":"2026-06-08 17:14:18","level":"ERROR","logger":"com.eazybytes.jobportal.aspect.ExceptionAuditAspect","message":"❌ Exception occurred in method: ContactServiceImpl.fetchContactMsgsWithPagination(..)"}{"timestamp":"2026-06-08 17:14:18","level":"ERROR","logger":"com.eazybytes.jobportal.aspect.ExceptionAuditAspect","message":"📥 Arguments: [2, 10, idt, asc]"}{"timestamp":"2026-06-08 17:14:18","level":"ERROR","logger":"com.eazybytes.jobportal.aspect.ExceptionAuditAspect","message":"💥 Exception type: PropertyReferenceException"}{"timestamp":"2026-06-08 17:14:18","level":"ERROR","logger":"com.eazybytes.jobportal.aspect.ExceptionAuditAspect","message":"🧾 Exception message: No property 'idt' found for type 'Contact'; Did you mean 'id'"}{"timestamp":"2026-06-08 17:14:18","level":"ERROR","logger":"com.eazybytes.jobportal.aspect.ExceptionAuditAspect","message":"❌ Exception occurred in method: ContactController.fetchContactMsgsWithPagination(..)"}{"timestamp":"2026-06-08 17:14:18","level":"ERROR","logger":"com.eazybytes.jobportal.aspect.ExceptionAuditAspect","message":"📥 Arguments: [2, 10, idt, asc]"}{"timestamp":"2026-06-08 17:14:18","level":"ERROR","logger":"com.eazybytes.jobportal.aspect.ExceptionAuditAspect","message":"💥 Exception type: PropertyReferenceException"}{"timestamp":"2026-06-08 17:14:18","level":"ERROR","logger":"com.eazybytes.jobportal.aspect.ExceptionAuditAspect","message":"🧾 Exception message: No property 'idt' found for type 'Contact'; Did you mean 'id'"}{"timestamp":"2026-06-08 17:14:18","level":"WARN","logger":"org.springframework.web.servlet.mvc.method.annotation.ExceptionHandlerExceptionResolver","message":"Resolved [org.springframework.data.core.PropertyReferenceException: No property 'idt' found for type 'Contact'; Did you mean 'id']"}{"timestamp":"2026-06-08 17:14:27","level":"DEBUG","logger":"org.springframework.security.web.FilterChainProxy","message":"Securing GET /api/contacts/page/admin?page=2&size=10&sortBy=id&sortAsc=asc"}{"timestamp":"2026-06-08 17:14:27","level":"DEBUG","logger":"org.springframework.security.web.FilterChainProxy","message":"Secured GET /api/contacts/page/admin?page=2&size=10&sortBy=id&sortAsc=asc"}{"timestamp":"2026-06-08 17:14:27","level":"DEBUG","logger":"org.hibernate.SQL","message":"
    select
        c1_0.id,
        c1_0.created_at,
        c1_0.created_by,
        c1_0.email,
        c1_0.message,
        c1_0.name,
        c1_0.status,
        c1_0.subject,
        c1_0.updated_at,
        c1_0.updated_by,
        c1_0.user_type 
    from
        contacts c1_0 
    where
        c1_0.status=? 
    order by
        c1_0.id 
    limit
        ?, ?"}{"timestamp":"2026-06-08 17:14:27","level":"DEBUG","logger":"org.hibernate.SQL","message":"
    select
        count(c1_0.id) 
    from
        contacts c1_0 
    where
        c1_0.status=?"}{"timestamp":"2026-06-08 17:14:27","level":"WARN","logger":"org.springframework.data.web.config.SpringDataJackson3Configuration$PageModule$WarningLoggingModifier","message":"Serializing PageImpl instances as-is is not supported, meaning that there is no guarantee about the stability of the resulting JSON structure!
	For a stable JSON structure, please use Spring Data's PagedModel (globally via @EnableSpringDataWebSupport(pageSerializationMode = VIA_DTO))
	or Spring HATEOAS and Spring Data's PagedResourcesAssembler as documented in https://docs.spring.io/spring-data/commons/reference/repositories/core-extensions.html#core.web.pageables.
"}{"timestamp":"2026-06-08 17:14:43","level":"DEBUG","logger":"org.springframework.security.web.FilterChainProxy","message":"Securing GET /api/contacts/page/admin?page=1&size=5&sortBy=id&sortAsc=asc"}{"timestamp":"2026-06-08 17:14:43","level":"DEBUG","logger":"org.springframework.security.web.FilterChainProxy","message":"Secured GET /api/contacts/page/admin?page=1&size=5&sortBy=id&sortAsc=asc"}{"timestamp":"2026-06-08 17:14:43","level":"DEBUG","logger":"org.hibernate.SQL","message":"
    select
        c1_0.id,
        c1_0.created_at,
        c1_0.created_by,
        c1_0.email,
        c1_0.message,
        c1_0.name,
        c1_0.status,
        c1_0.subject,
        c1_0.updated_at,
        c1_0.updated_by,
        c1_0.user_type 
    from
        contacts c1_0 
    where
        c1_0.status=? 
    order by
        c1_0.id 
    limit
        ?, ?"}{"timestamp":"2026-06-08 17:14:43","level":"DEBUG","logger":"org.hibernate.SQL","message":"
    select
        count(c1_0.id) 
    from
        contacts c1_0 
    where
        c1_0.status=?"}{"timestamp":"2026-06-08 17:15:00","level":"DEBUG","logger":"org.springframework.security.web.FilterChainProxy","message":"Securing GET /api/contacts/page/admin?page=0&size=5&sortBy=id&sortAsc=asc"}{"timestamp":"2026-06-08 17:15:00","level":"DEBUG","logger":"org.springframework.security.web.FilterChainProxy","message":"Secured GET /api/contacts/page/admin?page=0&size=5&sortBy=id&sortAsc=asc"}{"timestamp":"2026-06-08 17:15:00","level":"DEBUG","logger":"org.hibernate.SQL","message":"
    select
        c1_0.id,
        c1_0.created_at,
        c1_0.created_by,
        c1_0.email,
        c1_0.message,
        c1_0.name,
        c1_0.status,
        c1_0.subject,
        c1_0.updated_at,
        c1_0.updated_by,
        c1_0.user_type 
    from
        contacts c1_0 
    where
        c1_0.status=? 
    order by
        c1_0.id 
    limit
        ?"}{"timestamp":"2026-06-08 17:15:00","level":"DEBUG","logger":"org.hibernate.SQL","message":"
    select
        count(c1_0.id) 
    from
        contacts c1_0 
    where
        c1_0.status=?"}{"timestamp":"2026-06-08 17:16:38","level":"DEBUG","logger":"org.springframework.security.web.FilterChainProxy","message":"Securing GET /api/companies/public"}{"timestamp":"2026-06-08 17:16:38","level":"DEBUG","logger":"org.springframework.security.web.FilterChainProxy","message":"Secured GET /api/companies/public"}{"timestamp":"2026-06-08 17:16:38","level":"DEBUG","logger":"org.hibernate.SQL","message":"
    select
        distinct c1_0.id,
        c1_0.created_at,
        c1_0.created_by,
        c1_0.description,
        c1_0.employees,
        c1_0.founded,
        c1_0.industry,
        j1_0.company_id,
        j1_0.id,
        j1_0.application_deadline,
        j1_0.applications_count,
        j1_0.benefits,
        j1_0.category,
        j1_0.created_at,
        j1_0.created_by,
        j1_0.description,
        j1_0.experience_level,
        j1_0.featured,
        j1_0.job_type,
        j1_0.location,
        j1_0.posted_date,
        j1_0.remote,
        j1_0.requirements,
        j1_0.salary_currency,
        j1_0.salary_max,
        j1_0.salary_min,
        j1_0.salary_period,
        j1_0.status,
        j1_0.title,
        j1_0.updated_at,
        j1_0.updated_by,
        j1_0.urgent,
        j1_0.work_type,
        c1_0.locations,
        c1_0.logo,
        c1_0.name,
        c1_0.rating,
        c1_0.size,
        c1_0.updated_at,
        c1_0.updated_by,
        c1_0.website 
    from
        companies c1_0 
    join
        jobs j1_0 
            on c1_0.id=j1_0.company_id 
    where
        j1_0.status=?"}{"timestamp":"2026-06-08 17:16:39","level":"DEBUG","logger":"org.springframework.security.web.FilterChainProxy","message":"Securing GET /api/companies/public"}{"timestamp":"2026-06-08 17:16:39","level":"DEBUG","logger":"org.springframework.security.web.FilterChainProxy","message":"Secured GET /api/companies/public"}{"timestamp":"2026-06-08 17:16:39","level":"DEBUG","logger":"org.hibernate.SQL","message":"
    select
        distinct c1_0.id,
        c1_0.created_at,
        c1_0.created_by,
        c1_0.description,
        c1_0.employees,
        c1_0.founded,
        c1_0.industry,
        j1_0.company_id,
        j1_0.id,
        j1_0.application_deadline,
        j1_0.applications_count,
        j1_0.benefits,
        j1_0.category,
        j1_0.created_at,
        j1_0.created_by,
        j1_0.description,
        j1_0.experience_level,
        j1_0.featured,
        j1_0.job_type,
        j1_0.location,
        j1_0.posted_date,
        j1_0.remote,
        j1_0.requirements,
        j1_0.salary_currency,
        j1_0.salary_max,
        j1_0.salary_min,
        j1_0.salary_period,
        j1_0.status,
        j1_0.title,
        j1_0.updated_at,
        j1_0.updated_by,
        j1_0.urgent,
        j1_0.work_type,
        c1_0.locations,
        c1_0.logo,
        c1_0.name,
        c1_0.rating,
        c1_0.size,
        c1_0.updated_at,
        c1_0.updated_by,
        c1_0.website 
    from
        companies c1_0 
    join
        jobs j1_0 
            on c1_0.id=j1_0.company_id 
    where
        j1_0.status=?"}{"timestamp":"2026-06-08 17:16:39","level":"DEBUG","logger":"org.springframework.security.web.authentication.AnonymousAuthenticationFilter","message":"Set SecurityContextHolder to anonymous SecurityContext"}{"timestamp":"2026-06-08 17:16:39","level":"DEBUG","logger":"org.springframework.security.web.authentication.AnonymousAuthenticationFilter","message":"Set SecurityContextHolder to anonymous SecurityContext"}{"timestamp":"2026-06-08 17:16:58","level":"DEBUG","logger":"org.springframework.security.web.FilterChainProxy","message":"Securing GET /api/csrf-token/public"}{"timestamp":"2026-06-08 17:16:58","level":"DEBUG","logger":"org.springframework.security.web.FilterChainProxy","message":"Secured GET /api/csrf-token/public"}{"timestamp":"2026-06-08 17:16:58","level":"DEBUG","logger":"org.springframework.security.web.authentication.AnonymousAuthenticationFilter","message":"Set SecurityContextHolder to anonymous SecurityContext"}{"timestamp":"2026-06-08 17:16:58","level":"DEBUG","logger":"org.springframework.security.web.FilterChainProxy","message":"Securing OPTIONS /api/auth/login/public"}{"timestamp":"2026-06-08 17:16:58","level":"DEBUG","logger":"org.springframework.security.web.FilterChainProxy","message":"Securing POST /api/auth/login/public"}{"timestamp":"2026-06-08 17:16:58","level":"DEBUG","logger":"org.springframework.security.web.FilterChainProxy","message":"Secured POST /api/auth/login/public"}{"timestamp":"2026-06-08 17:16:58","level":"DEBUG","logger":"org.hibernate.SQL","message":"
    select
        jpu1_0.id,
        jpu1_0.company_id,
        jpu1_0.created_at,
        jpu1_0.created_by,
        jpu1_0.email,
        jpu1_0.mobile_number,
        jpu1_0.name,
        jpu1_0.password_hash,
        jpu1_0.role_id,
        jpu1_0.updated_at,
        jpu1_0.updated_by 
    from
        users jpu1_0 
    where
        jpu1_0.email=?"}{"timestamp":"2026-06-08 17:16:58","level":"DEBUG","logger":"org.hibernate.SQL","message":"
    select
        r1_0.id,
        r1_0.created_at,
        r1_0.created_by,
        r1_0.name,
        r1_0.updated_at,
        r1_0.updated_by 
    from
        roles r1_0 
    where
        r1_0.id=?"}{"timestamp":"2026-06-08 17:16:58","level":"DEBUG","logger":"org.springframework.security.web.authentication.AnonymousAuthenticationFilter","message":"Set SecurityContextHolder to anonymous SecurityContext"}{"timestamp":"2026-06-08 17:18:23","level":"DEBUG","logger":"org.springframework.security.web.FilterChainProxy","message":"Securing GET /api/companies/public"}{"timestamp":"2026-06-08 17:18:23","level":"DEBUG","logger":"org.springframework.security.web.FilterChainProxy","message":"Secured GET /api/companies/public"}{"timestamp":"2026-06-08 17:18:23","level":"DEBUG","logger":"org.hibernate.SQL","message":"
    select
        distinct c1_0.id,
        c1_0.created_at,
        c1_0.created_by,
        c1_0.description,
        c1_0.employees,
        c1_0.founded,
        c1_0.industry,
        j1_0.company_id,
        j1_0.id,
        j1_0.application_deadline,
        j1_0.applications_count,
        j1_0.benefits,
        j1_0.category,
        j1_0.created_at,
        j1_0.created_by,
        j1_0.description,
        j1_0.experience_level,
        j1_0.featured,
        j1_0.job_type,
        j1_0.location,
        j1_0.posted_date,
        j1_0.remote,
        j1_0.requirements,
        j1_0.salary_currency,
        j1_0.salary_max,
        j1_0.salary_min,
        j1_0.salary_period,
        j1_0.status,
        j1_0.title,
        j1_0.updated_at,
        j1_0.updated_by,
        j1_0.urgent,
        j1_0.work_type,
        c1_0.locations,
        c1_0.logo,
        c1_0.name,
        c1_0.rating,
        c1_0.size,
        c1_0.updated_at,
        c1_0.updated_by,
        c1_0.website 
    from
        companies c1_0 
    join
        jobs j1_0 
            on c1_0.id=j1_0.company_id 
    where
        j1_0.status=?"}{"timestamp":"2026-06-08 17:18:23","level":"DEBUG","logger":"org.springframework.security.web.FilterChainProxy","message":"Securing GET /api/companies/public"}{"timestamp":"2026-06-08 17:18:23","level":"DEBUG","logger":"org.springframework.security.web.FilterChainProxy","message":"Secured GET /api/companies/public"}{"timestamp":"2026-06-08 17:18:23","level":"DEBUG","logger":"org.hibernate.SQL","message":"
    select
        distinct c1_0.id,
        c1_0.created_at,
        c1_0.created_by,
        c1_0.description,
        c1_0.employees,
        c1_0.founded,
        c1_0.industry,
        j1_0.company_id,
        j1_0.id,
        j1_0.application_deadline,
        j1_0.applications_count,
        j1_0.benefits,
        j1_0.category,
        j1_0.created_at,
        j1_0.created_by,
        j1_0.description,
        j1_0.experience_level,
        j1_0.featured,
        j1_0.job_type,
        j1_0.location,
        j1_0.posted_date,
        j1_0.remote,
        j1_0.requirements,
        j1_0.salary_currency,
        j1_0.salary_max,
        j1_0.salary_min,
        j1_0.salary_period,
        j1_0.status,
        j1_0.title,
        j1_0.updated_at,
        j1_0.updated_by,
        j1_0.urgent,
        j1_0.work_type,
        c1_0.locations,
        c1_0.logo,
        c1_0.name,
        c1_0.rating,
        c1_0.size,
        c1_0.updated_at,
        c1_0.updated_by,
        c1_0.website 
    from
        companies c1_0 
    join
        jobs j1_0 
            on c1_0.id=j1_0.company_id 
    where
        j1_0.status=?"}{"timestamp":"2026-06-08 17:18:23","level":"DEBUG","logger":"org.springframework.security.web.authentication.AnonymousAuthenticationFilter","message":"Set SecurityContextHolder to anonymous SecurityContext"}{"timestamp":"2026-06-08 17:18:23","level":"DEBUG","logger":"org.springframework.security.web.authentication.AnonymousAuthenticationFilter","message":"Set SecurityContextHolder to anonymous SecurityContext"}{"timestamp":"2026-06-08 17:18:34","level":"DEBUG","logger":"org.springframework.security.web.FilterChainProxy","message":"Securing GET /api/csrf-token/public"}{"timestamp":"2026-06-08 17:18:34","level":"DEBUG","logger":"org.springframework.security.web.FilterChainProxy","message":"Secured GET /api/csrf-token/public"}{"timestamp":"2026-06-08 17:18:34","level":"DEBUG","logger":"org.springframework.security.web.authentication.AnonymousAuthenticationFilter","message":"Set SecurityContextHolder to anonymous SecurityContext"}{"timestamp":"2026-06-08 17:18:34","level":"DEBUG","logger":"org.springframework.security.web.FilterChainProxy","message":"Securing OPTIONS /api/auth/login/public"}{"timestamp":"2026-06-08 17:18:34","level":"DEBUG","logger":"org.springframework.security.web.FilterChainProxy","message":"Securing POST /api/auth/login/public"}{"timestamp":"2026-06-08 17:18:34","level":"DEBUG","logger":"org.springframework.security.web.FilterChainProxy","message":"Secured POST /api/auth/login/public"}{"timestamp":"2026-06-08 17:18:34","level":"DEBUG","logger":"org.hibernate.SQL","message":"
    select
        jpu1_0.id,
        jpu1_0.company_id,
        jpu1_0.created_at,
        jpu1_0.created_by,
        jpu1_0.email,
        jpu1_0.mobile_number,
        jpu1_0.name,
        jpu1_0.password_hash,
        jpu1_0.role_id,
        jpu1_0.updated_at,
        jpu1_0.updated_by 
    from
        users jpu1_0 
    where
        jpu1_0.email=?"}{"timestamp":"2026-06-08 17:18:34","level":"DEBUG","logger":"org.hibernate.SQL","message":"
    select
        r1_0.id,
        r1_0.created_at,
        r1_0.created_by,
        r1_0.name,
        r1_0.updated_at,
        r1_0.updated_by 
    from
        roles r1_0 
    where
        r1_0.id=?"}{"timestamp":"2026-06-08 17:18:34","level":"DEBUG","logger":"org.springframework.security.web.authentication.AnonymousAuthenticationFilter","message":"Set SecurityContextHolder to anonymous SecurityContext"}{"timestamp":"2026-06-08 17:18:38","level":"DEBUG","logger":"org.springframework.security.web.FilterChainProxy","message":"Securing OPTIONS /api/contacts/page/admin?pageNumber=0&pageSize=10&sortBy=createdAt&sortDir=asc"}{"timestamp":"2026-06-08 17:18:38","level":"DEBUG","logger":"org.springframework.security.web.FilterChainProxy","message":"Securing OPTIONS /api/contacts/page/admin?pageNumber=0&pageSize=10&sortBy=createdAt&sortDir=asc"}{"timestamp":"2026-06-08 17:18:38","level":"DEBUG","logger":"org.springframework.security.web.FilterChainProxy","message":"Securing GET /api/contacts/page/admin?pageNumber=0&pageSize=10&sortBy=createdAt&sortDir=asc"}{"timestamp":"2026-06-08 17:18:38","level":"DEBUG","logger":"org.springframework.security.web.FilterChainProxy","message":"Secured GET /api/contacts/page/admin?pageNumber=0&pageSize=10&sortBy=createdAt&sortDir=asc"}{"timestamp":"2026-06-08 17:18:38","level":"DEBUG","logger":"org.hibernate.SQL","message":"
    select
        c1_0.id,
        c1_0.created_at,
        c1_0.created_by,
        c1_0.email,
        c1_0.message,
        c1_0.name,
        c1_0.status,
        c1_0.subject,
        c1_0.updated_at,
        c1_0.updated_by,
        c1_0.user_type 
    from
        contacts c1_0 
    where
        c1_0.status=? 
    order by
        c1_0.created_at 
    limit
        ?"}{"timestamp":"2026-06-08 17:18:38","level":"DEBUG","logger":"org.hibernate.SQL","message":"
    select
        count(c1_0.id) 
    from
        contacts c1_0 
    where
        c1_0.status=?"}{"timestamp":"2026-06-08 17:18:38","level":"DEBUG","logger":"org.springframework.security.web.FilterChainProxy","message":"Securing GET /api/contacts/page/admin?pageNumber=0&pageSize=10&sortBy=createdAt&sortDir=asc"}{"timestamp":"2026-06-08 17:18:38","level":"DEBUG","logger":"org.springframework.security.web.FilterChainProxy","message":"Secured GET /api/contacts/page/admin?pageNumber=0&pageSize=10&sortBy=createdAt&sortDir=asc"}{"timestamp":"2026-06-08 17:18:38","level":"DEBUG","logger":"org.hibernate.SQL","message":"
    select
        c1_0.id,
        c1_0.created_at,
        c1_0.created_by,
        c1_0.email,
        c1_0.message,
        c1_0.name,
        c1_0.status,
        c1_0.subject,
        c1_0.updated_at,
        c1_0.updated_by,
        c1_0.user_type 
    from
        contacts c1_0 
    where
        c1_0.status=? 
    order by
        c1_0.created_at 
    limit
        ?"}{"timestamp":"2026-06-08 17:18:38","level":"DEBUG","logger":"org.hibernate.SQL","message":"
    select
        count(c1_0.id) 
    from
        contacts c1_0 
    where
        c1_0.status=?"}{"timestamp":"2026-06-08 17:19:02","level":"DEBUG","logger":"org.springframework.security.web.FilterChainProxy","message":"Securing OPTIONS /api/contacts/page/admin?pageNumber=1&pageSize=10&sortBy=createdAt&sortDir=asc"}{"timestamp":"2026-06-08 17:19:02","level":"DEBUG","logger":"org.springframework.security.web.FilterChainProxy","message":"Securing GET /api/contacts/page/admin?pageNumber=1&pageSize=10&sortBy=createdAt&sortDir=asc"}{"timestamp":"2026-06-08 17:19:02","level":"DEBUG","logger":"org.springframework.security.web.FilterChainProxy","message":"Secured GET /api/contacts/page/admin?pageNumber=1&pageSize=10&sortBy=createdAt&sortDir=asc"}{"timestamp":"2026-06-08 17:19:02","level":"DEBUG","logger":"org.hibernate.SQL","message":"
    select
        c1_0.id,
        c1_0.created_at,
        c1_0.created_by,
        c1_0.email,
        c1_0.message,
        c1_0.name,
        c1_0.status,
        c1_0.subject,
        c1_0.updated_at,
        c1_0.updated_by,
        c1_0.user_type 
    from
        contacts c1_0 
    where
        c1_0.status=? 
    order by
        c1_0.created_at 
    limit
        ?"}{"timestamp":"2026-06-08 17:19:02","level":"DEBUG","logger":"org.hibernate.SQL","message":"
    select
        count(c1_0.id) 
    from
        contacts c1_0 
    where
        c1_0.status=?"}{"timestamp":"2026-06-08 17:19:21","level":"DEBUG","logger":"org.springframework.security.web.FilterChainProxy","message":"Securing OPTIONS /api/contacts/page/admin?pageNumber=0&pageSize=5&sortBy=createdAt&sortDir=asc"}{"timestamp":"2026-06-08 17:19:21","level":"DEBUG","logger":"org.springframework.security.web.FilterChainProxy","message":"Securing GET /api/contacts/page/admin?pageNumber=0&pageSize=5&sortBy=createdAt&sortDir=asc"}{"timestamp":"2026-06-08 17:19:21","level":"DEBUG","logger":"org.springframework.security.web.FilterChainProxy","message":"Secured GET /api/contacts/page/admin?pageNumber=0&pageSize=5&sortBy=createdAt&sortDir=asc"}{"timestamp":"2026-06-08 17:19:21","level":"DEBUG","logger":"org.hibernate.SQL","message":"
    select
        c1_0.id,
        c1_0.created_at,
        c1_0.created_by,
        c1_0.email,
        c1_0.message,
        c1_0.name,
        c1_0.status,
        c1_0.subject,
        c1_0.updated_at,
        c1_0.updated_by,
        c1_0.user_type 
    from
        contacts c1_0 
    where
        c1_0.status=? 
    order by
        c1_0.created_at 
    limit
        ?"}{"timestamp":"2026-06-08 17:19:21","level":"DEBUG","logger":"org.hibernate.SQL","message":"
    select
        count(c1_0.id) 
    from
        contacts c1_0 
    where
        c1_0.status=?"}{"timestamp":"2026-06-08 17:19:29","level":"DEBUG","logger":"org.springframework.security.web.FilterChainProxy","message":"Securing OPTIONS /api/contacts/page/admin?pageNumber=0&pageSize=5&sortBy=createdAt&sortDir=desc"}{"timestamp":"2026-06-08 17:19:29","level":"DEBUG","logger":"org.springframework.security.web.FilterChainProxy","message":"Securing GET /api/contacts/page/admin?pageNumber=0&pageSize=5&sortBy=createdAt&sortDir=desc"}{"timestamp":"2026-06-08 17:19:29","level":"DEBUG","logger":"org.springframework.security.web.FilterChainProxy","message":"Secured GET /api/contacts/page/admin?pageNumber=0&pageSize=5&sortBy=createdAt&sortDir=desc"}{"timestamp":"2026-06-08 17:19:29","level":"DEBUG","logger":"org.hibernate.SQL","message":"
    select
        c1_0.id,
        c1_0.created_at,
        c1_0.created_by,
        c1_0.email,
        c1_0.message,
        c1_0.name,
        c1_0.status,
        c1_0.subject,
        c1_0.updated_at,
        c1_0.updated_by,
        c1_0.user_type 
    from
        contacts c1_0 
    where
        c1_0.status=? 
    order by
        c1_0.created_at 
    limit
        ?"}{"timestamp":"2026-06-08 17:19:29","level":"DEBUG","logger":"org.hibernate.SQL","message":"
    select
        count(c1_0.id) 
    from
        contacts c1_0 
    where
        c1_0.status=?"}{"timestamp":"2026-06-08 17:19:38","level":"DEBUG","logger":"org.springframework.security.web.FilterChainProxy","message":"Securing OPTIONS /api/contacts/page/admin?pageNumber=0&pageSize=5&sortBy=name&sortDir=desc"}{"timestamp":"2026-06-08 17:19:38","level":"DEBUG","logger":"org.springframework.security.web.FilterChainProxy","message":"Securing GET /api/contacts/page/admin?pageNumber=0&pageSize=5&sortBy=name&sortDir=desc"}{"timestamp":"2026-06-08 17:19:38","level":"DEBUG","logger":"org.springframework.security.web.FilterChainProxy","message":"Secured GET /api/contacts/page/admin?pageNumber=0&pageSize=5&sortBy=name&sortDir=desc"}{"timestamp":"2026-06-08 17:19:38","level":"DEBUG","logger":"org.hibernate.SQL","message":"
    select
        c1_0.id,
        c1_0.created_at,
        c1_0.created_by,
        c1_0.email,
        c1_0.message,
        c1_0.name,
        c1_0.status,
        c1_0.subject,
        c1_0.updated_at,
        c1_0.updated_by,
        c1_0.user_type 
    from
        contacts c1_0 
    where
        c1_0.status=? 
    order by
        c1_0.name 
    limit
        ?"}{"timestamp":"2026-06-08 17:19:38","level":"DEBUG","logger":"org.hibernate.SQL","message":"
    select
        count(c1_0.id) 
    from
        contacts c1_0 
    where
        c1_0.status=?"}{"timestamp":"2026-06-08 17:20:20","level":"DEBUG","logger":"org.springframework.security.web.FilterChainProxy","message":"Securing OPTIONS /api/contacts/page/admin?pageNumber=0&pageSize=25&sortBy=name&sortDir=desc"}{"timestamp":"2026-06-08 17:20:20","level":"DEBUG","logger":"org.springframework.security.web.FilterChainProxy","message":"Securing GET /api/contacts/page/admin?pageNumber=0&pageSize=25&sortBy=name&sortDir=desc"}{"timestamp":"2026-06-08 17:20:20","level":"DEBUG","logger":"org.springframework.security.web.FilterChainProxy","message":"Secured GET /api/contacts/page/admin?pageNumber=0&pageSize=25&sortBy=name&sortDir=desc"}{"timestamp":"2026-06-08 17:20:20","level":"DEBUG","logger":"org.hibernate.SQL","message":"
    select
        c1_0.id,
        c1_0.created_at,
        c1_0.created_by,
        c1_0.email,
        c1_0.message,
        c1_0.name,
        c1_0.status,
        c1_0.subject,
        c1_0.updated_at,
        c1_0.updated_by,
        c1_0.user_type 
    from
        contacts c1_0 
    where
        c1_0.status=? 
    order by
        c1_0.name 
    limit
        ?"}{"timestamp":"2026-06-08 17:20:20","level":"DEBUG","logger":"org.hibernate.SQL","message":"
    select
        count(c1_0.id) 
    from
        contacts c1_0 
    where
        c1_0.status=?"}{"timestamp":"2026-06-08 17:20:38","level":"DEBUG","logger":"org.springframework.security.web.FilterChainProxy","message":"Securing OPTIONS /api/contacts/page/admin?pageNumber=0&pageSize=10&sortBy=name&sortDir=desc"}{"timestamp":"2026-06-08 17:20:38","level":"DEBUG","logger":"org.springframework.security.web.FilterChainProxy","message":"Securing GET /api/contacts/page/admin?pageNumber=0&pageSize=10&sortBy=name&sortDir=desc"}{"timestamp":"2026-06-08 17:20:38","level":"DEBUG","logger":"org.springframework.security.web.FilterChainProxy","message":"Secured GET /api/contacts/page/admin?pageNumber=0&pageSize=10&sortBy=name&sortDir=desc"}{"timestamp":"2026-06-08 17:20:38","level":"DEBUG","logger":"org.hibernate.SQL","message":"
    select
        c1_0.id,
        c1_0.created_at,
        c1_0.created_by,
        c1_0.email,
        c1_0.message,
        c1_0.name,
        c1_0.status,
        c1_0.subject,
        c1_0.updated_at,
        c1_0.updated_by,
        c1_0.user_type 
    from
        contacts c1_0 
    where
        c1_0.status=? 
    order by
        c1_0.name 
    limit
        ?"}{"timestamp":"2026-06-08 17:20:38","level":"DEBUG","logger":"org.hibernate.SQL","message":"
    select
        count(c1_0.id) 
    from
        contacts c1_0 
    where
        c1_0.status=?"}{"timestamp":"2026-06-08 17:20:53","level":"DEBUG","logger":"org.springframework.security.web.FilterChainProxy","message":"Securing GET /api/contacts/page/admin?pageNumber=0&pageSize=25&sortBy=name&sortDir=desc"}{"timestamp":"2026-06-08 17:20:53","level":"DEBUG","logger":"org.springframework.security.web.FilterChainProxy","message":"Secured GET /api/contacts/page/admin?pageNumber=0&pageSize=25&sortBy=name&sortDir=desc"}{"timestamp":"2026-06-08 17:20:53","level":"DEBUG","logger":"org.hibernate.SQL","message":"
    select
        c1_0.id,
        c1_0.created_at,
        c1_0.created_by,
        c1_0.email,
        c1_0.message,
        c1_0.name,
        c1_0.status,
        c1_0.subject,
        c1_0.updated_at,
        c1_0.updated_by,
        c1_0.user_type 
    from
        contacts c1_0 
    where
        c1_0.status=? 
    order by
        c1_0.name 
    limit
        ?"}{"timestamp":"2026-06-08 17:20:53","level":"DEBUG","logger":"org.hibernate.SQL","message":"
    select
        count(c1_0.id) 
    from
        contacts c1_0 
    where
        c1_0.status=?"}{"timestamp":"2026-06-08 17:21:05","level":"DEBUG","logger":"org.springframework.security.web.FilterChainProxy","message":"Securing GET /api/contacts/page/admin?page=0&size=10&sortBy=id&sortAsc=asc"}{"timestamp":"2026-06-08 17:21:05","level":"DEBUG","logger":"org.springframework.security.web.FilterChainProxy","message":"Secured GET /api/contacts/page/admin?page=0&size=10&sortBy=id&sortAsc=asc"}{"timestamp":"2026-06-08 17:21:05","level":"DEBUG","logger":"org.hibernate.SQL","message":"
    select
        c1_0.id,
        c1_0.created_at,
        c1_0.created_by,
        c1_0.email,
        c1_0.message,
        c1_0.name,
        c1_0.status,
        c1_0.subject,
        c1_0.updated_at,
        c1_0.updated_by,
        c1_0.user_type 
    from
        contacts c1_0 
    where
        c1_0.status=? 
    order by
        c1_0.id 
    limit
        ?"}{"timestamp":"2026-06-08 17:21:05","level":"DEBUG","logger":"org.hibernate.SQL","message":"
    select
        count(c1_0.id) 
    from
        contacts c1_0 
    where
        c1_0.status=?"}{"timestamp":"2026-06-08 17:22:36","level":"DEBUG","logger":"org.springframework.security.web.FilterChainProxy","message":"Securing OPTIONS /api/contacts/14/status/admin"}{"timestamp":"2026-06-08 17:22:36","level":"DEBUG","logger":"org.springframework.security.web.FilterChainProxy","message":"Securing PATCH /api/contacts/14/status/admin"}{"timestamp":"2026-06-08 17:22:36","level":"DEBUG","logger":"org.springframework.security.web.FilterChainProxy","message":"Secured PATCH /api/contacts/14/status/admin"}{"timestamp":"2026-06-08 17:22:36","level":"WARN","logger":"org.springframework.web.servlet.mvc.method.annotation.ExceptionHandlerExceptionResolver","message":"Resolved [org.springframework.web.servlet.resource.NoResourceFoundException: No static resource api/contacts/14/status/admin for request '/api/contacts/14/status/admin'.]"}{"timestamp":"2026-06-08 17:23:21","level":"INFO","logger":"org.springframework.boot.devtools.autoconfigure.LocalDevToolsAutoConfiguration$RestartingClassPathChangeChangedEventListener","message":"Restarting due to 1 class path change (0 additions, 0 deletions, 1 modification)"}{"timestamp":"2026-06-08 17:23:21","level":"INFO","logger":"org.springframework.boot.tomcat.GracefulShutdown","message":"Commencing graceful shutdown. Waiting for active requests to complete"}{"timestamp":"2026-06-08 17:23:21","level":"INFO","logger":"org.apache.coyote.http11.Http11NioProtocol","message":"Pausing ProtocolHandler ["http-nio-8080"]"}{"timestamp":"2026-06-08 17:23:21","level":"INFO","logger":"org.springframework.boot.tomcat.GracefulShutdown","message":"Graceful shutdown complete"}{"timestamp":"2026-06-08 17:23:21","level":"INFO","logger":"org.apache.coyote.http11.Http11NioProtocol","message":"Stopping ProtocolHandler ["http-nio-8080"]"}{"timestamp":"2026-06-08 17:23:22","level":"INFO","logger":"org.springframework.orm.jpa.LocalContainerEntityManagerFactoryBean","message":"Closing JPA EntityManagerFactory for persistence unit 'default'"}{"timestamp":"2026-06-08 17:23:22","level":"INFO","logger":"com.zaxxer.hikari.HikariDataSource","message":"HikariPool-5 - Shutdown initiated..."}{"timestamp":"2026-06-08 17:23:22","level":"INFO","logger":"com.zaxxer.hikari.HikariDataSource","message":"HikariPool-5 - Shutdown completed."}{"timestamp":"2026-06-08 17:23:25","level":"INFO","logger":"org.springframework.data.repository.config.RepositoryConfigurationDelegate","message":"Bootstrapping Spring Data JPA repositories in DEFAULT mode."}{"timestamp":"2026-06-08 17:23:25","level":"INFO","logger":"org.springframework.data.repository.config.RepositoryConfigurationDelegate","message":"Finished Spring Data repository scanning in 183 ms. Found 4 JPA repository interfaces."}{"timestamp":"2026-06-08 17:23:26","level":"INFO","logger":"org.springframework.boot.tomcat.TomcatWebServer","message":"Tomcat initialized with port 8080 (http)"}{"timestamp":"2026-06-08 17:23:26","level":"INFO","logger":"org.apache.coyote.http11.Http11NioProtocol","message":"Initializing ProtocolHandler ["http-nio-8080"]"}{"timestamp":"2026-06-08 17:23:26","level":"INFO","logger":"org.apache.catalina.core.StandardService","message":"Starting service [Tomcat]"}{"timestamp":"2026-06-08 17:23:26","level":"INFO","logger":"org.apache.catalina.core.StandardEngine","message":"Starting Servlet engine: [Apache Tomcat/11.0.20]"}{"timestamp":"2026-06-08 17:23:26","level":"INFO","logger":"org.springframework.boot.web.context.servlet.WebApplicationContextInitializer","message":"Root WebApplicationContext: initialization completed in 3874 ms"}{"timestamp":"2026-06-08 17:23:26","level":"INFO","logger":"org.hibernate.orm.jpa","message":"HHH008540: Processing PersistenceUnitInfo [name: default]"}{"timestamp":"2026-06-08 17:23:26","level":"INFO","logger":"org.springframework.orm.jpa.persistenceunit.SpringPersistenceUnitInfo","message":"No LoadTimeWeaver setup: ignoring JPA class transformer"}{"timestamp":"2026-06-08 17:23:26","level":"INFO","logger":"com.zaxxer.hikari.HikariDataSource","message":"HikariPool-6 - Starting..."}{"timestamp":"2026-06-08 17:23:26","level":"INFO","logger":"com.zaxxer.hikari.pool.HikariPool","message":"HikariPool-6 - Added connection com.mysql.cj.jdbc.ConnectionImpl@1dcf5e01"}{"timestamp":"2026-06-08 17:23:26","level":"INFO","logger":"com.zaxxer.hikari.HikariDataSource","message":"HikariPool-6 - Start completed."}{"timestamp":"2026-06-08 17:23:26","level":"WARN","logger":"org.hibernate.orm.deprecation","message":"HHH90000025: MySQLDialect does not need to be specified explicitly using 'hibernate.dialect' (remove the property setting and it will be selected by default)"}{"timestamp":"2026-06-08 17:23:26","level":"INFO","logger":"org.hibernate.orm.connections.pooling","message":"HHH10001005: Database info:
	Database JDBC URL [jdbc:mysql://localhost:3306/jobportaldb?useSSL=false&serverTimezone=UTC&allowPublicKeyRetrieval=true]
	Database driver: MySQL Connector/J
	Database dialect: MySQLDialect
	Database version: 8.0.46
	Default catalog/schema: jobportaldb/undefined
	Autocommit mode: undefined/unknown
	Isolation level: REPEATABLE_READ [default REPEATABLE_READ]
	JDBC fetch size: none
	Pool: DataSourceConnectionProvider
	Minimum pool size: undefined/unknown
	Maximum pool size: undefined/unknown"}{"timestamp":"2026-06-08 17:23:26","level":"DEBUG","logger":"org.hibernate.tool.schema.spi.SchemaManagementToolCoordinator","message":"No schema actions specified for contributor 'orm'"}{"timestamp":"2026-06-08 17:23:26","level":"INFO","logger":"org.hibernate.orm.core","message":"HHH000489: No JTA platform available (set 'hibernate.transaction.jta.platform' to enable JTA platform integration)"}{"timestamp":"2026-06-08 17:23:26","level":"DEBUG","logger":"org.hibernate.tool.schema.spi.SchemaManagementToolCoordinator","message":"No schema actions specified for contributor 'orm'"}{"timestamp":"2026-06-08 17:23:26","level":"DEBUG","logger":"org.hibernate.tool.schema.spi.SchemaManagementToolCoordinator","message":"No schema management actions found"}{"timestamp":"2026-06-08 17:23:26","level":"INFO","logger":"org.springframework.orm.jpa.LocalContainerEntityManagerFactoryBean","message":"Initialized JPA EntityManagerFactory for persistence unit 'default'"}{"timestamp":"2026-06-08 17:23:27","level":"WARN","logger":"org.springframework.boot.web.server.servlet.context.AnnotationConfigServletWebServerApplicationContext","message":"Exception encountered during context initialization - cancelling refresh attempt: org.springframework.beans.factory.BeanCreationException: Error creating bean with name 'contactController' defined in file [D:\Java\project\jobPortal\target\classes\com\eazybytes\jobportal\contacts\controller\ContactController.class]: Failed to instantiate [com.eazybytes.jobportal.contacts.controller.ContactController]: Constructor threw exception"}{"timestamp":"2026-06-08 17:23:27","level":"INFO","logger":"org.springframework.orm.jpa.LocalContainerEntityManagerFactoryBean","message":"Closing JPA EntityManagerFactory for persistence unit 'default'"}{"timestamp":"2026-06-08 17:23:27","level":"INFO","logger":"com.zaxxer.hikari.HikariDataSource","message":"HikariPool-6 - Shutdown initiated..."}{"timestamp":"2026-06-08 17:23:27","level":"INFO","logger":"com.zaxxer.hikari.HikariDataSource","message":"HikariPool-6 - Shutdown completed."}{"timestamp":"2026-06-08 17:23:27","level":"INFO","logger":"org.apache.catalina.core.StandardService","message":"Stopping service [Tomcat]"}{"timestamp":"2026-06-08 17:23:27","level":"INFO","logger":"org.springframework.boot.autoconfigure.logging.ConditionEvaluationReportLogger","message":"

Error starting ApplicationContext. To display the condition evaluation report re-run your application with 'debug' enabled."}{"timestamp":"2026-06-08 17:23:27","level":"ERROR","logger":"org.springframework.boot.SpringApplication","message":"Application run failed"}org.springframework.beans.factory.BeanCreationException: Error creating bean with name 'contactController' defined in file [D:\Java\project\jobPortal\target\classes\com\eazybytes\jobportal\contacts\controller\ContactController.class]: Failed to instantiate [com.eazybytes.jobportal.contacts.controller.ContactController]: Constructor threw exception
	at org.springframework.beans.factory.support.ConstructorResolver.instantiate(ConstructorResolver.java:321)
	at org.springframework.beans.factory.support.ConstructorResolver.autowireConstructor(ConstructorResolver.java:309)
	at org.springframework.beans.factory.support.AbstractAutowireCapableBeanFactory.autowireConstructor(AbstractAutowireCapableBeanFactory.java:1382)
	at org.springframework.beans.factory.support.AbstractAutowireCapableBeanFactory.createBeanInstance(AbstractAutowireCapableBeanFactory.java:1221)
	at org.springframework.beans.factory.support.AbstractAutowireCapableBeanFactory.doCreateBean(AbstractAutowireCapableBeanFactory.java:565)
	at org.springframework.beans.factory.support.AbstractAutowireCapableBeanFactory.createBean(AbstractAutowireCapableBeanFactory.java:525)
	at org.springframework.beans.factory.support.AbstractBeanFactory.lambda$doGetBean$0(AbstractBeanFactory.java:333)
	at org.springframework.beans.factory.support.DefaultSingletonBeanRegistry.getSingleton(DefaultSingletonBeanRegistry.java:371)
	at org.springframework.beans.factory.support.AbstractBeanFactory.doGetBean(AbstractBeanFactory.java:331)
	at org.springframework.beans.factory.support.AbstractBeanFactory.getBean(AbstractBeanFactory.java:196)
	at org.springframework.beans.factory.support.DefaultListableBeanFactory.instantiateSingleton(DefaultListableBeanFactory.java:1218)
	at org.springframework.beans.factory.support.DefaultListableBeanFactory.preInstantiateSingleton(DefaultListableBeanFactory.java:1184)
	at org.springframework.beans.factory.support.DefaultListableBeanFactory.preInstantiateSingletons(DefaultListableBeanFactory.java:1121)
	at org.springframework.context.support.AbstractApplicationContext.finishBeanFactoryInitialization(AbstractApplicationContext.java:994)
	at org.springframework.context.support.AbstractApplicationContext.refresh(AbstractApplicationContext.java:621)
	at org.springframework.boot.web.server.servlet.context.ServletWebServerApplicationContext.refresh(ServletWebServerApplicationContext.java:143)
	at org.springframework.boot.SpringApplication.refresh(SpringApplication.java:756)
	at org.springframework.boot.SpringApplication.refreshContext(SpringApplication.java:445)
	at org.springframework.boot.SpringApplication.run(SpringApplication.java:321)
	at org.springframework.boot.SpringApplication.run(SpringApplication.java:1365)
	at org.springframework.boot.SpringApplication.run(SpringApplication.java:1354)
	at com.eazybytes.jobportal.JobportalApplication.main(JobportalApplication.java:12)
	at java.base/jdk.internal.reflect.DirectMethodHandleAccessor.invoke(DirectMethodHandleAccessor.java:104)
	at java.base/java.lang.reflect.Method.invoke(Method.java:565)
	at org.springframework.boot.devtools.restart.RestartLauncher.run(RestartLauncher.java:52)
Caused by: org.springframework.beans.BeanInstantiationException: Failed to instantiate [com.eazybytes.jobportal.contacts.controller.ContactController]: Constructor threw exception
	at org.springframework.beans.BeanUtils.instantiateClass(BeanUtils.java:220)
	at org.springframework.beans.factory.support.SimpleInstantiationStrategy.instantiate(SimpleInstantiationStrategy.java:129)
	at org.springframework.beans.factory.support.ConstructorResolver.instantiate(ConstructorResolver.java:318)
	... 24 common frames omitted
Caused by: java.lang.Error: Unresolved compilation problems: 
	Syntax error, insert "enum Identifier" to complete EnumHeader
	Syntax error, insert "EnumBody" to complete EnumDeclaration

	at com.eazybytes.jobportal.contacts.controller.ContactController.<init>(ContactController.java:57)
	at java.base/jdk.internal.reflect.DirectConstructorHandleAccessor.newInstance(DirectConstructorHandleAccessor.java:62)
	at java.base/java.lang.reflect.Constructor.newInstanceWithCaller(Constructor.java:499)
	at java.base/java.lang.reflect.Constructor.newInstance(Constructor.java:483)
	at org.springframework.beans.BeanUtils.instantiateClass(BeanUtils.java:207)
	... 26 common frames omitted
{"timestamp":"2026-06-08 17:23:29","level":"INFO","logger":"org.springframework.data.repository.config.RepositoryConfigurationDelegate","message":"Bootstrapping Spring Data JPA repositories in DEFAULT mode."}{"timestamp":"2026-06-08 17:23:30","level":"INFO","logger":"org.springframework.data.repository.config.RepositoryConfigurationDelegate","message":"Finished Spring Data repository scanning in 87 ms. Found 4 JPA repository interfaces."}{"timestamp":"2026-06-08 17:23:30","level":"INFO","logger":"org.springframework.boot.tomcat.TomcatWebServer","message":"Tomcat initialized with port 8080 (http)"}{"timestamp":"2026-06-08 17:23:30","level":"INFO","logger":"org.apache.coyote.http11.Http11NioProtocol","message":"Initializing ProtocolHandler ["http-nio-8080"]"}{"timestamp":"2026-06-08 17:23:30","level":"INFO","logger":"org.apache.catalina.core.StandardService","message":"Starting service [Tomcat]"}{"timestamp":"2026-06-08 17:23:30","level":"INFO","logger":"org.apache.catalina.core.StandardEngine","message":"Starting Servlet engine: [Apache Tomcat/11.0.20]"}{"timestamp":"2026-06-08 17:23:30","level":"INFO","logger":"org.springframework.boot.web.context.servlet.WebApplicationContextInitializer","message":"Root WebApplicationContext: initialization completed in 1059 ms"}{"timestamp":"2026-06-08 17:23:30","level":"INFO","logger":"org.hibernate.orm.jpa","message":"HHH008540: Processing PersistenceUnitInfo [name: default]"}{"timestamp":"2026-06-08 17:23:30","level":"INFO","logger":"org.springframework.orm.jpa.persistenceunit.SpringPersistenceUnitInfo","message":"No LoadTimeWeaver setup: ignoring JPA class transformer"}{"timestamp":"2026-06-08 17:23:30","level":"INFO","logger":"com.zaxxer.hikari.HikariDataSource","message":"HikariPool-7 - Starting..."}{"timestamp":"2026-06-08 17:23:30","level":"INFO","logger":"com.zaxxer.hikari.pool.HikariPool","message":"HikariPool-7 - Added connection com.mysql.cj.jdbc.ConnectionImpl@786e4c8"}{"timestamp":"2026-06-08 17:23:30","level":"INFO","logger":"com.zaxxer.hikari.HikariDataSource","message":"HikariPool-7 - Start completed."}{"timestamp":"2026-06-08 17:23:30","level":"WARN","logger":"org.hibernate.orm.deprecation","message":"HHH90000025: MySQLDialect does not need to be specified explicitly using 'hibernate.dialect' (remove the property setting and it will be selected by default)"}{"timestamp":"2026-06-08 17:23:30","level":"INFO","logger":"org.hibernate.orm.connections.pooling","message":"HHH10001005: Database info:
	Database JDBC URL [jdbc:mysql://localhost:3306/jobportaldb?useSSL=false&serverTimezone=UTC&allowPublicKeyRetrieval=true]
	Database driver: MySQL Connector/J
	Database dialect: MySQLDialect
	Database version: 8.0.46
	Default catalog/schema: jobportaldb/undefined
	Autocommit mode: undefined/unknown
	Isolation level: REPEATABLE_READ [default REPEATABLE_READ]
	JDBC fetch size: none
	Pool: DataSourceConnectionProvider
	Minimum pool size: undefined/unknown
	Maximum pool size: undefined/unknown"}{"timestamp":"2026-06-08 17:23:30","level":"DEBUG","logger":"org.hibernate.tool.schema.spi.SchemaManagementToolCoordinator","message":"No schema actions specified for contributor 'orm'"}{"timestamp":"2026-06-08 17:23:31","level":"INFO","logger":"org.hibernate.orm.core","message":"HHH000489: No JTA platform available (set 'hibernate.transaction.jta.platform' to enable JTA platform integration)"}{"timestamp":"2026-06-08 17:23:31","level":"DEBUG","logger":"org.hibernate.tool.schema.spi.SchemaManagementToolCoordinator","message":"No schema actions specified for contributor 'orm'"}{"timestamp":"2026-06-08 17:23:31","level":"DEBUG","logger":"org.hibernate.tool.schema.spi.SchemaManagementToolCoordinator","message":"No schema management actions found"}{"timestamp":"2026-06-08 17:23:31","level":"INFO","logger":"org.springframework.orm.jpa.LocalContainerEntityManagerFactoryBean","message":"Initialized JPA EntityManagerFactory for persistence unit 'default'"}{"timestamp":"2026-06-08 17:23:31","level":"WARN","logger":"org.springframework.boot.web.server.servlet.context.AnnotationConfigServletWebServerApplicationContext","message":"Exception encountered during context initialization - cancelling refresh attempt: org.springframework.beans.factory.BeanCreationException: Error creating bean with name 'contactController' defined in file [D:\Java\project\jobPortal\target\classes\com\eazybytes\jobportal\contacts\controller\ContactController.class]: Failed to instantiate [com.eazybytes.jobportal.contacts.controller.ContactController]: Constructor threw exception"}{"timestamp":"2026-06-08 17:23:31","level":"INFO","logger":"org.springframework.orm.jpa.LocalContainerEntityManagerFactoryBean","message":"Closing JPA EntityManagerFactory for persistence unit 'default'"}{"timestamp":"2026-06-08 17:23:31","level":"INFO","logger":"com.zaxxer.hikari.HikariDataSource","message":"HikariPool-7 - Shutdown initiated..."}{"timestamp":"2026-06-08 17:23:31","level":"INFO","logger":"com.zaxxer.hikari.HikariDataSource","message":"HikariPool-7 - Shutdown completed."}{"timestamp":"2026-06-08 17:23:31","level":"INFO","logger":"org.apache.catalina.core.StandardService","message":"Stopping service [Tomcat]"}{"timestamp":"2026-06-08 17:23:31","level":"INFO","logger":"org.springframework.boot.autoconfigure.logging.ConditionEvaluationReportLogger","message":"

Error starting ApplicationContext. To display the condition evaluation report re-run your application with 'debug' enabled."}{"timestamp":"2026-06-08 17:23:31","level":"ERROR","logger":"org.springframework.boot.SpringApplication","message":"Application run failed"}org.springframework.beans.factory.BeanCreationException: Error creating bean with name 'contactController' defined in file [D:\Java\project\jobPortal\target\classes\com\eazybytes\jobportal\contacts\controller\ContactController.class]: Failed to instantiate [com.eazybytes.jobportal.contacts.controller.ContactController]: Constructor threw exception
	at org.springframework.beans.factory.support.ConstructorResolver.instantiate(ConstructorResolver.java:321)
	at org.springframework.beans.factory.support.ConstructorResolver.autowireConstructor(ConstructorResolver.java:309)
	at org.springframework.beans.factory.support.AbstractAutowireCapableBeanFactory.autowireConstructor(AbstractAutowireCapableBeanFactory.java:1382)
	at org.springframework.beans.factory.support.AbstractAutowireCapableBeanFactory.createBeanInstance(AbstractAutowireCapableBeanFactory.java:1221)
	at org.springframework.beans.factory.support.AbstractAutowireCapableBeanFactory.doCreateBean(AbstractAutowireCapableBeanFactory.java:565)
	at org.springframework.beans.factory.support.AbstractAutowireCapableBeanFactory.createBean(AbstractAutowireCapableBeanFactory.java:525)
	at org.springframework.beans.factory.support.AbstractBeanFactory.lambda$doGetBean$0(AbstractBeanFactory.java:333)
	at org.springframework.beans.factory.support.DefaultSingletonBeanRegistry.getSingleton(DefaultSingletonBeanRegistry.java:371)
	at org.springframework.beans.factory.support.AbstractBeanFactory.doGetBean(AbstractBeanFactory.java:331)
	at org.springframework.beans.factory.support.AbstractBeanFactory.getBean(AbstractBeanFactory.java:196)
	at org.springframework.beans.factory.support.DefaultListableBeanFactory.instantiateSingleton(DefaultListableBeanFactory.java:1218)
	at org.springframework.beans.factory.support.DefaultListableBeanFactory.preInstantiateSingleton(DefaultListableBeanFactory.java:1184)
	at org.springframework.beans.factory.support.DefaultListableBeanFactory.preInstantiateSingletons(DefaultListableBeanFactory.java:1121)
	at org.springframework.context.support.AbstractApplicationContext.finishBeanFactoryInitialization(AbstractApplicationContext.java:994)
	at org.springframework.context.support.AbstractApplicationContext.refresh(AbstractApplicationContext.java:621)
	at org.springframework.boot.web.server.servlet.context.ServletWebServerApplicationContext.refresh(ServletWebServerApplicationContext.java:143)
	at org.springframework.boot.SpringApplication.refresh(SpringApplication.java:756)
	at org.springframework.boot.SpringApplication.refreshContext(SpringApplication.java:445)
	at org.springframework.boot.SpringApplication.run(SpringApplication.java:321)
	at org.springframework.boot.SpringApplication.run(SpringApplication.java:1365)
	at org.springframework.boot.SpringApplication.run(SpringApplication.java:1354)
	at com.eazybytes.jobportal.JobportalApplication.main(JobportalApplication.java:12)
	at java.base/jdk.internal.reflect.DirectMethodHandleAccessor.invoke(DirectMethodHandleAccessor.java:104)
	at java.base/java.lang.reflect.Method.invoke(Method.java:565)
	at org.springframework.boot.devtools.restart.RestartLauncher.run(RestartLauncher.java:52)
Caused by: org.springframework.beans.BeanInstantiationException: Failed to instantiate [com.eazybytes.jobportal.contacts.controller.ContactController]: Constructor threw exception
	at org.springframework.beans.BeanUtils.instantiateClass(BeanUtils.java:220)
	at org.springframework.beans.factory.support.SimpleInstantiationStrategy.instantiate(SimpleInstantiationStrategy.java:129)
	at org.springframework.beans.factory.support.ConstructorResolver.instantiate(ConstructorResolver.java:318)
	... 24 common frames omitted
Caused by: java.lang.Error: Unresolved compilation problems: 
	Syntax error, insert "enum Identifier" to complete EnumHeader
	Syntax error, insert "EnumBody" to complete EnumDeclaration

	at com.eazybytes.jobportal.contacts.controller.ContactController.<init>(ContactController.java:57)
	at java.base/jdk.internal.reflect.DirectConstructorHandleAccessor.newInstance(DirectConstructorHandleAccessor.java:62)
	at java.base/java.lang.reflect.Constructor.newInstanceWithCaller(Constructor.java:499)
	at java.base/java.lang.reflect.Constructor.newInstance(Constructor.java:483)
	at org.springframework.beans.BeanUtils.instantiateClass(BeanUtils.java:207)
	... 26 common frames omitted
{"timestamp":"2026-06-08 17:23:44","level":"INFO","logger":"org.springframework.data.repository.config.RepositoryConfigurationDelegate","message":"Bootstrapping Spring Data JPA repositories in DEFAULT mode."}{"timestamp":"2026-06-08 17:23:44","level":"INFO","logger":"org.springframework.data.repository.config.RepositoryConfigurationDelegate","message":"Finished Spring Data repository scanning in 95 ms. Found 4 JPA repository interfaces."}{"timestamp":"2026-06-08 17:23:45","level":"INFO","logger":"org.springframework.boot.tomcat.TomcatWebServer","message":"Tomcat initialized with port 8080 (http)"}{"timestamp":"2026-06-08 17:23:45","level":"INFO","logger":"org.apache.coyote.http11.Http11NioProtocol","message":"Initializing ProtocolHandler ["http-nio-8080"]"}{"timestamp":"2026-06-08 17:23:45","level":"INFO","logger":"org.apache.catalina.core.StandardService","message":"Starting service [Tomcat]"}{"timestamp":"2026-06-08 17:23:45","level":"INFO","logger":"org.apache.catalina.core.StandardEngine","message":"Starting Servlet engine: [Apache Tomcat/11.0.20]"}{"timestamp":"2026-06-08 17:23:45","level":"INFO","logger":"org.springframework.boot.web.context.servlet.WebApplicationContextInitializer","message":"Root WebApplicationContext: initialization completed in 839 ms"}{"timestamp":"2026-06-08 17:23:45","level":"INFO","logger":"org.hibernate.orm.jpa","message":"HHH008540: Processing PersistenceUnitInfo [name: default]"}{"timestamp":"2026-06-08 17:23:45","level":"INFO","logger":"org.springframework.orm.jpa.persistenceunit.SpringPersistenceUnitInfo","message":"No LoadTimeWeaver setup: ignoring JPA class transformer"}{"timestamp":"2026-06-08 17:23:45","level":"INFO","logger":"com.zaxxer.hikari.HikariDataSource","message":"HikariPool-8 - Starting..."}{"timestamp":"2026-06-08 17:23:45","level":"INFO","logger":"com.zaxxer.hikari.pool.HikariPool","message":"HikariPool-8 - Added connection com.mysql.cj.jdbc.ConnectionImpl@6bf6a81a"}{"timestamp":"2026-06-08 17:23:45","level":"INFO","logger":"com.zaxxer.hikari.HikariDataSource","message":"HikariPool-8 - Start completed."}{"timestamp":"2026-06-08 17:23:45","level":"WARN","logger":"org.hibernate.orm.deprecation","message":"HHH90000025: MySQLDialect does not need to be specified explicitly using 'hibernate.dialect' (remove the property setting and it will be selected by default)"}{"timestamp":"2026-06-08 17:23:45","level":"INFO","logger":"org.hibernate.orm.connections.pooling","message":"HHH10001005: Database info:
	Database JDBC URL [jdbc:mysql://localhost:3306/jobportaldb?useSSL=false&serverTimezone=UTC&allowPublicKeyRetrieval=true]
	Database driver: MySQL Connector/J
	Database dialect: MySQLDialect
	Database version: 8.0.46
	Default catalog/schema: jobportaldb/undefined
	Autocommit mode: undefined/unknown
	Isolation level: REPEATABLE_READ [default REPEATABLE_READ]
	JDBC fetch size: none
	Pool: DataSourceConnectionProvider
	Minimum pool size: undefined/unknown
	Maximum pool size: undefined/unknown"}{"timestamp":"2026-06-08 17:23:45","level":"DEBUG","logger":"org.hibernate.tool.schema.spi.SchemaManagementToolCoordinator","message":"No schema actions specified for contributor 'orm'"}{"timestamp":"2026-06-08 17:23:45","level":"INFO","logger":"org.hibernate.orm.core","message":"HHH000489: No JTA platform available (set 'hibernate.transaction.jta.platform' to enable JTA platform integration)"}{"timestamp":"2026-06-08 17:23:45","level":"DEBUG","logger":"org.hibernate.tool.schema.spi.SchemaManagementToolCoordinator","message":"No schema actions specified for contributor 'orm'"}{"timestamp":"2026-06-08 17:23:45","level":"DEBUG","logger":"org.hibernate.tool.schema.spi.SchemaManagementToolCoordinator","message":"No schema management actions found"}{"timestamp":"2026-06-08 17:23:45","level":"INFO","logger":"org.springframework.orm.jpa.LocalContainerEntityManagerFactoryBean","message":"Initialized JPA EntityManagerFactory for persistence unit 'default'"}{"timestamp":"2026-06-08 17:23:45","level":"WARN","logger":"org.springframework.boot.web.server.servlet.context.AnnotationConfigServletWebServerApplicationContext","message":"Exception encountered during context initialization - cancelling refresh attempt: org.springframework.beans.factory.BeanCreationException: Error creating bean with name 'contactController' defined in file [D:\Java\project\jobPortal\target\classes\com\eazybytes\jobportal\contacts\controller\ContactController.class]: Failed to instantiate [com.eazybytes.jobportal.contacts.controller.ContactController]: Constructor threw exception"}{"timestamp":"2026-06-08 17:23:45","level":"INFO","logger":"org.springframework.orm.jpa.LocalContainerEntityManagerFactoryBean","message":"Closing JPA EntityManagerFactory for persistence unit 'default'"}{"timestamp":"2026-06-08 17:23:45","level":"INFO","logger":"com.zaxxer.hikari.HikariDataSource","message":"HikariPool-8 - Shutdown initiated..."}{"timestamp":"2026-06-08 17:23:45","level":"INFO","logger":"com.zaxxer.hikari.HikariDataSource","message":"HikariPool-8 - Shutdown completed."}{"timestamp":"2026-06-08 17:23:45","level":"INFO","logger":"org.apache.catalina.core.StandardService","message":"Stopping service [Tomcat]"}{"timestamp":"2026-06-08 17:23:45","level":"INFO","logger":"org.springframework.boot.autoconfigure.logging.ConditionEvaluationReportLogger","message":"

Error starting ApplicationContext. To display the condition evaluation report re-run your application with 'debug' enabled."}{"timestamp":"2026-06-08 17:23:45","level":"ERROR","logger":"org.springframework.boot.SpringApplication","message":"Application run failed"}org.springframework.beans.factory.BeanCreationException: Error creating bean with name 'contactController' defined in file [D:\Java\project\jobPortal\target\classes\com\eazybytes\jobportal\contacts\controller\ContactController.class]: Failed to instantiate [com.eazybytes.jobportal.contacts.controller.ContactController]: Constructor threw exception
	at org.springframework.beans.factory.support.ConstructorResolver.instantiate(ConstructorResolver.java:321)
	at org.springframework.beans.factory.support.ConstructorResolver.autowireConstructor(ConstructorResolver.java:309)
	at org.springframework.beans.factory.support.AbstractAutowireCapableBeanFactory.autowireConstructor(AbstractAutowireCapableBeanFactory.java:1382)
	at org.springframework.beans.factory.support.AbstractAutowireCapableBeanFactory.createBeanInstance(AbstractAutowireCapableBeanFactory.java:1221)
	at org.springframework.beans.factory.support.AbstractAutowireCapableBeanFactory.doCreateBean(AbstractAutowireCapableBeanFactory.java:565)
	at org.springframework.beans.factory.support.AbstractAutowireCapableBeanFactory.createBean(AbstractAutowireCapableBeanFactory.java:525)
	at org.springframework.beans.factory.support.AbstractBeanFactory.lambda$doGetBean$0(AbstractBeanFactory.java:333)
	at org.springframework.beans.factory.support.DefaultSingletonBeanRegistry.getSingleton(DefaultSingletonBeanRegistry.java:371)
	at org.springframework.beans.factory.support.AbstractBeanFactory.doGetBean(AbstractBeanFactory.java:331)
	at org.springframework.beans.factory.support.AbstractBeanFactory.getBean(AbstractBeanFactory.java:196)
	at org.springframework.beans.factory.support.DefaultListableBeanFactory.instantiateSingleton(DefaultListableBeanFactory.java:1218)
	at org.springframework.beans.factory.support.DefaultListableBeanFactory.preInstantiateSingleton(DefaultListableBeanFactory.java:1184)
	at org.springframework.beans.factory.support.DefaultListableBeanFactory.preInstantiateSingletons(DefaultListableBeanFactory.java:1121)
	at org.springframework.context.support.AbstractApplicationContext.finishBeanFactoryInitialization(AbstractApplicationContext.java:994)
	at org.springframework.context.support.AbstractApplicationContext.refresh(AbstractApplicationContext.java:621)
	at org.springframework.boot.web.server.servlet.context.ServletWebServerApplicationContext.refresh(ServletWebServerApplicationContext.java:143)
	at org.springframework.boot.SpringApplication.refresh(SpringApplication.java:756)
	at org.springframework.boot.SpringApplication.refreshContext(SpringApplication.java:445)
	at org.springframework.boot.SpringApplication.run(SpringApplication.java:321)
	at org.springframework.boot.SpringApplication.run(SpringApplication.java:1365)
	at org.springframework.boot.SpringApplication.run(SpringApplication.java:1354)
	at com.eazybytes.jobportal.JobportalApplication.main(JobportalApplication.java:12)
	at java.base/jdk.internal.reflect.DirectMethodHandleAccessor.invoke(DirectMethodHandleAccessor.java:104)
	at java.base/java.lang.reflect.Method.invoke(Method.java:565)
	at org.springframework.boot.devtools.restart.RestartLauncher.run(RestartLauncher.java:52)
Caused by: org.springframework.beans.BeanInstantiationException: Failed to instantiate [com.eazybytes.jobportal.contacts.controller.ContactController]: Constructor threw exception
	at org.springframework.beans.BeanUtils.instantiateClass(BeanUtils.java:220)
	at org.springframework.beans.factory.support.SimpleInstantiationStrategy.instantiate(SimpleInstantiationStrategy.java:129)
	at org.springframework.beans.factory.support.ConstructorResolver.instantiate(ConstructorResolver.java:318)
	... 24 common frames omitted
Caused by: java.lang.Error: Unresolved compilation problems: 
	Syntax error, insert "enum Identifier" to complete EnumHeader
	Syntax error, insert "EnumBody" to complete EnumDeclaration

	at com.eazybytes.jobportal.contacts.controller.ContactController.<init>(ContactController.java:57)
	at java.base/jdk.internal.reflect.DirectConstructorHandleAccessor.newInstance(DirectConstructorHandleAccessor.java:62)
	at java.base/java.lang.reflect.Constructor.newInstanceWithCaller(Constructor.java:499)
	at java.base/java.lang.reflect.Constructor.newInstance(Constructor.java:483)
	at org.springframework.beans.BeanUtils.instantiateClass(BeanUtils.java:207)
	... 26 common frames omitted
{"timestamp":"2026-06-08 17:23:47","level":"INFO","logger":"org.springframework.data.repository.config.RepositoryConfigurationDelegate","message":"Bootstrapping Spring Data JPA repositories in DEFAULT mode."}{"timestamp":"2026-06-08 17:23:47","level":"INFO","logger":"org.springframework.data.repository.config.RepositoryConfigurationDelegate","message":"Finished Spring Data repository scanning in 51 ms. Found 4 JPA repository interfaces."}{"timestamp":"2026-06-08 17:23:48","level":"INFO","logger":"org.springframework.boot.tomcat.TomcatWebServer","message":"Tomcat initialized with port 8080 (http)"}{"timestamp":"2026-06-08 17:23:48","level":"INFO","logger":"org.apache.coyote.http11.Http11NioProtocol","message":"Initializing ProtocolHandler ["http-nio-8080"]"}{"timestamp":"2026-06-08 17:23:48","level":"INFO","logger":"org.apache.catalina.core.StandardService","message":"Starting service [Tomcat]"}{"timestamp":"2026-06-08 17:23:48","level":"INFO","logger":"org.apache.catalina.core.StandardEngine","message":"Starting Servlet engine: [Apache Tomcat/11.0.20]"}{"timestamp":"2026-06-08 17:23:48","level":"INFO","logger":"org.springframework.boot.web.context.servlet.WebApplicationContextInitializer","message":"Root WebApplicationContext: initialization completed in 747 ms"}{"timestamp":"2026-06-08 17:23:48","level":"INFO","logger":"org.hibernate.orm.jpa","message":"HHH008540: Processing PersistenceUnitInfo [name: default]"}{"timestamp":"2026-06-08 17:23:48","level":"INFO","logger":"org.springframework.orm.jpa.persistenceunit.SpringPersistenceUnitInfo","message":"No LoadTimeWeaver setup: ignoring JPA class transformer"}{"timestamp":"2026-06-08 17:23:48","level":"INFO","logger":"com.zaxxer.hikari.HikariDataSource","message":"HikariPool-9 - Starting..."}{"timestamp":"2026-06-08 17:23:48","level":"INFO","logger":"com.zaxxer.hikari.pool.HikariPool","message":"HikariPool-9 - Added connection com.mysql.cj.jdbc.ConnectionImpl@2bb5ff18"}{"timestamp":"2026-06-08 17:23:48","level":"INFO","logger":"com.zaxxer.hikari.HikariDataSource","message":"HikariPool-9 - Start completed."}{"timestamp":"2026-06-08 17:23:48","level":"WARN","logger":"org.hibernate.orm.deprecation","message":"HHH90000025: MySQLDialect does not need to be specified explicitly using 'hibernate.dialect' (remove the property setting and it will be selected by default)"}{"timestamp":"2026-06-08 17:23:48","level":"INFO","logger":"org.hibernate.orm.connections.pooling","message":"HHH10001005: Database info:
	Database JDBC URL [jdbc:mysql://localhost:3306/jobportaldb?useSSL=false&serverTimezone=UTC&allowPublicKeyRetrieval=true]
	Database driver: MySQL Connector/J
	Database dialect: MySQLDialect
	Database version: 8.0.46
	Default catalog/schema: jobportaldb/undefined
	Autocommit mode: undefined/unknown
	Isolation level: REPEATABLE_READ [default REPEATABLE_READ]
	JDBC fetch size: none
	Pool: DataSourceConnectionProvider
	Minimum pool size: undefined/unknown
	Maximum pool size: undefined/unknown"}{"timestamp":"2026-06-08 17:23:48","level":"DEBUG","logger":"org.hibernate.tool.schema.spi.SchemaManagementToolCoordinator","message":"No schema actions specified for contributor 'orm'"}{"timestamp":"2026-06-08 17:23:48","level":"INFO","logger":"org.hibernate.orm.core","message":"HHH000489: No JTA platform available (set 'hibernate.transaction.jta.platform' to enable JTA platform integration)"}{"timestamp":"2026-06-08 17:23:48","level":"DEBUG","logger":"org.hibernate.tool.schema.spi.SchemaManagementToolCoordinator","message":"No schema actions specified for contributor 'orm'"}{"timestamp":"2026-06-08 17:23:48","level":"DEBUG","logger":"org.hibernate.tool.schema.spi.SchemaManagementToolCoordinator","message":"No schema management actions found"}{"timestamp":"2026-06-08 17:23:48","level":"INFO","logger":"org.springframework.orm.jpa.LocalContainerEntityManagerFactoryBean","message":"Initialized JPA EntityManagerFactory for persistence unit 'default'"}{"timestamp":"2026-06-08 17:23:48","level":"WARN","logger":"org.springframework.boot.web.server.servlet.context.AnnotationConfigServletWebServerApplicationContext","message":"Exception encountered during context initialization - cancelling refresh attempt: org.springframework.beans.factory.BeanCreationException: Error creating bean with name 'contactController' defined in file [D:\Java\project\jobPortal\target\classes\com\eazybytes\jobportal\contacts\controller\ContactController.class]: Failed to instantiate [com.eazybytes.jobportal.contacts.controller.ContactController]: Constructor threw exception"}{"timestamp":"2026-06-08 17:23:48","level":"INFO","logger":"org.springframework.orm.jpa.LocalContainerEntityManagerFactoryBean","message":"Closing JPA EntityManagerFactory for persistence unit 'default'"}{"timestamp":"2026-06-08 17:23:48","level":"INFO","logger":"com.zaxxer.hikari.HikariDataSource","message":"HikariPool-9 - Shutdown initiated..."}{"timestamp":"2026-06-08 17:23:48","level":"INFO","logger":"com.zaxxer.hikari.HikariDataSource","message":"HikariPool-9 - Shutdown completed."}{"timestamp":"2026-06-08 17:23:48","level":"INFO","logger":"org.apache.catalina.core.StandardService","message":"Stopping service [Tomcat]"}{"timestamp":"2026-06-08 17:23:48","level":"INFO","logger":"org.springframework.boot.autoconfigure.logging.ConditionEvaluationReportLogger","message":"

Error starting ApplicationContext. To display the condition evaluation report re-run your application with 'debug' enabled."}{"timestamp":"2026-06-08 17:23:48","level":"ERROR","logger":"org.springframework.boot.SpringApplication","message":"Application run failed"}org.springframework.beans.factory.BeanCreationException: Error creating bean with name 'contactController' defined in file [D:\Java\project\jobPortal\target\classes\com\eazybytes\jobportal\contacts\controller\ContactController.class]: Failed to instantiate [com.eazybytes.jobportal.contacts.controller.ContactController]: Constructor threw exception
	at org.springframework.beans.factory.support.ConstructorResolver.instantiate(ConstructorResolver.java:321)
	at org.springframework.beans.factory.support.ConstructorResolver.autowireConstructor(ConstructorResolver.java:309)
	at org.springframework.beans.factory.support.AbstractAutowireCapableBeanFactory.autowireConstructor(AbstractAutowireCapableBeanFactory.java:1382)
	at org.springframework.beans.factory.support.AbstractAutowireCapableBeanFactory.createBeanInstance(AbstractAutowireCapableBeanFactory.java:1221)
	at org.springframework.beans.factory.support.AbstractAutowireCapableBeanFactory.doCreateBean(AbstractAutowireCapableBeanFactory.java:565)
	at org.springframework.beans.factory.support.AbstractAutowireCapableBeanFactory.createBean(AbstractAutowireCapableBeanFactory.java:525)
	at org.springframework.beans.factory.support.AbstractBeanFactory.lambda$doGetBean$0(AbstractBeanFactory.java:333)
	at org.springframework.beans.factory.support.DefaultSingletonBeanRegistry.getSingleton(DefaultSingletonBeanRegistry.java:371)
	at org.springframework.beans.factory.support.AbstractBeanFactory.doGetBean(AbstractBeanFactory.java:331)
	at org.springframework.beans.factory.support.AbstractBeanFactory.getBean(AbstractBeanFactory.java:196)
	at org.springframework.beans.factory.support.DefaultListableBeanFactory.instantiateSingleton(DefaultListableBeanFactory.java:1218)
	at org.springframework.beans.factory.support.DefaultListableBeanFactory.preInstantiateSingleton(DefaultListableBeanFactory.java:1184)
	at org.springframework.beans.factory.support.DefaultListableBeanFactory.preInstantiateSingletons(DefaultListableBeanFactory.java:1121)
	at org.springframework.context.support.AbstractApplicationContext.finishBeanFactoryInitialization(AbstractApplicationContext.java:994)
	at org.springframework.context.support.AbstractApplicationContext.refresh(AbstractApplicationContext.java:621)
	at org.springframework.boot.web.server.servlet.context.ServletWebServerApplicationContext.refresh(ServletWebServerApplicationContext.java:143)
	at org.springframework.boot.SpringApplication.refresh(SpringApplication.java:756)
	at org.springframework.boot.SpringApplication.refreshContext(SpringApplication.java:445)
	at org.springframework.boot.SpringApplication.run(SpringApplication.java:321)
	at org.springframework.boot.SpringApplication.run(SpringApplication.java:1365)
	at org.springframework.boot.SpringApplication.run(SpringApplication.java:1354)
	at com.eazybytes.jobportal.JobportalApplication.main(JobportalApplication.java:12)
	at java.base/jdk.internal.reflect.DirectMethodHandleAccessor.invoke(DirectMethodHandleAccessor.java:104)
	at java.base/java.lang.reflect.Method.invoke(Method.java:565)
	at org.springframework.boot.devtools.restart.RestartLauncher.run(RestartLauncher.java:52)
Caused by: org.springframework.beans.BeanInstantiationException: Failed to instantiate [com.eazybytes.jobportal.contacts.controller.ContactController]: Constructor threw exception
	at org.springframework.beans.BeanUtils.instantiateClass(BeanUtils.java:220)
	at org.springframework.beans.factory.support.SimpleInstantiationStrategy.instantiate(SimpleInstantiationStrategy.java:129)
	at org.springframework.beans.factory.support.ConstructorResolver.instantiate(ConstructorResolver.java:318)
	... 24 common frames omitted
Caused by: java.lang.Error: Unresolved compilation problems: 
	Syntax error, insert "enum Identifier" to complete EnumHeader
	Syntax error, insert "EnumBody" to complete EnumDeclaration

	at com.eazybytes.jobportal.contacts.controller.ContactController.<init>(ContactController.java:57)
	at java.base/jdk.internal.reflect.DirectConstructorHandleAccessor.newInstance(DirectConstructorHandleAccessor.java:62)
	at java.base/java.lang.reflect.Constructor.newInstanceWithCaller(Constructor.java:499)
	at java.base/java.lang.reflect.Constructor.newInstance(Constructor.java:483)
	at org.springframework.beans.BeanUtils.instantiateClass(BeanUtils.java:207)
	... 26 common frames omitted
{"timestamp":"2026-06-08 17:23:51","level":"INFO","logger":"org.springframework.data.repository.config.RepositoryConfigurationDelegate","message":"Bootstrapping Spring Data JPA repositories in DEFAULT mode."}{"timestamp":"2026-06-08 17:23:51","level":"INFO","logger":"org.springframework.data.repository.config.RepositoryConfigurationDelegate","message":"Finished Spring Data repository scanning in 60 ms. Found 4 JPA repository interfaces."}{"timestamp":"2026-06-08 17:23:51","level":"INFO","logger":"org.springframework.boot.tomcat.TomcatWebServer","message":"Tomcat initialized with port 8080 (http)"}{"timestamp":"2026-06-08 17:23:51","level":"INFO","logger":"org.apache.coyote.http11.Http11NioProtocol","message":"Initializing ProtocolHandler ["http-nio-8080"]"}{"timestamp":"2026-06-08 17:23:51","level":"INFO","logger":"org.apache.catalina.core.StandardService","message":"Starting service [Tomcat]"}{"timestamp":"2026-06-08 17:23:51","level":"INFO","logger":"org.apache.catalina.core.StandardEngine","message":"Starting Servlet engine: [Apache Tomcat/11.0.20]"}{"timestamp":"2026-06-08 17:23:52","level":"INFO","logger":"org.springframework.boot.web.context.servlet.WebApplicationContextInitializer","message":"Root WebApplicationContext: initialization completed in 614 ms"}{"timestamp":"2026-06-08 17:23:52","level":"INFO","logger":"org.hibernate.orm.jpa","message":"HHH008540: Processing PersistenceUnitInfo [name: default]"}{"timestamp":"2026-06-08 17:23:52","level":"INFO","logger":"org.springframework.orm.jpa.persistenceunit.SpringPersistenceUnitInfo","message":"No LoadTimeWeaver setup: ignoring JPA class transformer"}{"timestamp":"2026-06-08 17:23:52","level":"INFO","logger":"com.zaxxer.hikari.HikariDataSource","message":"HikariPool-10 - Starting..."}{"timestamp":"2026-06-08 17:23:52","level":"INFO","logger":"com.zaxxer.hikari.pool.HikariPool","message":"HikariPool-10 - Added connection com.mysql.cj.jdbc.ConnectionImpl@3b125e93"}{"timestamp":"2026-06-08 17:23:52","level":"INFO","logger":"com.zaxxer.hikari.HikariDataSource","message":"HikariPool-10 - Start completed."}{"timestamp":"2026-06-08 17:23:52","level":"WARN","logger":"org.hibernate.orm.deprecation","message":"HHH90000025: MySQLDialect does not need to be specified explicitly using 'hibernate.dialect' (remove the property setting and it will be selected by default)"}{"timestamp":"2026-06-08 17:23:52","level":"INFO","logger":"org.hibernate.orm.connections.pooling","message":"HHH10001005: Database info:
	Database JDBC URL [jdbc:mysql://localhost:3306/jobportaldb?useSSL=false&serverTimezone=UTC&allowPublicKeyRetrieval=true]
	Database driver: MySQL Connector/J
	Database dialect: MySQLDialect
	Database version: 8.0.46
	Default catalog/schema: jobportaldb/undefined
	Autocommit mode: undefined/unknown
	Isolation level: REPEATABLE_READ [default REPEATABLE_READ]
	JDBC fetch size: none
	Pool: DataSourceConnectionProvider
	Minimum pool size: undefined/unknown
	Maximum pool size: undefined/unknown"}{"timestamp":"2026-06-08 17:23:52","level":"DEBUG","logger":"org.hibernate.tool.schema.spi.SchemaManagementToolCoordinator","message":"No schema actions specified for contributor 'orm'"}{"timestamp":"2026-06-08 17:23:52","level":"INFO","logger":"org.hibernate.orm.core","message":"HHH000489: No JTA platform available (set 'hibernate.transaction.jta.platform' to enable JTA platform integration)"}{"timestamp":"2026-06-08 17:23:52","level":"DEBUG","logger":"org.hibernate.tool.schema.spi.SchemaManagementToolCoordinator","message":"No schema actions specified for contributor 'orm'"}{"timestamp":"2026-06-08 17:23:52","level":"DEBUG","logger":"org.hibernate.tool.schema.spi.SchemaManagementToolCoordinator","message":"No schema management actions found"}{"timestamp":"2026-06-08 17:23:52","level":"INFO","logger":"org.springframework.orm.jpa.LocalContainerEntityManagerFactoryBean","message":"Initialized JPA EntityManagerFactory for persistence unit 'default'"}{"timestamp":"2026-06-08 17:23:52","level":"WARN","logger":"org.springframework.boot.web.server.servlet.context.AnnotationConfigServletWebServerApplicationContext","message":"Exception encountered during context initialization - cancelling refresh attempt: org.springframework.beans.factory.BeanCreationException: Error creating bean with name 'contactController' defined in file [D:\Java\project\jobPortal\target\classes\com\eazybytes\jobportal\contacts\controller\ContactController.class]: Failed to instantiate [com.eazybytes.jobportal.contacts.controller.ContactController]: Constructor threw exception"}{"timestamp":"2026-06-08 17:23:52","level":"INFO","logger":"org.springframework.orm.jpa.LocalContainerEntityManagerFactoryBean","message":"Closing JPA EntityManagerFactory for persistence unit 'default'"}{"timestamp":"2026-06-08 17:23:52","level":"INFO","logger":"com.zaxxer.hikari.HikariDataSource","message":"HikariPool-10 - Shutdown initiated..."}{"timestamp":"2026-06-08 17:23:52","level":"INFO","logger":"com.zaxxer.hikari.HikariDataSource","message":"HikariPool-10 - Shutdown completed."}{"timestamp":"2026-06-08 17:23:52","level":"INFO","logger":"org.apache.catalina.core.StandardService","message":"Stopping service [Tomcat]"}{"timestamp":"2026-06-08 17:23:52","level":"INFO","logger":"org.springframework.boot.autoconfigure.logging.ConditionEvaluationReportLogger","message":"

Error starting ApplicationContext. To display the condition evaluation report re-run your application with 'debug' enabled."}{"timestamp":"2026-06-08 17:23:52","level":"ERROR","logger":"org.springframework.boot.SpringApplication","message":"Application run failed"}org.springframework.beans.factory.BeanCreationException: Error creating bean with name 'contactController' defined in file [D:\Java\project\jobPortal\target\classes\com\eazybytes\jobportal\contacts\controller\ContactController.class]: Failed to instantiate [com.eazybytes.jobportal.contacts.controller.ContactController]: Constructor threw exception
	at org.springframework.beans.factory.support.ConstructorResolver.instantiate(ConstructorResolver.java:321)
	at org.springframework.beans.factory.support.ConstructorResolver.autowireConstructor(ConstructorResolver.java:309)
	at org.springframework.beans.factory.support.AbstractAutowireCapableBeanFactory.autowireConstructor(AbstractAutowireCapableBeanFactory.java:1382)
	at org.springframework.beans.factory.support.AbstractAutowireCapableBeanFactory.createBeanInstance(AbstractAutowireCapableBeanFactory.java:1221)
	at org.springframework.beans.factory.support.AbstractAutowireCapableBeanFactory.doCreateBean(AbstractAutowireCapableBeanFactory.java:565)
	at org.springframework.beans.factory.support.AbstractAutowireCapableBeanFactory.createBean(AbstractAutowireCapableBeanFactory.java:525)
	at org.springframework.beans.factory.support.AbstractBeanFactory.lambda$doGetBean$0(AbstractBeanFactory.java:333)
	at org.springframework.beans.factory.support.DefaultSingletonBeanRegistry.getSingleton(DefaultSingletonBeanRegistry.java:371)
	at org.springframework.beans.factory.support.AbstractBeanFactory.doGetBean(AbstractBeanFactory.java:331)
	at org.springframework.beans.factory.support.AbstractBeanFactory.getBean(AbstractBeanFactory.java:196)
	at org.springframework.beans.factory.support.DefaultListableBeanFactory.instantiateSingleton(DefaultListableBeanFactory.java:1218)
	at org.springframework.beans.factory.support.DefaultListableBeanFactory.preInstantiateSingleton(DefaultListableBeanFactory.java:1184)
	at org.springframework.beans.factory.support.DefaultListableBeanFactory.preInstantiateSingletons(DefaultListableBeanFactory.java:1121)
	at org.springframework.context.support.AbstractApplicationContext.finishBeanFactoryInitialization(AbstractApplicationContext.java:994)
	at org.springframework.context.support.AbstractApplicationContext.refresh(AbstractApplicationContext.java:621)
	at org.springframework.boot.web.server.servlet.context.ServletWebServerApplicationContext.refresh(ServletWebServerApplicationContext.java:143)
	at org.springframework.boot.SpringApplication.refresh(SpringApplication.java:756)
	at org.springframework.boot.SpringApplication.refreshContext(SpringApplication.java:445)
	at org.springframework.boot.SpringApplication.run(SpringApplication.java:321)
	at org.springframework.boot.SpringApplication.run(SpringApplication.java:1365)
	at org.springframework.boot.SpringApplication.run(SpringApplication.java:1354)
	at com.eazybytes.jobportal.JobportalApplication.main(JobportalApplication.java:12)
	at java.base/jdk.internal.reflect.DirectMethodHandleAccessor.invoke(DirectMethodHandleAccessor.java:104)
	at java.base/java.lang.reflect.Method.invoke(Method.java:565)
	at org.springframework.boot.devtools.restart.RestartLauncher.run(RestartLauncher.java:52)
Caused by: org.springframework.beans.BeanInstantiationException: Failed to instantiate [com.eazybytes.jobportal.contacts.controller.ContactController]: Constructor threw exception
	at org.springframework.beans.BeanUtils.instantiateClass(BeanUtils.java:220)
	at org.springframework.beans.factory.support.SimpleInstantiationStrategy.instantiate(SimpleInstantiationStrategy.java:129)
	at org.springframework.beans.factory.support.ConstructorResolver.instantiate(ConstructorResolver.java:318)
	... 24 common frames omitted
Caused by: java.lang.Error: Unresolved compilation problems: 
	Syntax error, insert "enum Identifier" to complete EnumHeader
	Syntax error, insert "EnumBody" to complete EnumDeclaration

	at com.eazybytes.jobportal.contacts.controller.ContactController.<init>(ContactController.java:57)
	at java.base/jdk.internal.reflect.DirectConstructorHandleAccessor.newInstance(DirectConstructorHandleAccessor.java:62)
	at java.base/java.lang.reflect.Constructor.newInstanceWithCaller(Constructor.java:499)
	at java.base/java.lang.reflect.Constructor.newInstance(Constructor.java:483)
	at org.springframework.beans.BeanUtils.instantiateClass(BeanUtils.java:207)
	... 26 common frames omitted
{"timestamp":"2026-06-08 17:23:59","level":"INFO","logger":"org.springframework.data.repository.config.RepositoryConfigurationDelegate","message":"Bootstrapping Spring Data JPA repositories in DEFAULT mode."}{"timestamp":"2026-06-08 17:23:59","level":"INFO","logger":"org.springframework.data.repository.config.RepositoryConfigurationDelegate","message":"Finished Spring Data repository scanning in 38 ms. Found 4 JPA repository interfaces."}{"timestamp":"2026-06-08 17:23:59","level":"INFO","logger":"org.springframework.boot.tomcat.TomcatWebServer","message":"Tomcat initialized with port 8080 (http)"}{"timestamp":"2026-06-08 17:23:59","level":"INFO","logger":"org.apache.coyote.http11.Http11NioProtocol","message":"Initializing ProtocolHandler ["http-nio-8080"]"}{"timestamp":"2026-06-08 17:23:59","level":"INFO","logger":"org.apache.catalina.core.StandardService","message":"Starting service [Tomcat]"}{"timestamp":"2026-06-08 17:23:59","level":"INFO","logger":"org.apache.catalina.core.StandardEngine","message":"Starting Servlet engine: [Apache Tomcat/11.0.20]"}{"timestamp":"2026-06-08 17:23:59","level":"INFO","logger":"org.springframework.boot.web.context.servlet.WebApplicationContextInitializer","message":"Root WebApplicationContext: initialization completed in 557 ms"}{"timestamp":"2026-06-08 17:23:59","level":"INFO","logger":"org.hibernate.orm.jpa","message":"HHH008540: Processing PersistenceUnitInfo [name: default]"}{"timestamp":"2026-06-08 17:23:59","level":"INFO","logger":"org.springframework.orm.jpa.persistenceunit.SpringPersistenceUnitInfo","message":"No LoadTimeWeaver setup: ignoring JPA class transformer"}{"timestamp":"2026-06-08 17:23:59","level":"INFO","logger":"com.zaxxer.hikari.HikariDataSource","message":"HikariPool-11 - Starting..."}{"timestamp":"2026-06-08 17:23:59","level":"INFO","logger":"com.zaxxer.hikari.pool.HikariPool","message":"HikariPool-11 - Added connection com.mysql.cj.jdbc.ConnectionImpl@3bd08192"}{"timestamp":"2026-06-08 17:24:00","level":"INFO","logger":"com.zaxxer.hikari.HikariDataSource","message":"HikariPool-11 - Start completed."}{"timestamp":"2026-06-08 17:24:00","level":"WARN","logger":"org.hibernate.orm.deprecation","message":"HHH90000025: MySQLDialect does not need to be specified explicitly using 'hibernate.dialect' (remove the property setting and it will be selected by default)"}{"timestamp":"2026-06-08 17:24:00","level":"INFO","logger":"org.hibernate.orm.connections.pooling","message":"HHH10001005: Database info:
	Database JDBC URL [jdbc:mysql://localhost:3306/jobportaldb?useSSL=false&serverTimezone=UTC&allowPublicKeyRetrieval=true]
	Database driver: MySQL Connector/J
	Database dialect: MySQLDialect
	Database version: 8.0.46
	Default catalog/schema: jobportaldb/undefined
	Autocommit mode: undefined/unknown
	Isolation level: REPEATABLE_READ [default REPEATABLE_READ]
	JDBC fetch size: none
	Pool: DataSourceConnectionProvider
	Minimum pool size: undefined/unknown
	Maximum pool size: undefined/unknown"}{"timestamp":"2026-06-08 17:24:00","level":"DEBUG","logger":"org.hibernate.tool.schema.spi.SchemaManagementToolCoordinator","message":"No schema actions specified for contributor 'orm'"}{"timestamp":"2026-06-08 17:24:00","level":"INFO","logger":"org.hibernate.orm.core","message":"HHH000489: No JTA platform available (set 'hibernate.transaction.jta.platform' to enable JTA platform integration)"}{"timestamp":"2026-06-08 17:24:00","level":"DEBUG","logger":"org.hibernate.tool.schema.spi.SchemaManagementToolCoordinator","message":"No schema actions specified for contributor 'orm'"}{"timestamp":"2026-06-08 17:24:00","level":"DEBUG","logger":"org.hibernate.tool.schema.spi.SchemaManagementToolCoordinator","message":"No schema management actions found"}{"timestamp":"2026-06-08 17:24:00","level":"INFO","logger":"org.springframework.orm.jpa.LocalContainerEntityManagerFactoryBean","message":"Initialized JPA EntityManagerFactory for persistence unit 'default'"}{"timestamp":"2026-06-08 17:24:00","level":"WARN","logger":"org.springframework.boot.web.server.servlet.context.AnnotationConfigServletWebServerApplicationContext","message":"Exception encountered during context initialization - cancelling refresh attempt: org.springframework.beans.factory.BeanCreationException: Error creating bean with name 'contactController' defined in file [D:\Java\project\jobPortal\target\classes\com\eazybytes\jobportal\contacts\controller\ContactController.class]: Failed to instantiate [com.eazybytes.jobportal.contacts.controller.ContactController]: Constructor threw exception"}{"timestamp":"2026-06-08 17:24:00","level":"INFO","logger":"org.springframework.orm.jpa.LocalContainerEntityManagerFactoryBean","message":"Closing JPA EntityManagerFactory for persistence unit 'default'"}{"timestamp":"2026-06-08 17:24:00","level":"INFO","logger":"com.zaxxer.hikari.HikariDataSource","message":"HikariPool-11 - Shutdown initiated..."}{"timestamp":"2026-06-08 17:24:00","level":"INFO","logger":"com.zaxxer.hikari.HikariDataSource","message":"HikariPool-11 - Shutdown completed."}{"timestamp":"2026-06-08 17:24:00","level":"INFO","logger":"org.apache.catalina.core.StandardService","message":"Stopping service [Tomcat]"}{"timestamp":"2026-06-08 17:24:00","level":"INFO","logger":"org.springframework.boot.autoconfigure.logging.ConditionEvaluationReportLogger","message":"

Error starting ApplicationContext. To display the condition evaluation report re-run your application with 'debug' enabled."}{"timestamp":"2026-06-08 17:24:00","level":"ERROR","logger":"org.springframework.boot.SpringApplication","message":"Application run failed"}org.springframework.beans.factory.BeanCreationException: Error creating bean with name 'contactController' defined in file [D:\Java\project\jobPortal\target\classes\com\eazybytes\jobportal\contacts\controller\ContactController.class]: Failed to instantiate [com.eazybytes.jobportal.contacts.controller.ContactController]: Constructor threw exception
	at org.springframework.beans.factory.support.ConstructorResolver.instantiate(ConstructorResolver.java:321)
	at org.springframework.beans.factory.support.ConstructorResolver.autowireConstructor(ConstructorResolver.java:309)
	at org.springframework.beans.factory.support.AbstractAutowireCapableBeanFactory.autowireConstructor(AbstractAutowireCapableBeanFactory.java:1382)
	at org.springframework.beans.factory.support.AbstractAutowireCapableBeanFactory.createBeanInstance(AbstractAutowireCapableBeanFactory.java:1221)
	at org.springframework.beans.factory.support.AbstractAutowireCapableBeanFactory.doCreateBean(AbstractAutowireCapableBeanFactory.java:565)
	at org.springframework.beans.factory.support.AbstractAutowireCapableBeanFactory.createBean(AbstractAutowireCapableBeanFactory.java:525)
	at org.springframework.beans.factory.support.AbstractBeanFactory.lambda$doGetBean$0(AbstractBeanFactory.java:333)
	at org.springframework.beans.factory.support.DefaultSingletonBeanRegistry.getSingleton(DefaultSingletonBeanRegistry.java:371)
	at org.springframework.beans.factory.support.AbstractBeanFactory.doGetBean(AbstractBeanFactory.java:331)
	at org.springframework.beans.factory.support.AbstractBeanFactory.getBean(AbstractBeanFactory.java:196)
	at org.springframework.beans.factory.support.DefaultListableBeanFactory.instantiateSingleton(DefaultListableBeanFactory.java:1218)
	at org.springframework.beans.factory.support.DefaultListableBeanFactory.preInstantiateSingleton(DefaultListableBeanFactory.java:1184)
	at org.springframework.beans.factory.support.DefaultListableBeanFactory.preInstantiateSingletons(DefaultListableBeanFactory.java:1121)
	at org.springframework.context.support.AbstractApplicationContext.finishBeanFactoryInitialization(AbstractApplicationContext.java:994)
	at org.springframework.context.support.AbstractApplicationContext.refresh(AbstractApplicationContext.java:621)
	at org.springframework.boot.web.server.servlet.context.ServletWebServerApplicationContext.refresh(ServletWebServerApplicationContext.java:143)
	at org.springframework.boot.SpringApplication.refresh(SpringApplication.java:756)
	at org.springframework.boot.SpringApplication.refreshContext(SpringApplication.java:445)
	at org.springframework.boot.SpringApplication.run(SpringApplication.java:321)
	at org.springframework.boot.SpringApplication.run(SpringApplication.java:1365)
	at org.springframework.boot.SpringApplication.run(SpringApplication.java:1354)
	at com.eazybytes.jobportal.JobportalApplication.main(JobportalApplication.java:12)
	at java.base/jdk.internal.reflect.DirectMethodHandleAccessor.invoke(DirectMethodHandleAccessor.java:104)
	at java.base/java.lang.reflect.Method.invoke(Method.java:565)
	at org.springframework.boot.devtools.restart.RestartLauncher.run(RestartLauncher.java:52)
Caused by: org.springframework.beans.BeanInstantiationException: Failed to instantiate [com.eazybytes.jobportal.contacts.controller.ContactController]: Constructor threw exception
	at org.springframework.beans.BeanUtils.instantiateClass(BeanUtils.java:220)
	at org.springframework.beans.factory.support.SimpleInstantiationStrategy.instantiate(SimpleInstantiationStrategy.java:129)
	at org.springframework.beans.factory.support.ConstructorResolver.instantiate(ConstructorResolver.java:318)
	... 24 common frames omitted
Caused by: java.lang.Error: Unresolved compilation problems: 
	Syntax error, insert "enum Identifier" to complete EnumHeader
	Syntax error, insert "EnumBody" to complete EnumDeclaration

	at com.eazybytes.jobportal.contacts.controller.ContactController.<init>(ContactController.java:57)
	at java.base/jdk.internal.reflect.DirectConstructorHandleAccessor.newInstance(DirectConstructorHandleAccessor.java:62)
	at java.base/java.lang.reflect.Constructor.newInstanceWithCaller(Constructor.java:499)
	at java.base/java.lang.reflect.Constructor.newInstance(Constructor.java:483)
	at org.springframework.beans.BeanUtils.instantiateClass(BeanUtils.java:207)
	... 26 common frames omitted
{"timestamp":"2026-06-08 17:46:16","level":"INFO","logger":"org.hibernate.validator.internal.util.Version","message":"HV000001: Hibernate Validator 9.0.1.Final"}{"timestamp":"2026-06-08 17:46:16","level":"INFO","logger":"org.springframework.boot.devtools.env.DevToolsPropertyDefaultsPostProcessor","message":"Devtools property defaults active! Set 'spring.devtools.add-properties' to 'false' to disable"}{"timestamp":"2026-06-08 17:46:16","level":"INFO","logger":"org.springframework.boot.devtools.env.DevToolsPropertyDefaultsPostProcessor","message":"For additional web related logging consider setting the 'logging.level.web' property to 'DEBUG'"}{"timestamp":"2026-06-08 17:46:17","level":"INFO","logger":"org.springframework.data.repository.config.RepositoryConfigurationDelegate","message":"Bootstrapping Spring Data JPA repositories in DEFAULT mode."}{"timestamp":"2026-06-08 17:46:17","level":"INFO","logger":"org.springframework.data.repository.config.RepositoryConfigurationDelegate","message":"Finished Spring Data repository scanning in 68 ms. Found 4 JPA repository interfaces."}{"timestamp":"2026-06-08 17:46:18","level":"INFO","logger":"org.springframework.boot.tomcat.TomcatWebServer","message":"Tomcat initialized with port 8080 (http)"}{"timestamp":"2026-06-08 17:46:18","level":"INFO","logger":"org.apache.coyote.http11.Http11NioProtocol","message":"Initializing ProtocolHandler ["http-nio-8080"]"}{"timestamp":"2026-06-08 17:46:18","level":"INFO","logger":"org.apache.catalina.core.StandardService","message":"Starting service [Tomcat]"}{"timestamp":"2026-06-08 17:46:18","level":"INFO","logger":"org.apache.catalina.core.StandardEngine","message":"Starting Servlet engine: [Apache Tomcat/11.0.20]"}{"timestamp":"2026-06-08 17:46:18","level":"INFO","logger":"org.springframework.boot.web.context.servlet.WebApplicationContextInitializer","message":"Root WebApplicationContext: initialization completed in 2633 ms"}{"timestamp":"2026-06-08 17:46:19","level":"INFO","logger":"org.hibernate.orm.jpa","message":"HHH008540: Processing PersistenceUnitInfo [name: default]"}{"timestamp":"2026-06-08 17:46:19","level":"INFO","logger":"org.hibernate.orm.core","message":"HHH000001: Hibernate ORM core version 7.2.7.Final"}{"timestamp":"2026-06-08 17:46:20","level":"INFO","logger":"org.springframework.orm.jpa.persistenceunit.SpringPersistenceUnitInfo","message":"No LoadTimeWeaver setup: ignoring JPA class transformer"}{"timestamp":"2026-06-08 17:46:20","level":"INFO","logger":"com.zaxxer.hikari.HikariDataSource","message":"HikariPool-1 - Starting..."}{"timestamp":"2026-06-08 17:46:20","level":"INFO","logger":"com.zaxxer.hikari.pool.HikariPool","message":"HikariPool-1 - Added connection com.mysql.cj.jdbc.ConnectionImpl@690d4c5b"}{"timestamp":"2026-06-08 17:46:20","level":"INFO","logger":"com.zaxxer.hikari.HikariDataSource","message":"HikariPool-1 - Start completed."}{"timestamp":"2026-06-08 17:46:20","level":"WARN","logger":"org.hibernate.orm.deprecation","message":"HHH90000025: MySQLDialect does not need to be specified explicitly using 'hibernate.dialect' (remove the property setting and it will be selected by default)"}{"timestamp":"2026-06-08 17:46:20","level":"INFO","logger":"org.hibernate.orm.connections.pooling","message":"HHH10001005: Database info:
	Database JDBC URL [jdbc:mysql://localhost:3306/jobportaldb?useSSL=false&serverTimezone=UTC&allowPublicKeyRetrieval=true]
	Database driver: MySQL Connector/J
	Database dialect: MySQLDialect
	Database version: 8.0.46
	Default catalog/schema: jobportaldb/undefined
	Autocommit mode: undefined/unknown
	Isolation level: REPEATABLE_READ [default REPEATABLE_READ]
	JDBC fetch size: none
	Pool: DataSourceConnectionProvider
	Minimum pool size: undefined/unknown
	Maximum pool size: undefined/unknown"}{"timestamp":"2026-06-08 17:46:21","level":"DEBUG","logger":"org.hibernate.tool.schema.spi.SchemaManagementToolCoordinator","message":"No schema actions specified for contributor 'orm'"}{"timestamp":"2026-06-08 17:46:22","level":"INFO","logger":"org.hibernate.orm.core","message":"HHH000489: No JTA platform available (set 'hibernate.transaction.jta.platform' to enable JTA platform integration)"}{"timestamp":"2026-06-08 17:46:22","level":"DEBUG","logger":"org.hibernate.tool.schema.spi.SchemaManagementToolCoordinator","message":"No schema actions specified for contributor 'orm'"}{"timestamp":"2026-06-08 17:46:22","level":"DEBUG","logger":"org.hibernate.tool.schema.spi.SchemaManagementToolCoordinator","message":"No schema management actions found"}{"timestamp":"2026-06-08 17:46:22","level":"INFO","logger":"org.springframework.orm.jpa.LocalContainerEntityManagerFactoryBean","message":"Initialized JPA EntityManagerFactory for persistence unit 'default'"}{"timestamp":"2026-06-08 17:46:22","level":"INFO","logger":"org.springframework.data.jpa.repository.query.QueryEnhancerFactories","message":"Hibernate is in classpath; If applicable, HQL parser will be used."}{"timestamp":"2026-06-08 17:46:24","level":"WARN","logger":"org.springframework.boot.jpa.autoconfigure.JpaBaseConfiguration$JpaWebConfiguration","message":"spring.jpa.open-in-view is enabled by default. Therefore, database queries may be performed during view rendering. Explicitly configure spring.jpa.open-in-view to disable this warning"}{"timestamp":"2026-06-08 17:46:24","level":"INFO","logger":"org.springframework.security.config.annotation.authentication.configuration.InitializeAuthenticationProviderBeanManagerConfigurer$InitializeAuthenticationProviderManagerConfigurer","message":"Global AuthenticationManager configured with AuthenticationProvider bean with name jobPortalUsernamePwdAuthenticationProvider"}{"timestamp":"2026-06-08 17:46:24","level":"DEBUG","logger":"org.springframework.security.web.DefaultSecurityFilterChain","message":"Will secure any request with filters: DisableEncodeUrlFilter, WebAsyncManagerIntegrationFilter, SecurityContextHolderFilter, HeaderWriterFilter, CorsFilter, CsrfFilter, LogoutFilter, JwtTokenValidatorFilter, RequestCacheAwareFilter, SecurityContextHolderAwareRequestFilter, AnonymousAuthenticationFilter, ExceptionTranslationFilter, AuthorizationFilter"}{"timestamp":"2026-06-08 17:46:25","level":"WARN","logger":"org.springframework.boot.web.server.servlet.context.AnnotationConfigServletWebServerApplicationContext","message":"Exception encountered during context initialization - cancelling refresh attempt: org.springframework.beans.factory.BeanCreationException: Error creating bean with name 'requestMappingHandlerMapping' defined in class path resource [org/springframework/boot/webmvc/autoconfigure/WebMvcAutoConfiguration$EnableWebMvcConfiguration.class]: Invalid mapping on handler class [com.eazybytes.jobportal.contacts.controller.ContactController]: public org.springframework.http.ResponseEntity com.eazybytes.jobportal.contacts.controller.ContactController.updateContactMsgStatus(java.lang.Long,java.lang.String)"}{"timestamp":"2026-06-08 17:46:25","level":"INFO","logger":"org.springframework.orm.jpa.LocalContainerEntityManagerFactoryBean","message":"Closing JPA EntityManagerFactory for persistence unit 'default'"}{"timestamp":"2026-06-08 17:46:25","level":"INFO","logger":"com.zaxxer.hikari.HikariDataSource","message":"HikariPool-1 - Shutdown initiated..."}{"timestamp":"2026-06-08 17:46:25","level":"INFO","logger":"com.zaxxer.hikari.HikariDataSource","message":"HikariPool-1 - Shutdown completed."}{"timestamp":"2026-06-08 17:46:25","level":"INFO","logger":"org.apache.catalina.core.StandardService","message":"Stopping service [Tomcat]"}{"timestamp":"2026-06-08 17:46:25","level":"INFO","logger":"org.springframework.boot.autoconfigure.logging.ConditionEvaluationReportLogger","message":"

Error starting ApplicationContext. To display the condition evaluation report re-run your application with 'debug' enabled."}{"timestamp":"2026-06-08 17:46:25","level":"ERROR","logger":"org.springframework.boot.diagnostics.LoggingFailureAnalysisReporter","message":"

***************************
APPLICATION FAILED TO START
***************************

Description:

Invalid mapping pattern detected:
/{id}/status/admin/}
                   ^
Missing preceding open capture character before variable name{

Action:

Fix this pattern in your application or switch to the legacy parser implementation with 'spring.mvc.pathmatch.matching-strategy=ant_path_matcher'.
"}{"timestamp":"2026-06-08 17:55:55","level":"INFO","logger":"org.hibernate.validator.internal.util.Version","message":"HV000001: Hibernate Validator 9.0.1.Final"}{"timestamp":"2026-06-08 17:55:55","level":"INFO","logger":"org.springframework.boot.devtools.env.DevToolsPropertyDefaultsPostProcessor","message":"Devtools property defaults active! Set 'spring.devtools.add-properties' to 'false' to disable"}{"timestamp":"2026-06-08 17:55:55","level":"INFO","logger":"org.springframework.boot.devtools.env.DevToolsPropertyDefaultsPostProcessor","message":"For additional web related logging consider setting the 'logging.level.web' property to 'DEBUG'"}{"timestamp":"2026-06-08 17:55:57","level":"INFO","logger":"org.springframework.data.repository.config.RepositoryConfigurationDelegate","message":"Bootstrapping Spring Data JPA repositories in DEFAULT mode."}{"timestamp":"2026-06-08 17:55:57","level":"INFO","logger":"org.springframework.data.repository.config.RepositoryConfigurationDelegate","message":"Finished Spring Data repository scanning in 93 ms. Found 4 JPA repository interfaces."}{"timestamp":"2026-06-08 17:55:58","level":"INFO","logger":"org.springframework.boot.tomcat.TomcatWebServer","message":"Tomcat initialized with port 8080 (http)"}{"timestamp":"2026-06-08 17:55:58","level":"INFO","logger":"org.apache.coyote.http11.Http11NioProtocol","message":"Initializing ProtocolHandler ["http-nio-8080"]"}{"timestamp":"2026-06-08 17:55:58","level":"INFO","logger":"org.apache.catalina.core.StandardService","message":"Starting service [Tomcat]"}{"timestamp":"2026-06-08 17:55:58","level":"INFO","logger":"org.apache.catalina.core.StandardEngine","message":"Starting Servlet engine: [Apache Tomcat/11.0.20]"}{"timestamp":"2026-06-08 17:55:58","level":"INFO","logger":"org.springframework.boot.web.context.servlet.WebApplicationContextInitializer","message":"Root WebApplicationContext: initialization completed in 2844 ms"}{"timestamp":"2026-06-08 17:55:59","level":"INFO","logger":"org.hibernate.orm.jpa","message":"HHH008540: Processing PersistenceUnitInfo [name: default]"}{"timestamp":"2026-06-08 17:55:59","level":"INFO","logger":"org.hibernate.orm.core","message":"HHH000001: Hibernate ORM core version 7.2.7.Final"}{"timestamp":"2026-06-08 17:56:00","level":"INFO","logger":"org.springframework.orm.jpa.persistenceunit.SpringPersistenceUnitInfo","message":"No LoadTimeWeaver setup: ignoring JPA class transformer"}{"timestamp":"2026-06-08 17:56:00","level":"INFO","logger":"com.zaxxer.hikari.HikariDataSource","message":"HikariPool-1 - Starting..."}{"timestamp":"2026-06-08 17:56:00","level":"INFO","logger":"com.zaxxer.hikari.pool.HikariPool","message":"HikariPool-1 - Added connection com.mysql.cj.jdbc.ConnectionImpl@2037ec9e"}{"timestamp":"2026-06-08 17:56:00","level":"INFO","logger":"com.zaxxer.hikari.HikariDataSource","message":"HikariPool-1 - Start completed."}{"timestamp":"2026-06-08 17:56:00","level":"WARN","logger":"org.hibernate.orm.deprecation","message":"HHH90000025: MySQLDialect does not need to be specified explicitly using 'hibernate.dialect' (remove the property setting and it will be selected by default)"}{"timestamp":"2026-06-08 17:56:00","level":"INFO","logger":"org.hibernate.orm.connections.pooling","message":"HHH10001005: Database info:
	Database JDBC URL [jdbc:mysql://localhost:3306/jobportaldb?useSSL=false&serverTimezone=UTC&allowPublicKeyRetrieval=true]
	Database driver: MySQL Connector/J
	Database dialect: MySQLDialect
	Database version: 8.0.46
	Default catalog/schema: jobportaldb/undefined
	Autocommit mode: undefined/unknown
	Isolation level: REPEATABLE_READ [default REPEATABLE_READ]
	JDBC fetch size: none
	Pool: DataSourceConnectionProvider
	Minimum pool size: undefined/unknown
	Maximum pool size: undefined/unknown"}{"timestamp":"2026-06-08 17:56:01","level":"DEBUG","logger":"org.hibernate.tool.schema.spi.SchemaManagementToolCoordinator","message":"No schema actions specified for contributor 'orm'"}{"timestamp":"2026-06-08 17:56:01","level":"INFO","logger":"org.hibernate.orm.core","message":"HHH000489: No JTA platform available (set 'hibernate.transaction.jta.platform' to enable JTA platform integration)"}{"timestamp":"2026-06-08 17:56:01","level":"DEBUG","logger":"org.hibernate.tool.schema.spi.SchemaManagementToolCoordinator","message":"No schema actions specified for contributor 'orm'"}{"timestamp":"2026-06-08 17:56:01","level":"DEBUG","logger":"org.hibernate.tool.schema.spi.SchemaManagementToolCoordinator","message":"No schema management actions found"}{"timestamp":"2026-06-08 17:56:01","level":"INFO","logger":"org.springframework.orm.jpa.LocalContainerEntityManagerFactoryBean","message":"Initialized JPA EntityManagerFactory for persistence unit 'default'"}{"timestamp":"2026-06-08 17:56:02","level":"INFO","logger":"org.springframework.data.jpa.repository.query.QueryEnhancerFactories","message":"Hibernate is in classpath; If applicable, HQL parser will be used."}{"timestamp":"2026-06-08 17:56:04","level":"WARN","logger":"org.springframework.boot.jpa.autoconfigure.JpaBaseConfiguration$JpaWebConfiguration","message":"spring.jpa.open-in-view is enabled by default. Therefore, database queries may be performed during view rendering. Explicitly configure spring.jpa.open-in-view to disable this warning"}{"timestamp":"2026-06-08 17:56:04","level":"INFO","logger":"org.springframework.security.config.annotation.authentication.configuration.InitializeAuthenticationProviderBeanManagerConfigurer$InitializeAuthenticationProviderManagerConfigurer","message":"Global AuthenticationManager configured with AuthenticationProvider bean with name jobPortalUsernamePwdAuthenticationProvider"}{"timestamp":"2026-06-08 17:56:04","level":"DEBUG","logger":"org.springframework.security.web.DefaultSecurityFilterChain","message":"Will secure any request with filters: DisableEncodeUrlFilter, WebAsyncManagerIntegrationFilter, SecurityContextHolderFilter, HeaderWriterFilter, CorsFilter, CsrfFilter, LogoutFilter, JwtTokenValidatorFilter, RequestCacheAwareFilter, SecurityContextHolderAwareRequestFilter, AnonymousAuthenticationFilter, ExceptionTranslationFilter, AuthorizationFilter"}{"timestamp":"2026-06-08 17:56:05","level":"WARN","logger":"org.springframework.boot.web.server.servlet.context.AnnotationConfigServletWebServerApplicationContext","message":"Exception encountered during context initialization - cancelling refresh attempt: org.springframework.beans.factory.BeanCreationException: Error creating bean with name 'requestMappingHandlerMapping' defined in class path resource [org/springframework/boot/webmvc/autoconfigure/WebMvcAutoConfiguration$EnableWebMvcConfiguration.class]: Invalid mapping on handler class [com.eazybytes.jobportal.contacts.controller.ContactController]: public org.springframework.http.ResponseEntity com.eazybytes.jobportal.contacts.controller.ContactController.updateContactMsgStatus(java.lang.Long,java.lang.String)"}{"timestamp":"2026-06-08 17:56:05","level":"INFO","logger":"org.springframework.orm.jpa.LocalContainerEntityManagerFactoryBean","message":"Closing JPA EntityManagerFactory for persistence unit 'default'"}{"timestamp":"2026-06-08 17:56:05","level":"INFO","logger":"com.zaxxer.hikari.HikariDataSource","message":"HikariPool-1 - Shutdown initiated..."}{"timestamp":"2026-06-08 17:56:05","level":"INFO","logger":"com.zaxxer.hikari.HikariDataSource","message":"HikariPool-1 - Shutdown completed."}{"timestamp":"2026-06-08 17:56:05","level":"INFO","logger":"org.apache.catalina.core.StandardService","message":"Stopping service [Tomcat]"}{"timestamp":"2026-06-08 17:56:05","level":"INFO","logger":"org.springframework.boot.autoconfigure.logging.ConditionEvaluationReportLogger","message":"

Error starting ApplicationContext. To display the condition evaluation report re-run your application with 'debug' enabled."}{"timestamp":"2026-06-08 17:56:05","level":"ERROR","logger":"org.springframework.boot.diagnostics.LoggingFailureAnalysisReporter","message":"

***************************
APPLICATION FAILED TO START
***************************

Description:

Invalid mapping pattern detected:
/{id}/status/admin/}
                   ^
Missing preceding open capture character before variable name{

Action:

Fix this pattern in your application or switch to the legacy parser implementation with 'spring.mvc.pathmatch.matching-strategy=ant_path_matcher'.
"}{"timestamp":"2026-06-08 18:04:40","level":"INFO","logger":"org.hibernate.validator.internal.util.Version","message":"HV000001: Hibernate Validator 9.0.1.Final"}{"timestamp":"2026-06-08 18:04:41","level":"INFO","logger":"org.springframework.boot.devtools.env.DevToolsPropertyDefaultsPostProcessor","message":"Devtools property defaults active! Set 'spring.devtools.add-properties' to 'false' to disable"}{"timestamp":"2026-06-08 18:04:41","level":"INFO","logger":"org.springframework.boot.devtools.env.DevToolsPropertyDefaultsPostProcessor","message":"For additional web related logging consider setting the 'logging.level.web' property to 'DEBUG'"}{"timestamp":"2026-06-08 18:04:42","level":"INFO","logger":"org.springframework.data.repository.config.RepositoryConfigurationDelegate","message":"Bootstrapping Spring Data JPA repositories in DEFAULT mode."}{"timestamp":"2026-06-08 18:04:42","level":"INFO","logger":"org.springframework.data.repository.config.RepositoryConfigurationDelegate","message":"Finished Spring Data repository scanning in 84 ms. Found 4 JPA repository interfaces."}{"timestamp":"2026-06-08 18:04:43","level":"INFO","logger":"org.springframework.boot.tomcat.TomcatWebServer","message":"Tomcat initialized with port 8080 (http)"}{"timestamp":"2026-06-08 18:04:43","level":"INFO","logger":"org.apache.coyote.http11.Http11NioProtocol","message":"Initializing ProtocolHandler ["http-nio-8080"]"}{"timestamp":"2026-06-08 18:04:43","level":"INFO","logger":"org.apache.catalina.core.StandardService","message":"Starting service [Tomcat]"}{"timestamp":"2026-06-08 18:04:43","level":"INFO","logger":"org.apache.catalina.core.StandardEngine","message":"Starting Servlet engine: [Apache Tomcat/11.0.20]"}{"timestamp":"2026-06-08 18:04:43","level":"INFO","logger":"org.springframework.boot.web.context.servlet.WebApplicationContextInitializer","message":"Root WebApplicationContext: initialization completed in 2892 ms"}{"timestamp":"2026-06-08 18:04:44","level":"INFO","logger":"org.hibernate.orm.jpa","message":"HHH008540: Processing PersistenceUnitInfo [name: default]"}{"timestamp":"2026-06-08 18:04:44","level":"INFO","logger":"org.hibernate.orm.core","message":"HHH000001: Hibernate ORM core version 7.2.7.Final"}{"timestamp":"2026-06-08 18:04:45","level":"INFO","logger":"org.springframework.orm.jpa.persistenceunit.SpringPersistenceUnitInfo","message":"No LoadTimeWeaver setup: ignoring JPA class transformer"}{"timestamp":"2026-06-08 18:04:45","level":"INFO","logger":"com.zaxxer.hikari.HikariDataSource","message":"HikariPool-1 - Starting..."}{"timestamp":"2026-06-08 18:04:45","level":"INFO","logger":"com.zaxxer.hikari.pool.HikariPool","message":"HikariPool-1 - Added connection com.mysql.cj.jdbc.ConnectionImpl@5fdfa57f"}{"timestamp":"2026-06-08 18:04:45","level":"INFO","logger":"com.zaxxer.hikari.HikariDataSource","message":"HikariPool-1 - Start completed."}{"timestamp":"2026-06-08 18:04:45","level":"WARN","logger":"org.hibernate.orm.deprecation","message":"HHH90000025: MySQLDialect does not need to be specified explicitly using 'hibernate.dialect' (remove the property setting and it will be selected by default)"}{"timestamp":"2026-06-08 18:04:45","level":"INFO","logger":"org.hibernate.orm.connections.pooling","message":"HHH10001005: Database info:
	Database JDBC URL [jdbc:mysql://localhost:3306/jobportaldb?useSSL=false&serverTimezone=UTC&allowPublicKeyRetrieval=true]
	Database driver: MySQL Connector/J
	Database dialect: MySQLDialect
	Database version: 8.0.46
	Default catalog/schema: jobportaldb/undefined
	Autocommit mode: undefined/unknown
	Isolation level: REPEATABLE_READ [default REPEATABLE_READ]
	JDBC fetch size: none
	Pool: DataSourceConnectionProvider
	Minimum pool size: undefined/unknown
	Maximum pool size: undefined/unknown"}{"timestamp":"2026-06-08 18:04:46","level":"DEBUG","logger":"org.hibernate.tool.schema.spi.SchemaManagementToolCoordinator","message":"No schema actions specified for contributor 'orm'"}{"timestamp":"2026-06-08 18:04:47","level":"INFO","logger":"org.hibernate.orm.core","message":"HHH000489: No JTA platform available (set 'hibernate.transaction.jta.platform' to enable JTA platform integration)"}{"timestamp":"2026-06-08 18:04:47","level":"DEBUG","logger":"org.hibernate.tool.schema.spi.SchemaManagementToolCoordinator","message":"No schema actions specified for contributor 'orm'"}{"timestamp":"2026-06-08 18:04:47","level":"DEBUG","logger":"org.hibernate.tool.schema.spi.SchemaManagementToolCoordinator","message":"No schema management actions found"}{"timestamp":"2026-06-08 18:04:47","level":"INFO","logger":"org.springframework.orm.jpa.LocalContainerEntityManagerFactoryBean","message":"Initialized JPA EntityManagerFactory for persistence unit 'default'"}{"timestamp":"2026-06-08 18:04:48","level":"INFO","logger":"org.springframework.data.jpa.repository.query.QueryEnhancerFactories","message":"Hibernate is in classpath; If applicable, HQL parser will be used."}{"timestamp":"2026-06-08 18:04:50","level":"WARN","logger":"org.springframework.boot.jpa.autoconfigure.JpaBaseConfiguration$JpaWebConfiguration","message":"spring.jpa.open-in-view is enabled by default. Therefore, database queries may be performed during view rendering. Explicitly configure spring.jpa.open-in-view to disable this warning"}{"timestamp":"2026-06-08 18:04:51","level":"INFO","logger":"org.springframework.security.config.annotation.authentication.configuration.InitializeAuthenticationProviderBeanManagerConfigurer$InitializeAuthenticationProviderManagerConfigurer","message":"Global AuthenticationManager configured with AuthenticationProvider bean with name jobPortalUsernamePwdAuthenticationProvider"}{"timestamp":"2026-06-08 18:04:51","level":"DEBUG","logger":"org.springframework.security.web.DefaultSecurityFilterChain","message":"Will secure any request with filters: DisableEncodeUrlFilter, WebAsyncManagerIntegrationFilter, SecurityContextHolderFilter, HeaderWriterFilter, CorsFilter, CsrfFilter, LogoutFilter, JwtTokenValidatorFilter, RequestCacheAwareFilter, SecurityContextHolderAwareRequestFilter, AnonymousAuthenticationFilter, ExceptionTranslationFilter, AuthorizationFilter"}{"timestamp":"2026-06-08 18:04:51","level":"WARN","logger":"org.springframework.boot.web.server.servlet.context.AnnotationConfigServletWebServerApplicationContext","message":"Exception encountered during context initialization - cancelling refresh attempt: org.springframework.beans.factory.BeanCreationException: Error creating bean with name 'requestMappingHandlerMapping' defined in class path resource [org/springframework/boot/webmvc/autoconfigure/WebMvcAutoConfiguration$EnableWebMvcConfiguration.class]: Invalid mapping on handler class [com.eazybytes.jobportal.contacts.controller.ContactController]: public org.springframework.http.ResponseEntity com.eazybytes.jobportal.contacts.controller.ContactController.updateContactMsgStatus(java.lang.Long,java.lang.String)"}{"timestamp":"2026-06-08 18:04:51","level":"INFO","logger":"org.springframework.orm.jpa.LocalContainerEntityManagerFactoryBean","message":"Closing JPA EntityManagerFactory for persistence unit 'default'"}{"timestamp":"2026-06-08 18:04:51","level":"INFO","logger":"com.zaxxer.hikari.HikariDataSource","message":"HikariPool-1 - Shutdown initiated..."}{"timestamp":"2026-06-08 18:04:51","level":"INFO","logger":"com.zaxxer.hikari.HikariDataSource","message":"HikariPool-1 - Shutdown completed."}{"timestamp":"2026-06-08 18:04:51","level":"INFO","logger":"org.apache.catalina.core.StandardService","message":"Stopping service [Tomcat]"}{"timestamp":"2026-06-08 18:04:51","level":"INFO","logger":"org.springframework.boot.autoconfigure.logging.ConditionEvaluationReportLogger","message":"

Error starting ApplicationContext. To display the condition evaluation report re-run your application with 'debug' enabled."}{"timestamp":"2026-06-08 18:04:51","level":"ERROR","logger":"org.springframework.boot.diagnostics.LoggingFailureAnalysisReporter","message":"

***************************
APPLICATION FAILED TO START
***************************

Description:

Invalid mapping pattern detected:
/{id}/status/admin/}
                   ^
Missing preceding open capture character before variable name{

Action:

Fix this pattern in your application or switch to the legacy parser implementation with 'spring.mvc.pathmatch.matching-strategy=ant_path_matcher'.
"}{"timestamp":"2026-06-08 18:07:53","level":"INFO","logger":"org.hibernate.validator.internal.util.Version","message":"HV000001: Hibernate Validator 9.0.1.Final"}{"timestamp":"2026-06-08 18:07:53","level":"INFO","logger":"org.springframework.boot.devtools.env.DevToolsPropertyDefaultsPostProcessor","message":"Devtools property defaults active! Set 'spring.devtools.add-properties' to 'false' to disable"}{"timestamp":"2026-06-08 18:07:53","level":"INFO","logger":"org.springframework.boot.devtools.env.DevToolsPropertyDefaultsPostProcessor","message":"For additional web related logging consider setting the 'logging.level.web' property to 'DEBUG'"}{"timestamp":"2026-06-08 18:07:54","level":"INFO","logger":"org.springframework.data.repository.config.RepositoryConfigurationDelegate","message":"Bootstrapping Spring Data JPA repositories in DEFAULT mode."}{"timestamp":"2026-06-08 18:07:55","level":"INFO","logger":"org.springframework.data.repository.config.RepositoryConfigurationDelegate","message":"Finished Spring Data repository scanning in 121 ms. Found 4 JPA repository interfaces."}{"timestamp":"2026-06-08 18:07:56","level":"INFO","logger":"org.springframework.boot.tomcat.TomcatWebServer","message":"Tomcat initialized with port 8080 (http)"}{"timestamp":"2026-06-08 18:07:56","level":"INFO","logger":"org.apache.coyote.http11.Http11NioProtocol","message":"Initializing ProtocolHandler ["http-nio-8080"]"}{"timestamp":"2026-06-08 18:07:56","level":"INFO","logger":"org.apache.catalina.core.StandardService","message":"Starting service [Tomcat]"}{"timestamp":"2026-06-08 18:07:56","level":"INFO","logger":"org.apache.catalina.core.StandardEngine","message":"Starting Servlet engine: [Apache Tomcat/11.0.20]"}{"timestamp":"2026-06-08 18:07:56","level":"INFO","logger":"org.springframework.boot.web.context.servlet.WebApplicationContextInitializer","message":"Root WebApplicationContext: initialization completed in 2687 ms"}{"timestamp":"2026-06-08 18:07:56","level":"INFO","logger":"org.hibernate.orm.jpa","message":"HHH008540: Processing PersistenceUnitInfo [name: default]"}{"timestamp":"2026-06-08 18:07:56","level":"INFO","logger":"org.hibernate.orm.core","message":"HHH000001: Hibernate ORM core version 7.2.7.Final"}{"timestamp":"2026-06-08 18:07:57","level":"INFO","logger":"org.springframework.orm.jpa.persistenceunit.SpringPersistenceUnitInfo","message":"No LoadTimeWeaver setup: ignoring JPA class transformer"}{"timestamp":"2026-06-08 18:07:57","level":"INFO","logger":"com.zaxxer.hikari.HikariDataSource","message":"HikariPool-1 - Starting..."}{"timestamp":"2026-06-08 18:07:57","level":"INFO","logger":"com.zaxxer.hikari.pool.HikariPool","message":"HikariPool-1 - Added connection com.mysql.cj.jdbc.ConnectionImpl@5fdfa57f"}{"timestamp":"2026-06-08 18:07:57","level":"INFO","logger":"com.zaxxer.hikari.HikariDataSource","message":"HikariPool-1 - Start completed."}{"timestamp":"2026-06-08 18:07:57","level":"WARN","logger":"org.hibernate.orm.deprecation","message":"HHH90000025: MySQLDialect does not need to be specified explicitly using 'hibernate.dialect' (remove the property setting and it will be selected by default)"}{"timestamp":"2026-06-08 18:07:57","level":"INFO","logger":"org.hibernate.orm.connections.pooling","message":"HHH10001005: Database info:
	Database JDBC URL [jdbc:mysql://localhost:3306/jobportaldb?useSSL=false&serverTimezone=UTC&allowPublicKeyRetrieval=true]
	Database driver: MySQL Connector/J
	Database dialect: MySQLDialect
	Database version: 8.0.46
	Default catalog/schema: jobportaldb/undefined
	Autocommit mode: undefined/unknown
	Isolation level: REPEATABLE_READ [default REPEATABLE_READ]
	JDBC fetch size: none
	Pool: DataSourceConnectionProvider
	Minimum pool size: undefined/unknown
	Maximum pool size: undefined/unknown"}{"timestamp":"2026-06-08 18:07:58","level":"DEBUG","logger":"org.hibernate.tool.schema.spi.SchemaManagementToolCoordinator","message":"No schema actions specified for contributor 'orm'"}{"timestamp":"2026-06-08 18:07:58","level":"INFO","logger":"org.hibernate.orm.core","message":"HHH000489: No JTA platform available (set 'hibernate.transaction.jta.platform' to enable JTA platform integration)"}{"timestamp":"2026-06-08 18:07:58","level":"DEBUG","logger":"org.hibernate.tool.schema.spi.SchemaManagementToolCoordinator","message":"No schema actions specified for contributor 'orm'"}{"timestamp":"2026-06-08 18:07:58","level":"DEBUG","logger":"org.hibernate.tool.schema.spi.SchemaManagementToolCoordinator","message":"No schema management actions found"}{"timestamp":"2026-06-08 18:07:58","level":"INFO","logger":"org.springframework.orm.jpa.LocalContainerEntityManagerFactoryBean","message":"Initialized JPA EntityManagerFactory for persistence unit 'default'"}{"timestamp":"2026-06-08 18:07:59","level":"INFO","logger":"org.springframework.data.jpa.repository.query.QueryEnhancerFactories","message":"Hibernate is in classpath; If applicable, HQL parser will be used."}{"timestamp":"2026-06-08 18:08:00","level":"WARN","logger":"org.springframework.boot.jpa.autoconfigure.JpaBaseConfiguration$JpaWebConfiguration","message":"spring.jpa.open-in-view is enabled by default. Therefore, database queries may be performed during view rendering. Explicitly configure spring.jpa.open-in-view to disable this warning"}{"timestamp":"2026-06-08 18:08:00","level":"INFO","logger":"org.springframework.security.config.annotation.authentication.configuration.InitializeAuthenticationProviderBeanManagerConfigurer$InitializeAuthenticationProviderManagerConfigurer","message":"Global AuthenticationManager configured with AuthenticationProvider bean with name jobPortalUsernamePwdAuthenticationProvider"}{"timestamp":"2026-06-08 18:08:01","level":"DEBUG","logger":"org.springframework.security.web.DefaultSecurityFilterChain","message":"Will secure any request with filters: DisableEncodeUrlFilter, WebAsyncManagerIntegrationFilter, SecurityContextHolderFilter, HeaderWriterFilter, CorsFilter, CsrfFilter, LogoutFilter, JwtTokenValidatorFilter, RequestCacheAwareFilter, SecurityContextHolderAwareRequestFilter, AnonymousAuthenticationFilter, ExceptionTranslationFilter, AuthorizationFilter"}{"timestamp":"2026-06-08 18:08:01","level":"WARN","logger":"org.springframework.boot.web.server.servlet.context.AnnotationConfigServletWebServerApplicationContext","message":"Exception encountered during context initialization - cancelling refresh attempt: org.springframework.beans.factory.BeanCreationException: Error creating bean with name 'requestMappingHandlerMapping' defined in class path resource [org/springframework/boot/webmvc/autoconfigure/WebMvcAutoConfiguration$EnableWebMvcConfiguration.class]: Invalid mapping on handler class [com.eazybytes.jobportal.contacts.controller.ContactController]: public org.springframework.http.ResponseEntity com.eazybytes.jobportal.contacts.controller.ContactController.updateContactMsgStatus(java.lang.Long,java.lang.String)"}{"timestamp":"2026-06-08 18:08:01","level":"INFO","logger":"org.springframework.orm.jpa.LocalContainerEntityManagerFactoryBean","message":"Closing JPA EntityManagerFactory for persistence unit 'default'"}{"timestamp":"2026-06-08 18:08:01","level":"INFO","logger":"com.zaxxer.hikari.HikariDataSource","message":"HikariPool-1 - Shutdown initiated..."}{"timestamp":"2026-06-08 18:08:01","level":"INFO","logger":"com.zaxxer.hikari.HikariDataSource","message":"HikariPool-1 - Shutdown completed."}{"timestamp":"2026-06-08 18:08:01","level":"INFO","logger":"org.apache.catalina.core.StandardService","message":"Stopping service [Tomcat]"}{"timestamp":"2026-06-08 18:08:01","level":"INFO","logger":"org.springframework.boot.autoconfigure.logging.ConditionEvaluationReportLogger","message":"

Error starting ApplicationContext. To display the condition evaluation report re-run your application with 'debug' enabled."}{"timestamp":"2026-06-08 18:08:01","level":"ERROR","logger":"org.springframework.boot.diagnostics.LoggingFailureAnalysisReporter","message":"

***************************
APPLICATION FAILED TO START
***************************

Description:

Invalid mapping pattern detected:
/{id}/status/admin/}
                   ^
Missing preceding open capture character before variable name{

Action:

Fix this pattern in your application or switch to the legacy parser implementation with 'spring.mvc.pathmatch.matching-strategy=ant_path_matcher'.
"}{"timestamp":"2026-06-08 18:08:51","level":"INFO","logger":"org.hibernate.validator.internal.util.Version","message":"HV000001: Hibernate Validator 9.0.1.Final"}{"timestamp":"2026-06-08 18:08:51","level":"INFO","logger":"org.springframework.boot.devtools.env.DevToolsPropertyDefaultsPostProcessor","message":"Devtools property defaults active! Set 'spring.devtools.add-properties' to 'false' to disable"}{"timestamp":"2026-06-08 18:08:51","level":"INFO","logger":"org.springframework.boot.devtools.env.DevToolsPropertyDefaultsPostProcessor","message":"For additional web related logging consider setting the 'logging.level.web' property to 'DEBUG'"}{"timestamp":"2026-06-08 18:08:52","level":"INFO","logger":"org.springframework.data.repository.config.RepositoryConfigurationDelegate","message":"Bootstrapping Spring Data JPA repositories in DEFAULT mode."}{"timestamp":"2026-06-08 18:08:52","level":"INFO","logger":"org.springframework.data.repository.config.RepositoryConfigurationDelegate","message":"Finished Spring Data repository scanning in 69 ms. Found 4 JPA repository interfaces."}{"timestamp":"2026-06-08 18:08:53","level":"INFO","logger":"org.springframework.boot.tomcat.TomcatWebServer","message":"Tomcat initialized with port 8080 (http)"}{"timestamp":"2026-06-08 18:08:53","level":"INFO","logger":"org.apache.coyote.http11.Http11NioProtocol","message":"Initializing ProtocolHandler ["http-nio-8080"]"}{"timestamp":"2026-06-08 18:08:53","level":"INFO","logger":"org.apache.catalina.core.StandardService","message":"Starting service [Tomcat]"}{"timestamp":"2026-06-08 18:08:53","level":"INFO","logger":"org.apache.catalina.core.StandardEngine","message":"Starting Servlet engine: [Apache Tomcat/11.0.20]"}{"timestamp":"2026-06-08 18:08:53","level":"INFO","logger":"org.springframework.boot.web.context.servlet.WebApplicationContextInitializer","message":"Root WebApplicationContext: initialization completed in 2187 ms"}{"timestamp":"2026-06-08 18:08:53","level":"INFO","logger":"org.hibernate.orm.jpa","message":"HHH008540: Processing PersistenceUnitInfo [name: default]"}{"timestamp":"2026-06-08 18:08:53","level":"INFO","logger":"org.hibernate.orm.core","message":"HHH000001: Hibernate ORM core version 7.2.7.Final"}{"timestamp":"2026-06-08 18:08:54","level":"INFO","logger":"org.springframework.orm.jpa.persistenceunit.SpringPersistenceUnitInfo","message":"No LoadTimeWeaver setup: ignoring JPA class transformer"}{"timestamp":"2026-06-08 18:08:54","level":"INFO","logger":"com.zaxxer.hikari.HikariDataSource","message":"HikariPool-1 - Starting..."}{"timestamp":"2026-06-08 18:08:54","level":"INFO","logger":"com.zaxxer.hikari.pool.HikariPool","message":"HikariPool-1 - Added connection com.mysql.cj.jdbc.ConnectionImpl@5101dae3"}{"timestamp":"2026-06-08 18:08:54","level":"INFO","logger":"com.zaxxer.hikari.HikariDataSource","message":"HikariPool-1 - Start completed."}{"timestamp":"2026-06-08 18:08:54","level":"WARN","logger":"org.hibernate.orm.deprecation","message":"HHH90000025: MySQLDialect does not need to be specified explicitly using 'hibernate.dialect' (remove the property setting and it will be selected by default)"}{"timestamp":"2026-06-08 18:08:54","level":"INFO","logger":"org.hibernate.orm.connections.pooling","message":"HHH10001005: Database info:
	Database JDBC URL [jdbc:mysql://localhost:3306/jobportaldb?useSSL=false&serverTimezone=UTC&allowPublicKeyRetrieval=true]
	Database driver: MySQL Connector/J
	Database dialect: MySQLDialect
	Database version: 8.0.46
	Default catalog/schema: jobportaldb/undefined
	Autocommit mode: undefined/unknown
	Isolation level: REPEATABLE_READ [default REPEATABLE_READ]
	JDBC fetch size: none
	Pool: DataSourceConnectionProvider
	Minimum pool size: undefined/unknown
	Maximum pool size: undefined/unknown"}{"timestamp":"2026-06-08 18:08:54","level":"DEBUG","logger":"org.hibernate.tool.schema.spi.SchemaManagementToolCoordinator","message":"No schema actions specified for contributor 'orm'"}{"timestamp":"2026-06-08 18:08:55","level":"INFO","logger":"org.hibernate.orm.core","message":"HHH000489: No JTA platform available (set 'hibernate.transaction.jta.platform' to enable JTA platform integration)"}{"timestamp":"2026-06-08 18:08:55","level":"DEBUG","logger":"org.hibernate.tool.schema.spi.SchemaManagementToolCoordinator","message":"No schema actions specified for contributor 'orm'"}{"timestamp":"2026-06-08 18:08:55","level":"DEBUG","logger":"org.hibernate.tool.schema.spi.SchemaManagementToolCoordinator","message":"No schema management actions found"}{"timestamp":"2026-06-08 18:08:55","level":"INFO","logger":"org.springframework.orm.jpa.LocalContainerEntityManagerFactoryBean","message":"Initialized JPA EntityManagerFactory for persistence unit 'default'"}{"timestamp":"2026-06-08 18:08:56","level":"INFO","logger":"org.springframework.data.jpa.repository.query.QueryEnhancerFactories","message":"Hibernate is in classpath; If applicable, HQL parser will be used."}{"timestamp":"2026-06-08 18:08:57","level":"WARN","logger":"org.springframework.boot.jpa.autoconfigure.JpaBaseConfiguration$JpaWebConfiguration","message":"spring.jpa.open-in-view is enabled by default. Therefore, database queries may be performed during view rendering. Explicitly configure spring.jpa.open-in-view to disable this warning"}{"timestamp":"2026-06-08 18:08:57","level":"INFO","logger":"org.springframework.security.config.annotation.authentication.configuration.InitializeAuthenticationProviderBeanManagerConfigurer$InitializeAuthenticationProviderManagerConfigurer","message":"Global AuthenticationManager configured with AuthenticationProvider bean with name jobPortalUsernamePwdAuthenticationProvider"}{"timestamp":"2026-06-08 18:08:58","level":"DEBUG","logger":"org.springframework.security.web.DefaultSecurityFilterChain","message":"Will secure any request with filters: DisableEncodeUrlFilter, WebAsyncManagerIntegrationFilter, SecurityContextHolderFilter, HeaderWriterFilter, CorsFilter, CsrfFilter, LogoutFilter, JwtTokenValidatorFilter, RequestCacheAwareFilter, SecurityContextHolderAwareRequestFilter, AnonymousAuthenticationFilter, ExceptionTranslationFilter, AuthorizationFilter"}{"timestamp":"2026-06-08 18:08:58","level":"INFO","logger":"org.apache.coyote.http11.Http11NioProtocol","message":"Starting ProtocolHandler ["http-nio-8080"]"}{"timestamp":"2026-06-08 18:08:58","level":"INFO","logger":"org.springframework.boot.tomcat.TomcatWebServer","message":"Tomcat started on port 8080 (http) with context path '/'"}{"timestamp":"2026-06-08 18:09:27","level":"INFO","logger":"org.apache.catalina.core.ContainerBase.[Tomcat].[localhost].[/]","message":"Initializing Spring DispatcherServlet 'dispatcherServlet'"}{"timestamp":"2026-06-08 18:09:27","level":"INFO","logger":"org.springframework.web.servlet.DispatcherServlet","message":"Initializing Servlet 'dispatcherServlet'"}{"timestamp":"2026-06-08 18:09:27","level":"INFO","logger":"org.springframework.web.servlet.DispatcherServlet","message":"Completed initialization in 3 ms"}{"timestamp":"2026-06-08 18:09:27","level":"DEBUG","logger":"org.springframework.security.web.FilterChainProxy","message":"Securing GET /api/csrf-token/public"}{"timestamp":"2026-06-08 18:09:27","level":"DEBUG","logger":"org.springframework.security.web.FilterChainProxy","message":"Secured GET /api/csrf-token/public"}{"timestamp":"2026-06-08 18:09:27","level":"DEBUG","logger":"org.springframework.security.web.authentication.AnonymousAuthenticationFilter","message":"Set SecurityContextHolder to anonymous SecurityContext"}{"timestamp":"2026-06-08 18:10:23","level":"DEBUG","logger":"org.springframework.security.web.FilterChainProxy","message":"Securing POST /api/auth/login/public"}{"timestamp":"2026-06-08 18:10:23","level":"DEBUG","logger":"org.springframework.security.web.FilterChainProxy","message":"Secured POST /api/auth/login/public"}{"timestamp":"2026-06-08 18:10:23","level":"DEBUG","logger":"org.hibernate.SQL","message":"
    select
        jpu1_0.id,
        jpu1_0.company_id,
        jpu1_0.created_at,
        jpu1_0.created_by,
        jpu1_0.email,
        jpu1_0.mobile_number,
        jpu1_0.name,
        jpu1_0.password_hash,
        jpu1_0.role_id,
        jpu1_0.updated_at,
        jpu1_0.updated_by 
    from
        users jpu1_0 
    where
        jpu1_0.email=?"}{"timestamp":"2026-06-08 18:10:23","level":"DEBUG","logger":"org.hibernate.SQL","message":"
    select
        r1_0.id,
        r1_0.created_at,
        r1_0.created_by,
        r1_0.name,
        r1_0.updated_at,
        r1_0.updated_by 
    from
        roles r1_0 
    where
        r1_0.id=?"}{"timestamp":"2026-06-08 18:10:24","level":"DEBUG","logger":"org.springframework.security.web.authentication.AnonymousAuthenticationFilter","message":"Set SecurityContextHolder to anonymous SecurityContext"}{"timestamp":"2026-06-08 18:11:01","level":"DEBUG","logger":"org.springframework.security.web.FilterChainProxy","message":"Securing GET /api/contacts/{id}/status/admin/"}{"timestamp":"2026-06-08 18:11:01","level":"DEBUG","logger":"org.springframework.security.web.FilterChainProxy","message":"Secured GET /api/contacts/{id}/status/admin/"}{"timestamp":"2026-06-08 18:11:01","level":"WARN","logger":"org.springframework.web.servlet.mvc.method.annotation.ExceptionHandlerExceptionResolver","message":"Resolved [org.springframework.web.servlet.resource.NoResourceFoundException: No static resource api/contacts/%7Bid%7D/status/admin for request '/api/contacts/%7Bid%7D/status/admin/'.]"}{"timestamp":"2026-06-08 18:11:05","level":"DEBUG","logger":"org.springframework.security.web.FilterChainProxy","message":"Securing GET /api/contacts/{id}/status/admin"}{"timestamp":"2026-06-08 18:11:05","level":"DEBUG","logger":"org.springframework.security.web.FilterChainProxy","message":"Secured GET /api/contacts/{id}/status/admin"}{"timestamp":"2026-06-08 18:11:05","level":"WARN","logger":"org.springframework.web.servlet.mvc.method.annotation.ExceptionHandlerExceptionResolver","message":"Resolved [org.springframework.web.HttpRequestMethodNotSupportedException: Request method 'GET' is not supported]"}{"timestamp":"2026-06-08 18:11:15","level":"DEBUG","logger":"org.springframework.security.web.FilterChainProxy","message":"Securing PATCH /api/contacts/{id}/status/admin"}{"timestamp":"2026-06-08 18:11:15","level":"DEBUG","logger":"org.springframework.security.web.FilterChainProxy","message":"Secured PATCH /api/contacts/{id}/status/admin"}{"timestamp":"2026-06-08 18:11:15","level":"WARN","logger":"org.springframework.web.servlet.mvc.method.annotation.ExceptionHandlerExceptionResolver","message":"Resolved [org.springframework.web.method.annotation.MethodArgumentTypeMismatchException: Method parameter 'id': Failed to convert value of type 'java.lang.String' to required type 'java.lang.Long'; For input string: "{id}"]"}{"timestamp":"2026-06-08 18:13:07","level":"DEBUG","logger":"org.springframework.security.web.FilterChainProxy","message":"Securing PATCH /api/contacts/1/status/admin"}{"timestamp":"2026-06-08 18:13:07","level":"DEBUG","logger":"org.springframework.security.web.FilterChainProxy","message":"Secured PATCH /api/contacts/1/status/admin"}{"timestamp":"2026-06-08 18:13:07","level":"WARN","logger":"org.springframework.web.servlet.mvc.method.annotation.ExceptionHandlerExceptionResolver","message":"Resolved [org.springframework.web.bind.MissingServletRequestParameterException: Required request parameter 'status' for method parameter type String is not present]"}{"timestamp":"2026-06-08 18:13:29","level":"INFO","logger":"org.springframework.boot.devtools.autoconfigure.LocalDevToolsAutoConfiguration$RestartingClassPathChangeChangedEventListener","message":"Restarting due to 1 class path change (0 additions, 0 deletions, 1 modification)"}{"timestamp":"2026-06-08 18:13:29","level":"INFO","logger":"org.springframework.boot.tomcat.GracefulShutdown","message":"Commencing graceful shutdown. Waiting for active requests to complete"}{"timestamp":"2026-06-08 18:13:29","level":"INFO","logger":"org.apache.coyote.http11.Http11NioProtocol","message":"Pausing ProtocolHandler ["http-nio-8080"]"}{"timestamp":"2026-06-08 18:13:29","level":"INFO","logger":"org.springframework.boot.tomcat.GracefulShutdown","message":"Graceful shutdown complete"}{"timestamp":"2026-06-08 18:13:29","level":"INFO","logger":"org.apache.coyote.http11.Http11NioProtocol","message":"Stopping ProtocolHandler ["http-nio-8080"]"}{"timestamp":"2026-06-08 18:13:29","level":"INFO","logger":"org.springframework.orm.jpa.LocalContainerEntityManagerFactoryBean","message":"Closing JPA EntityManagerFactory for persistence unit 'default'"}{"timestamp":"2026-06-08 18:13:29","level":"INFO","logger":"com.zaxxer.hikari.HikariDataSource","message":"HikariPool-1 - Shutdown initiated..."}{"timestamp":"2026-06-08 18:13:29","level":"INFO","logger":"com.zaxxer.hikari.HikariDataSource","message":"HikariPool-1 - Shutdown completed."}{"timestamp":"2026-06-08 18:13:30","level":"INFO","logger":"org.springframework.data.repository.config.RepositoryConfigurationDelegate","message":"Bootstrapping Spring Data JPA repositories in DEFAULT mode."}{"timestamp":"2026-06-08 18:13:30","level":"INFO","logger":"org.springframework.data.repository.config.RepositoryConfigurationDelegate","message":"Finished Spring Data repository scanning in 70 ms. Found 4 JPA repository interfaces."}{"timestamp":"2026-06-08 18:13:31","level":"INFO","logger":"org.springframework.boot.tomcat.TomcatWebServer","message":"Tomcat initialized with port 8080 (http)"}{"timestamp":"2026-06-08 18:13:31","level":"INFO","logger":"org.apache.coyote.http11.Http11NioProtocol","message":"Initializing ProtocolHandler ["http-nio-8080"]"}{"timestamp":"2026-06-08 18:13:31","level":"INFO","logger":"org.apache.catalina.core.StandardService","message":"Starting service [Tomcat]"}{"timestamp":"2026-06-08 18:13:31","level":"INFO","logger":"org.apache.catalina.core.StandardEngine","message":"Starting Servlet engine: [Apache Tomcat/11.0.20]"}{"timestamp":"2026-06-08 18:13:31","level":"INFO","logger":"org.springframework.boot.web.context.servlet.WebApplicationContextInitializer","message":"Root WebApplicationContext: initialization completed in 1036 ms"}{"timestamp":"2026-06-08 18:13:31","level":"INFO","logger":"org.hibernate.orm.jpa","message":"HHH008540: Processing PersistenceUnitInfo [name: default]"}{"timestamp":"2026-06-08 18:13:31","level":"INFO","logger":"org.springframework.orm.jpa.persistenceunit.SpringPersistenceUnitInfo","message":"No LoadTimeWeaver setup: ignoring JPA class transformer"}{"timestamp":"2026-06-08 18:13:31","level":"INFO","logger":"com.zaxxer.hikari.HikariDataSource","message":"HikariPool-2 - Starting..."}{"timestamp":"2026-06-08 18:13:31","level":"INFO","logger":"com.zaxxer.hikari.pool.HikariPool","message":"HikariPool-2 - Added connection com.mysql.cj.jdbc.ConnectionImpl@6c93938"}{"timestamp":"2026-06-08 18:13:31","level":"INFO","logger":"com.zaxxer.hikari.HikariDataSource","message":"HikariPool-2 - Start completed."}{"timestamp":"2026-06-08 18:13:31","level":"WARN","logger":"org.hibernate.orm.deprecation","message":"HHH90000025: MySQLDialect does not need to be specified explicitly using 'hibernate.dialect' (remove the property setting and it will be selected by default)"}{"timestamp":"2026-06-08 18:13:31","level":"INFO","logger":"org.hibernate.orm.connections.pooling","message":"HHH10001005: Database info:
	Database JDBC URL [jdbc:mysql://localhost:3306/jobportaldb?useSSL=false&serverTimezone=UTC&allowPublicKeyRetrieval=true]
	Database driver: MySQL Connector/J
	Database dialect: MySQLDialect
	Database version: 8.0.46
	Default catalog/schema: jobportaldb/undefined
	Autocommit mode: undefined/unknown
	Isolation level: REPEATABLE_READ [default REPEATABLE_READ]
	JDBC fetch size: none
	Pool: DataSourceConnectionProvider
	Minimum pool size: undefined/unknown
	Maximum pool size: undefined/unknown"}{"timestamp":"2026-06-08 18:13:31","level":"DEBUG","logger":"org.hibernate.tool.schema.spi.SchemaManagementToolCoordinator","message":"No schema actions specified for contributor 'orm'"}{"timestamp":"2026-06-08 18:13:31","level":"INFO","logger":"org.hibernate.orm.core","message":"HHH000489: No JTA platform available (set 'hibernate.transaction.jta.platform' to enable JTA platform integration)"}{"timestamp":"2026-06-08 18:13:31","level":"DEBUG","logger":"org.hibernate.tool.schema.spi.SchemaManagementToolCoordinator","message":"No schema actions specified for contributor 'orm'"}{"timestamp":"2026-06-08 18:13:31","level":"DEBUG","logger":"org.hibernate.tool.schema.spi.SchemaManagementToolCoordinator","message":"No schema management actions found"}{"timestamp":"2026-06-08 18:13:31","level":"INFO","logger":"org.springframework.orm.jpa.LocalContainerEntityManagerFactoryBean","message":"Initialized JPA EntityManagerFactory for persistence unit 'default'"}{"timestamp":"2026-06-08 18:13:32","level":"WARN","logger":"org.springframework.boot.jpa.autoconfigure.JpaBaseConfiguration$JpaWebConfiguration","message":"spring.jpa.open-in-view is enabled by default. Therefore, database queries may be performed during view rendering. Explicitly configure spring.jpa.open-in-view to disable this warning"}{"timestamp":"2026-06-08 18:13:32","level":"INFO","logger":"org.springframework.security.config.annotation.authentication.configuration.InitializeAuthenticationProviderBeanManagerConfigurer$InitializeAuthenticationProviderManagerConfigurer","message":"Global AuthenticationManager configured with AuthenticationProvider bean with name jobPortalUsernamePwdAuthenticationProvider"}{"timestamp":"2026-06-08 18:13:32","level":"DEBUG","logger":"org.springframework.security.web.DefaultSecurityFilterChain","message":"Will secure any request with filters: DisableEncodeUrlFilter, WebAsyncManagerIntegrationFilter, SecurityContextHolderFilter, HeaderWriterFilter, CorsFilter, CsrfFilter, LogoutFilter, JwtTokenValidatorFilter, RequestCacheAwareFilter, SecurityContextHolderAwareRequestFilter, AnonymousAuthenticationFilter, ExceptionTranslationFilter, AuthorizationFilter"}{"timestamp":"2026-06-08 18:13:32","level":"INFO","logger":"org.apache.coyote.http11.Http11NioProtocol","message":"Starting ProtocolHandler ["http-nio-8080"]"}{"timestamp":"2026-06-08 18:13:32","level":"INFO","logger":"org.springframework.boot.tomcat.TomcatWebServer","message":"Tomcat started on port 8080 (http) with context path '/'"}{"timestamp":"2026-06-08 18:13:32","level":"INFO","logger":"org.springframework.boot.devtools.autoconfigure.ConditionEvaluationDeltaLoggingListener","message":"Condition evaluation unchanged"}{"timestamp":"2026-06-08 18:13:34","level":"INFO","logger":"org.springframework.boot.devtools.autoconfigure.LocalDevToolsAutoConfiguration$RestartingClassPathChangeChangedEventListener","message":"Restarting due to 1 class path change (0 additions, 0 deletions, 1 modification)"}{"timestamp":"2026-06-08 18:13:34","level":"INFO","logger":"org.springframework.boot.tomcat.GracefulShutdown","message":"Commencing graceful shutdown. Waiting for active requests to complete"}{"timestamp":"2026-06-08 18:13:34","level":"INFO","logger":"org.apache.coyote.http11.Http11NioProtocol","message":"Pausing ProtocolHandler ["http-nio-8080"]"}{"timestamp":"2026-06-08 18:13:34","level":"INFO","logger":"org.springframework.boot.tomcat.GracefulShutdown","message":"Graceful shutdown complete"}{"timestamp":"2026-06-08 18:13:34","level":"INFO","logger":"org.apache.coyote.http11.Http11NioProtocol","message":"Stopping ProtocolHandler ["http-nio-8080"]"}{"timestamp":"2026-06-08 18:13:34","level":"INFO","logger":"org.springframework.orm.jpa.LocalContainerEntityManagerFactoryBean","message":"Closing JPA EntityManagerFactory for persistence unit 'default'"}{"timestamp":"2026-06-08 18:13:34","level":"INFO","logger":"com.zaxxer.hikari.HikariDataSource","message":"HikariPool-2 - Shutdown initiated..."}{"timestamp":"2026-06-08 18:13:34","level":"INFO","logger":"com.zaxxer.hikari.HikariDataSource","message":"HikariPool-2 - Shutdown completed."}{"timestamp":"2026-06-08 18:13:34","level":"INFO","logger":"org.springframework.data.repository.config.RepositoryConfigurationDelegate","message":"Bootstrapping Spring Data JPA repositories in DEFAULT mode."}{"timestamp":"2026-06-08 18:13:34","level":"INFO","logger":"org.springframework.data.repository.config.RepositoryConfigurationDelegate","message":"Finished Spring Data repository scanning in 44 ms. Found 4 JPA repository interfaces."}{"timestamp":"2026-06-08 18:13:35","level":"INFO","logger":"org.springframework.boot.tomcat.TomcatWebServer","message":"Tomcat initialized with port 8080 (http)"}{"timestamp":"2026-06-08 18:13:35","level":"INFO","logger":"org.apache.coyote.http11.Http11NioProtocol","message":"Initializing ProtocolHandler ["http-nio-8080"]"}{"timestamp":"2026-06-08 18:13:35","level":"INFO","logger":"org.apache.catalina.core.StandardService","message":"Starting service [Tomcat]"}{"timestamp":"2026-06-08 18:13:35","level":"INFO","logger":"org.apache.catalina.core.StandardEngine","message":"Starting Servlet engine: [Apache Tomcat/11.0.20]"}{"timestamp":"2026-06-08 18:13:35","level":"INFO","logger":"org.springframework.boot.web.context.servlet.WebApplicationContextInitializer","message":"Root WebApplicationContext: initialization completed in 811 ms"}{"timestamp":"2026-06-08 18:13:35","level":"INFO","logger":"org.hibernate.orm.jpa","message":"HHH008540: Processing PersistenceUnitInfo [name: default]"}{"timestamp":"2026-06-08 18:13:35","level":"INFO","logger":"org.springframework.orm.jpa.persistenceunit.SpringPersistenceUnitInfo","message":"No LoadTimeWeaver setup: ignoring JPA class transformer"}{"timestamp":"2026-06-08 18:13:35","level":"INFO","logger":"com.zaxxer.hikari.HikariDataSource","message":"HikariPool-3 - Starting..."}{"timestamp":"2026-06-08 18:13:35","level":"INFO","logger":"com.zaxxer.hikari.pool.HikariPool","message":"HikariPool-3 - Added connection com.mysql.cj.jdbc.ConnectionImpl@26e148e2"}{"timestamp":"2026-06-08 18:13:35","level":"INFO","logger":"com.zaxxer.hikari.HikariDataSource","message":"HikariPool-3 - Start completed."}{"timestamp":"2026-06-08 18:13:35","level":"WARN","logger":"org.hibernate.orm.deprecation","message":"HHH90000025: MySQLDialect does not need to be specified explicitly using 'hibernate.dialect' (remove the property setting and it will be selected by default)"}{"timestamp":"2026-06-08 18:13:35","level":"INFO","logger":"org.hibernate.orm.connections.pooling","message":"HHH10001005: Database info:
	Database JDBC URL [jdbc:mysql://localhost:3306/jobportaldb?useSSL=false&serverTimezone=UTC&allowPublicKeyRetrieval=true]
	Database driver: MySQL Connector/J
	Database dialect: MySQLDialect
	Database version: 8.0.46
	Default catalog/schema: jobportaldb/undefined
	Autocommit mode: undefined/unknown
	Isolation level: REPEATABLE_READ [default REPEATABLE_READ]
	JDBC fetch size: none
	Pool: DataSourceConnectionProvider
	Minimum pool size: undefined/unknown
	Maximum pool size: undefined/unknown"}{"timestamp":"2026-06-08 18:13:35","level":"DEBUG","logger":"org.hibernate.tool.schema.spi.SchemaManagementToolCoordinator","message":"No schema actions specified for contributor 'orm'"}{"timestamp":"2026-06-08 18:13:35","level":"INFO","logger":"org.hibernate.orm.core","message":"HHH000489: No JTA platform available (set 'hibernate.transaction.jta.platform' to enable JTA platform integration)"}{"timestamp":"2026-06-08 18:13:35","level":"DEBUG","logger":"org.hibernate.tool.schema.spi.SchemaManagementToolCoordinator","message":"No schema actions specified for contributor 'orm'"}{"timestamp":"2026-06-08 18:13:35","level":"DEBUG","logger":"org.hibernate.tool.schema.spi.SchemaManagementToolCoordinator","message":"No schema management actions found"}{"timestamp":"2026-06-08 18:13:35","level":"INFO","logger":"org.springframework.orm.jpa.LocalContainerEntityManagerFactoryBean","message":"Initialized JPA EntityManagerFactory for persistence unit 'default'"}{"timestamp":"2026-06-08 18:13:36","level":"WARN","logger":"org.springframework.boot.jpa.autoconfigure.JpaBaseConfiguration$JpaWebConfiguration","message":"spring.jpa.open-in-view is enabled by default. Therefore, database queries may be performed during view rendering. Explicitly configure spring.jpa.open-in-view to disable this warning"}{"timestamp":"2026-06-08 18:13:36","level":"INFO","logger":"org.springframework.security.config.annotation.authentication.configuration.InitializeAuthenticationProviderBeanManagerConfigurer$InitializeAuthenticationProviderManagerConfigurer","message":"Global AuthenticationManager configured with AuthenticationProvider bean with name jobPortalUsernamePwdAuthenticationProvider"}{"timestamp":"2026-06-08 18:13:36","level":"DEBUG","logger":"org.springframework.security.web.DefaultSecurityFilterChain","message":"Will secure any request with filters: DisableEncodeUrlFilter, WebAsyncManagerIntegrationFilter, SecurityContextHolderFilter, HeaderWriterFilter, CorsFilter, CsrfFilter, LogoutFilter, JwtTokenValidatorFilter, RequestCacheAwareFilter, SecurityContextHolderAwareRequestFilter, AnonymousAuthenticationFilter, ExceptionTranslationFilter, AuthorizationFilter"}{"timestamp":"2026-06-08 18:13:36","level":"INFO","logger":"org.apache.coyote.http11.Http11NioProtocol","message":"Starting ProtocolHandler ["http-nio-8080"]"}{"timestamp":"2026-06-08 18:13:36","level":"INFO","logger":"org.springframework.boot.tomcat.TomcatWebServer","message":"Tomcat started on port 8080 (http) with context path '/'"}{"timestamp":"2026-06-08 18:13:36","level":"INFO","logger":"org.springframework.boot.devtools.autoconfigure.ConditionEvaluationDeltaLoggingListener","message":"Condition evaluation unchanged"}{"timestamp":"2026-06-08 18:14:28","level":"INFO","logger":"org.springframework.boot.devtools.autoconfigure.LocalDevToolsAutoConfiguration$RestartingClassPathChangeChangedEventListener","message":"Restarting due to 1 class path change (0 additions, 0 deletions, 1 modification)"}{"timestamp":"2026-06-08 18:14:28","level":"INFO","logger":"org.springframework.boot.tomcat.GracefulShutdown","message":"Commencing graceful shutdown. Waiting for active requests to complete"}{"timestamp":"2026-06-08 18:14:28","level":"INFO","logger":"org.apache.coyote.http11.Http11NioProtocol","message":"Pausing ProtocolHandler ["http-nio-8080"]"}{"timestamp":"2026-06-08 18:14:28","level":"INFO","logger":"org.springframework.boot.tomcat.GracefulShutdown","message":"Graceful shutdown complete"}{"timestamp":"2026-06-08 18:14:28","level":"INFO","logger":"org.apache.coyote.http11.Http11NioProtocol","message":"Stopping ProtocolHandler ["http-nio-8080"]"}{"timestamp":"2026-06-08 18:14:28","level":"INFO","logger":"org.springframework.orm.jpa.LocalContainerEntityManagerFactoryBean","message":"Closing JPA EntityManagerFactory for persistence unit 'default'"}{"timestamp":"2026-06-08 18:14:28","level":"INFO","logger":"com.zaxxer.hikari.HikariDataSource","message":"HikariPool-3 - Shutdown initiated..."}{"timestamp":"2026-06-08 18:14:28","level":"INFO","logger":"com.zaxxer.hikari.HikariDataSource","message":"HikariPool-3 - Shutdown completed."}{"timestamp":"2026-06-08 18:14:28","level":"INFO","logger":"org.springframework.data.repository.config.RepositoryConfigurationDelegate","message":"Bootstrapping Spring Data JPA repositories in DEFAULT mode."}{"timestamp":"2026-06-08 18:14:28","level":"INFO","logger":"org.springframework.data.repository.config.RepositoryConfigurationDelegate","message":"Finished Spring Data repository scanning in 44 ms. Found 4 JPA repository interfaces."}{"timestamp":"2026-06-08 18:14:28","level":"INFO","logger":"org.springframework.boot.tomcat.TomcatWebServer","message":"Tomcat initialized with port 8080 (http)"}{"timestamp":"2026-06-08 18:14:28","level":"INFO","logger":"org.apache.coyote.http11.Http11NioProtocol","message":"Initializing ProtocolHandler ["http-nio-8080"]"}{"timestamp":"2026-06-08 18:14:28","level":"INFO","logger":"org.apache.catalina.core.StandardService","message":"Starting service [Tomcat]"}{"timestamp":"2026-06-08 18:14:28","level":"INFO","logger":"org.apache.catalina.core.StandardEngine","message":"Starting Servlet engine: [Apache Tomcat/11.0.20]"}{"timestamp":"2026-06-08 18:14:28","level":"INFO","logger":"org.springframework.boot.web.context.servlet.WebApplicationContextInitializer","message":"Root WebApplicationContext: initialization completed in 691 ms"}{"timestamp":"2026-06-08 18:14:28","level":"INFO","logger":"org.hibernate.orm.jpa","message":"HHH008540: Processing PersistenceUnitInfo [name: default]"}{"timestamp":"2026-06-08 18:14:28","level":"INFO","logger":"org.springframework.orm.jpa.persistenceunit.SpringPersistenceUnitInfo","message":"No LoadTimeWeaver setup: ignoring JPA class transformer"}{"timestamp":"2026-06-08 18:14:28","level":"INFO","logger":"com.zaxxer.hikari.HikariDataSource","message":"HikariPool-4 - Starting..."}{"timestamp":"2026-06-08 18:14:28","level":"INFO","logger":"com.zaxxer.hikari.pool.HikariPool","message":"HikariPool-4 - Added connection com.mysql.cj.jdbc.ConnectionImpl@6cc7a625"}{"timestamp":"2026-06-08 18:14:28","level":"INFO","logger":"com.zaxxer.hikari.HikariDataSource","message":"HikariPool-4 - Start completed."}{"timestamp":"2026-06-08 18:14:28","level":"WARN","logger":"org.hibernate.orm.deprecation","message":"HHH90000025: MySQLDialect does not need to be specified explicitly using 'hibernate.dialect' (remove the property setting and it will be selected by default)"}{"timestamp":"2026-06-08 18:14:28","level":"INFO","logger":"org.hibernate.orm.connections.pooling","message":"HHH10001005: Database info:
	Database JDBC URL [jdbc:mysql://localhost:3306/jobportaldb?useSSL=false&serverTimezone=UTC&allowPublicKeyRetrieval=true]
	Database driver: MySQL Connector/J
	Database dialect: MySQLDialect
	Database version: 8.0.46
	Default catalog/schema: jobportaldb/undefined
	Autocommit mode: undefined/unknown
	Isolation level: REPEATABLE_READ [default REPEATABLE_READ]
	JDBC fetch size: none
	Pool: DataSourceConnectionProvider
	Minimum pool size: undefined/unknown
	Maximum pool size: undefined/unknown"}{"timestamp":"2026-06-08 18:14:29","level":"DEBUG","logger":"org.hibernate.tool.schema.spi.SchemaManagementToolCoordinator","message":"No schema actions specified for contributor 'orm'"}{"timestamp":"2026-06-08 18:14:29","level":"INFO","logger":"org.hibernate.orm.core","message":"HHH000489: No JTA platform available (set 'hibernate.transaction.jta.platform' to enable JTA platform integration)"}{"timestamp":"2026-06-08 18:14:29","level":"DEBUG","logger":"org.hibernate.tool.schema.spi.SchemaManagementToolCoordinator","message":"No schema actions specified for contributor 'orm'"}{"timestamp":"2026-06-08 18:14:29","level":"DEBUG","logger":"org.hibernate.tool.schema.spi.SchemaManagementToolCoordinator","message":"No schema management actions found"}{"timestamp":"2026-06-08 18:14:29","level":"INFO","logger":"org.springframework.orm.jpa.LocalContainerEntityManagerFactoryBean","message":"Initialized JPA EntityManagerFactory for persistence unit 'default'"}{"timestamp":"2026-06-08 18:14:29","level":"WARN","logger":"org.springframework.boot.jpa.autoconfigure.JpaBaseConfiguration$JpaWebConfiguration","message":"spring.jpa.open-in-view is enabled by default. Therefore, database queries may be performed during view rendering. Explicitly configure spring.jpa.open-in-view to disable this warning"}{"timestamp":"2026-06-08 18:14:29","level":"INFO","logger":"org.springframework.security.config.annotation.authentication.configuration.InitializeAuthenticationProviderBeanManagerConfigurer$InitializeAuthenticationProviderManagerConfigurer","message":"Global AuthenticationManager configured with AuthenticationProvider bean with name jobPortalUsernamePwdAuthenticationProvider"}{"timestamp":"2026-06-08 18:14:29","level":"DEBUG","logger":"org.springframework.security.web.DefaultSecurityFilterChain","message":"Will secure any request with filters: DisableEncodeUrlFilter, WebAsyncManagerIntegrationFilter, SecurityContextHolderFilter, HeaderWriterFilter, CorsFilter, CsrfFilter, LogoutFilter, JwtTokenValidatorFilter, RequestCacheAwareFilter, SecurityContextHolderAwareRequestFilter, AnonymousAuthenticationFilter, ExceptionTranslationFilter, AuthorizationFilter"}{"timestamp":"2026-06-08 18:14:29","level":"INFO","logger":"org.apache.coyote.http11.Http11NioProtocol","message":"Starting ProtocolHandler ["http-nio-8080"]"}{"timestamp":"2026-06-08 18:14:29","level":"INFO","logger":"org.springframework.boot.tomcat.TomcatWebServer","message":"Tomcat started on port 8080 (http) with context path '/'"}{"timestamp":"2026-06-08 18:14:29","level":"INFO","logger":"org.springframework.boot.devtools.autoconfigure.ConditionEvaluationDeltaLoggingListener","message":"Condition evaluation unchanged"}{"timestamp":"2026-06-08 18:14:34","level":"INFO","logger":"org.springframework.boot.devtools.autoconfigure.LocalDevToolsAutoConfiguration$RestartingClassPathChangeChangedEventListener","message":"Restarting due to 1 class path change (0 additions, 0 deletions, 1 modification)"}{"timestamp":"2026-06-08 18:14:34","level":"INFO","logger":"org.springframework.boot.tomcat.GracefulShutdown","message":"Commencing graceful shutdown. Waiting for active requests to complete"}{"timestamp":"2026-06-08 18:14:34","level":"INFO","logger":"org.apache.coyote.http11.Http11NioProtocol","message":"Pausing ProtocolHandler ["http-nio-8080"]"}{"timestamp":"2026-06-08 18:14:34","level":"INFO","logger":"org.springframework.boot.tomcat.GracefulShutdown","message":"Graceful shutdown complete"}{"timestamp":"2026-06-08 18:14:34","level":"INFO","logger":"org.apache.coyote.http11.Http11NioProtocol","message":"Stopping ProtocolHandler ["http-nio-8080"]"}{"timestamp":"2026-06-08 18:14:34","level":"INFO","logger":"org.springframework.orm.jpa.LocalContainerEntityManagerFactoryBean","message":"Closing JPA EntityManagerFactory for persistence unit 'default'"}{"timestamp":"2026-06-08 18:14:34","level":"INFO","logger":"com.zaxxer.hikari.HikariDataSource","message":"HikariPool-4 - Shutdown initiated..."}{"timestamp":"2026-06-08 18:14:34","level":"INFO","logger":"com.zaxxer.hikari.HikariDataSource","message":"HikariPool-4 - Shutdown completed."}{"timestamp":"2026-06-08 18:14:34","level":"INFO","logger":"org.springframework.data.repository.config.RepositoryConfigurationDelegate","message":"Bootstrapping Spring Data JPA repositories in DEFAULT mode."}{"timestamp":"2026-06-08 18:14:34","level":"INFO","logger":"org.springframework.data.repository.config.RepositoryConfigurationDelegate","message":"Finished Spring Data repository scanning in 27 ms. Found 4 JPA repository interfaces."}{"timestamp":"2026-06-08 18:14:35","level":"INFO","logger":"org.springframework.boot.tomcat.TomcatWebServer","message":"Tomcat initialized with port 8080 (http)"}{"timestamp":"2026-06-08 18:14:35","level":"INFO","logger":"org.apache.coyote.http11.Http11NioProtocol","message":"Initializing ProtocolHandler ["http-nio-8080"]"}{"timestamp":"2026-06-08 18:14:35","level":"INFO","logger":"org.apache.catalina.core.StandardService","message":"Starting service [Tomcat]"}{"timestamp":"2026-06-08 18:14:35","level":"INFO","logger":"org.apache.catalina.core.StandardEngine","message":"Starting Servlet engine: [Apache Tomcat/11.0.20]"}{"timestamp":"2026-06-08 18:14:35","level":"INFO","logger":"org.springframework.boot.web.context.servlet.WebApplicationContextInitializer","message":"Root WebApplicationContext: initialization completed in 375 ms"}{"timestamp":"2026-06-08 18:14:35","level":"INFO","logger":"org.hibernate.orm.jpa","message":"HHH008540: Processing PersistenceUnitInfo [name: default]"}{"timestamp":"2026-06-08 18:14:35","level":"INFO","logger":"org.springframework.orm.jpa.persistenceunit.SpringPersistenceUnitInfo","message":"No LoadTimeWeaver setup: ignoring JPA class transformer"}{"timestamp":"2026-06-08 18:14:35","level":"INFO","logger":"com.zaxxer.hikari.HikariDataSource","message":"HikariPool-5 - Starting..."}{"timestamp":"2026-06-08 18:14:35","level":"INFO","logger":"com.zaxxer.hikari.pool.HikariPool","message":"HikariPool-5 - Added connection com.mysql.cj.jdbc.ConnectionImpl@77e6f99a"}{"timestamp":"2026-06-08 18:14:35","level":"INFO","logger":"com.zaxxer.hikari.HikariDataSource","message":"HikariPool-5 - Start completed."}{"timestamp":"2026-06-08 18:14:35","level":"WARN","logger":"org.hibernate.orm.deprecation","message":"HHH90000025: MySQLDialect does not need to be specified explicitly using 'hibernate.dialect' (remove the property setting and it will be selected by default)"}{"timestamp":"2026-06-08 18:14:35","level":"INFO","logger":"org.hibernate.orm.connections.pooling","message":"HHH10001005: Database info:
	Database JDBC URL [jdbc:mysql://localhost:3306/jobportaldb?useSSL=false&serverTimezone=UTC&allowPublicKeyRetrieval=true]
	Database driver: MySQL Connector/J
	Database dialect: MySQLDialect
	Database version: 8.0.46
	Default catalog/schema: jobportaldb/undefined
	Autocommit mode: undefined/unknown
	Isolation level: REPEATABLE_READ [default REPEATABLE_READ]
	JDBC fetch size: none
	Pool: DataSourceConnectionProvider
	Minimum pool size: undefined/unknown
	Maximum pool size: undefined/unknown"}{"timestamp":"2026-06-08 18:14:35","level":"DEBUG","logger":"org.hibernate.tool.schema.spi.SchemaManagementToolCoordinator","message":"No schema actions specified for contributor 'orm'"}{"timestamp":"2026-06-08 18:14:35","level":"INFO","logger":"org.hibernate.orm.core","message":"HHH000489: No JTA platform available (set 'hibernate.transaction.jta.platform' to enable JTA platform integration)"}{"timestamp":"2026-06-08 18:14:35","level":"DEBUG","logger":"org.hibernate.tool.schema.spi.SchemaManagementToolCoordinator","message":"No schema actions specified for contributor 'orm'"}{"timestamp":"2026-06-08 18:14:35","level":"DEBUG","logger":"org.hibernate.tool.schema.spi.SchemaManagementToolCoordinator","message":"No schema management actions found"}{"timestamp":"2026-06-08 18:14:35","level":"INFO","logger":"org.springframework.orm.jpa.LocalContainerEntityManagerFactoryBean","message":"Initialized JPA EntityManagerFactory for persistence unit 'default'"}{"timestamp":"2026-06-08 18:14:35","level":"WARN","logger":"org.springframework.boot.jpa.autoconfigure.JpaBaseConfiguration$JpaWebConfiguration","message":"spring.jpa.open-in-view is enabled by default. Therefore, database queries may be performed during view rendering. Explicitly configure spring.jpa.open-in-view to disable this warning"}{"timestamp":"2026-06-08 18:14:35","level":"INFO","logger":"org.springframework.security.config.annotation.authentication.configuration.InitializeAuthenticationProviderBeanManagerConfigurer$InitializeAuthenticationProviderManagerConfigurer","message":"Global AuthenticationManager configured with AuthenticationProvider bean with name jobPortalUsernamePwdAuthenticationProvider"}{"timestamp":"2026-06-08 18:14:35","level":"DEBUG","logger":"org.springframework.security.web.DefaultSecurityFilterChain","message":"Will secure any request with filters: DisableEncodeUrlFilter, WebAsyncManagerIntegrationFilter, SecurityContextHolderFilter, HeaderWriterFilter, CorsFilter, CsrfFilter, LogoutFilter, JwtTokenValidatorFilter, RequestCacheAwareFilter, SecurityContextHolderAwareRequestFilter, AnonymousAuthenticationFilter, ExceptionTranslationFilter, AuthorizationFilter"}{"timestamp":"2026-06-08 18:14:36","level":"INFO","logger":"org.apache.coyote.http11.Http11NioProtocol","message":"Starting ProtocolHandler ["http-nio-8080"]"}{"timestamp":"2026-06-08 18:14:36","level":"INFO","logger":"org.springframework.boot.tomcat.TomcatWebServer","message":"Tomcat started on port 8080 (http) with context path '/'"}{"timestamp":"2026-06-08 18:14:36","level":"INFO","logger":"org.springframework.boot.devtools.autoconfigure.ConditionEvaluationDeltaLoggingListener","message":"Condition evaluation unchanged"}{"timestamp":"2026-06-08 18:14:38","level":"INFO","logger":"org.springframework.boot.devtools.autoconfigure.LocalDevToolsAutoConfiguration$RestartingClassPathChangeChangedEventListener","message":"Restarting due to 1 class path change (0 additions, 0 deletions, 1 modification)"}{"timestamp":"2026-06-08 18:14:38","level":"INFO","logger":"org.springframework.boot.tomcat.GracefulShutdown","message":"Commencing graceful shutdown. Waiting for active requests to complete"}{"timestamp":"2026-06-08 18:14:38","level":"INFO","logger":"org.apache.coyote.http11.Http11NioProtocol","message":"Pausing ProtocolHandler ["http-nio-8080"]"}{"timestamp":"2026-06-08 18:14:38","level":"INFO","logger":"org.springframework.boot.tomcat.GracefulShutdown","message":"Graceful shutdown complete"}{"timestamp":"2026-06-08 18:14:38","level":"INFO","logger":"org.apache.coyote.http11.Http11NioProtocol","message":"Stopping ProtocolHandler ["http-nio-8080"]"}{"timestamp":"2026-06-08 18:14:38","level":"INFO","logger":"org.springframework.orm.jpa.LocalContainerEntityManagerFactoryBean","message":"Closing JPA EntityManagerFactory for persistence unit 'default'"}{"timestamp":"2026-06-08 18:14:38","level":"INFO","logger":"com.zaxxer.hikari.HikariDataSource","message":"HikariPool-5 - Shutdown initiated..."}{"timestamp":"2026-06-08 18:14:38","level":"INFO","logger":"com.zaxxer.hikari.HikariDataSource","message":"HikariPool-5 - Shutdown completed."}{"timestamp":"2026-06-08 18:14:39","level":"INFO","logger":"org.springframework.data.repository.config.RepositoryConfigurationDelegate","message":"Bootstrapping Spring Data JPA repositories in DEFAULT mode."}{"timestamp":"2026-06-08 18:14:39","level":"INFO","logger":"org.springframework.data.repository.config.RepositoryConfigurationDelegate","message":"Finished Spring Data repository scanning in 106 ms. Found 4 JPA repository interfaces."}{"timestamp":"2026-06-08 18:14:39","level":"INFO","logger":"org.springframework.boot.tomcat.TomcatWebServer","message":"Tomcat initialized with port 8080 (http)"}{"timestamp":"2026-06-08 18:14:39","level":"INFO","logger":"org.apache.coyote.http11.Http11NioProtocol","message":"Initializing ProtocolHandler ["http-nio-8080"]"}{"timestamp":"2026-06-08 18:14:39","level":"INFO","logger":"org.apache.catalina.core.StandardService","message":"Starting service [Tomcat]"}{"timestamp":"2026-06-08 18:14:39","level":"INFO","logger":"org.apache.catalina.core.StandardEngine","message":"Starting Servlet engine: [Apache Tomcat/11.0.20]"}{"timestamp":"2026-06-08 18:14:39","level":"INFO","logger":"org.springframework.boot.web.context.servlet.WebApplicationContextInitializer","message":"Root WebApplicationContext: initialization completed in 823 ms"}{"timestamp":"2026-06-08 18:14:39","level":"INFO","logger":"org.hibernate.orm.jpa","message":"HHH008540: Processing PersistenceUnitInfo [name: default]"}{"timestamp":"2026-06-08 18:14:39","level":"INFO","logger":"org.springframework.orm.jpa.persistenceunit.SpringPersistenceUnitInfo","message":"No LoadTimeWeaver setup: ignoring JPA class transformer"}{"timestamp":"2026-06-08 18:14:39","level":"INFO","logger":"com.zaxxer.hikari.HikariDataSource","message":"HikariPool-6 - Starting..."}{"timestamp":"2026-06-08 18:14:39","level":"INFO","logger":"com.zaxxer.hikari.pool.HikariPool","message":"HikariPool-6 - Added connection com.mysql.cj.jdbc.ConnectionImpl@3352cc59"}{"timestamp":"2026-06-08 18:14:39","level":"INFO","logger":"com.zaxxer.hikari.HikariDataSource","message":"HikariPool-6 - Start completed."}{"timestamp":"2026-06-08 18:14:39","level":"WARN","logger":"org.hibernate.orm.deprecation","message":"HHH90000025: MySQLDialect does not need to be specified explicitly using 'hibernate.dialect' (remove the property setting and it will be selected by default)"}{"timestamp":"2026-06-08 18:14:39","level":"INFO","logger":"org.hibernate.orm.connections.pooling","message":"HHH10001005: Database info:
	Database JDBC URL [jdbc:mysql://localhost:3306/jobportaldb?useSSL=false&serverTimezone=UTC&allowPublicKeyRetrieval=true]
	Database driver: MySQL Connector/J
	Database dialect: MySQLDialect
	Database version: 8.0.46
	Default catalog/schema: jobportaldb/undefined
	Autocommit mode: undefined/unknown
	Isolation level: REPEATABLE_READ [default REPEATABLE_READ]
	JDBC fetch size: none
	Pool: DataSourceConnectionProvider
	Minimum pool size: undefined/unknown
	Maximum pool size: undefined/unknown"}{"timestamp":"2026-06-08 18:14:39","level":"DEBUG","logger":"org.hibernate.tool.schema.spi.SchemaManagementToolCoordinator","message":"No schema actions specified for contributor 'orm'"}{"timestamp":"2026-06-08 18:14:39","level":"INFO","logger":"org.hibernate.orm.core","message":"HHH000489: No JTA platform available (set 'hibernate.transaction.jta.platform' to enable JTA platform integration)"}{"timestamp":"2026-06-08 18:14:39","level":"DEBUG","logger":"org.hibernate.tool.schema.spi.SchemaManagementToolCoordinator","message":"No schema actions specified for contributor 'orm'"}{"timestamp":"2026-06-08 18:14:39","level":"DEBUG","logger":"org.hibernate.tool.schema.spi.SchemaManagementToolCoordinator","message":"No schema management actions found"}{"timestamp":"2026-06-08 18:14:39","level":"INFO","logger":"org.springframework.orm.jpa.LocalContainerEntityManagerFactoryBean","message":"Initialized JPA EntityManagerFactory for persistence unit 'default'"}{"timestamp":"2026-06-08 18:14:40","level":"WARN","logger":"org.springframework.boot.jpa.autoconfigure.JpaBaseConfiguration$JpaWebConfiguration","message":"spring.jpa.open-in-view is enabled by default. Therefore, database queries may be performed during view rendering. Explicitly configure spring.jpa.open-in-view to disable this warning"}{"timestamp":"2026-06-08 18:14:40","level":"INFO","logger":"org.springframework.security.config.annotation.authentication.configuration.InitializeAuthenticationProviderBeanManagerConfigurer$InitializeAuthenticationProviderManagerConfigurer","message":"Global AuthenticationManager configured with AuthenticationProvider bean with name jobPortalUsernamePwdAuthenticationProvider"}{"timestamp":"2026-06-08 18:14:40","level":"DEBUG","logger":"org.springframework.security.web.DefaultSecurityFilterChain","message":"Will secure any request with filters: DisableEncodeUrlFilter, WebAsyncManagerIntegrationFilter, SecurityContextHolderFilter, HeaderWriterFilter, CorsFilter, CsrfFilter, LogoutFilter, JwtTokenValidatorFilter, RequestCacheAwareFilter, SecurityContextHolderAwareRequestFilter, AnonymousAuthenticationFilter, ExceptionTranslationFilter, AuthorizationFilter"}{"timestamp":"2026-06-08 18:14:41","level":"INFO","logger":"org.apache.coyote.http11.Http11NioProtocol","message":"Starting ProtocolHandler ["http-nio-8080"]"}{"timestamp":"2026-06-08 18:14:41","level":"INFO","logger":"org.springframework.boot.tomcat.TomcatWebServer","message":"Tomcat started on port 8080 (http) with context path '/'"}{"timestamp":"2026-06-08 18:14:41","level":"INFO","logger":"org.springframework.boot.devtools.autoconfigure.ConditionEvaluationDeltaLoggingListener","message":"Condition evaluation unchanged"}{"timestamp":"2026-06-08 18:14:43","level":"INFO","logger":"org.springframework.boot.devtools.autoconfigure.LocalDevToolsAutoConfiguration$RestartingClassPathChangeChangedEventListener","message":"Restarting due to 1 class path change (0 additions, 0 deletions, 1 modification)"}{"timestamp":"2026-06-08 18:14:43","level":"INFO","logger":"org.springframework.boot.tomcat.GracefulShutdown","message":"Commencing graceful shutdown. Waiting for active requests to complete"}{"timestamp":"2026-06-08 18:14:43","level":"INFO","logger":"org.apache.coyote.http11.Http11NioProtocol","message":"Pausing ProtocolHandler ["http-nio-8080"]"}{"timestamp":"2026-06-08 18:14:43","level":"INFO","logger":"org.springframework.boot.tomcat.GracefulShutdown","message":"Graceful shutdown complete"}{"timestamp":"2026-06-08 18:14:43","level":"INFO","logger":"org.apache.coyote.http11.Http11NioProtocol","message":"Stopping ProtocolHandler ["http-nio-8080"]"}{"timestamp":"2026-06-08 18:14:43","level":"INFO","logger":"org.springframework.orm.jpa.LocalContainerEntityManagerFactoryBean","message":"Closing JPA EntityManagerFactory for persistence unit 'default'"}{"timestamp":"2026-06-08 18:14:43","level":"INFO","logger":"com.zaxxer.hikari.HikariDataSource","message":"HikariPool-6 - Shutdown initiated..."}{"timestamp":"2026-06-08 18:14:43","level":"INFO","logger":"com.zaxxer.hikari.HikariDataSource","message":"HikariPool-6 - Shutdown completed."}{"timestamp":"2026-06-08 18:14:44","level":"INFO","logger":"org.springframework.data.repository.config.RepositoryConfigurationDelegate","message":"Bootstrapping Spring Data JPA repositories in DEFAULT mode."}{"timestamp":"2026-06-08 18:14:44","level":"INFO","logger":"org.springframework.data.repository.config.RepositoryConfigurationDelegate","message":"Finished Spring Data repository scanning in 63 ms. Found 4 JPA repository interfaces."}{"timestamp":"2026-06-08 18:14:44","level":"INFO","logger":"org.springframework.boot.tomcat.TomcatWebServer","message":"Tomcat initialized with port 8080 (http)"}{"timestamp":"2026-06-08 18:14:44","level":"INFO","logger":"org.apache.coyote.http11.Http11NioProtocol","message":"Initializing ProtocolHandler ["http-nio-8080"]"}{"timestamp":"2026-06-08 18:14:44","level":"INFO","logger":"org.apache.catalina.core.StandardService","message":"Starting service [Tomcat]"}{"timestamp":"2026-06-08 18:14:44","level":"INFO","logger":"org.apache.catalina.core.StandardEngine","message":"Starting Servlet engine: [Apache Tomcat/11.0.20]"}{"timestamp":"2026-06-08 18:14:44","level":"INFO","logger":"org.springframework.boot.web.context.servlet.WebApplicationContextInitializer","message":"Root WebApplicationContext: initialization completed in 1089 ms"}{"timestamp":"2026-06-08 18:14:44","level":"INFO","logger":"org.hibernate.orm.jpa","message":"HHH008540: Processing PersistenceUnitInfo [name: default]"}{"timestamp":"2026-06-08 18:14:44","level":"INFO","logger":"org.springframework.orm.jpa.persistenceunit.SpringPersistenceUnitInfo","message":"No LoadTimeWeaver setup: ignoring JPA class transformer"}{"timestamp":"2026-06-08 18:14:44","level":"INFO","logger":"com.zaxxer.hikari.HikariDataSource","message":"HikariPool-7 - Starting..."}{"timestamp":"2026-06-08 18:14:44","level":"INFO","logger":"com.zaxxer.hikari.pool.HikariPool","message":"HikariPool-7 - Added connection com.mysql.cj.jdbc.ConnectionImpl@6e155b2b"}{"timestamp":"2026-06-08 18:14:44","level":"INFO","logger":"com.zaxxer.hikari.HikariDataSource","message":"HikariPool-7 - Start completed."}{"timestamp":"2026-06-08 18:14:44","level":"WARN","logger":"org.hibernate.orm.deprecation","message":"HHH90000025: MySQLDialect does not need to be specified explicitly using 'hibernate.dialect' (remove the property setting and it will be selected by default)"}{"timestamp":"2026-06-08 18:14:44","level":"INFO","logger":"org.hibernate.orm.connections.pooling","message":"HHH10001005: Database info:
	Database JDBC URL [jdbc:mysql://localhost:3306/jobportaldb?useSSL=false&serverTimezone=UTC&allowPublicKeyRetrieval=true]
	Database driver: MySQL Connector/J
	Database dialect: MySQLDialect
	Database version: 8.0.46
	Default catalog/schema: jobportaldb/undefined
	Autocommit mode: undefined/unknown
	Isolation level: REPEATABLE_READ [default REPEATABLE_READ]
	JDBC fetch size: none
	Pool: DataSourceConnectionProvider
	Minimum pool size: undefined/unknown
	Maximum pool size: undefined/unknown"}{"timestamp":"2026-06-08 18:14:44","level":"DEBUG","logger":"org.hibernate.tool.schema.spi.SchemaManagementToolCoordinator","message":"No schema actions specified for contributor 'orm'"}{"timestamp":"2026-06-08 18:14:44","level":"INFO","logger":"org.hibernate.orm.core","message":"HHH000489: No JTA platform available (set 'hibernate.transaction.jta.platform' to enable JTA platform integration)"}{"timestamp":"2026-06-08 18:14:44","level":"DEBUG","logger":"org.hibernate.tool.schema.spi.SchemaManagementToolCoordinator","message":"No schema actions specified for contributor 'orm'"}{"timestamp":"2026-06-08 18:14:44","level":"DEBUG","logger":"org.hibernate.tool.schema.spi.SchemaManagementToolCoordinator","message":"No schema management actions found"}{"timestamp":"2026-06-08 18:14:44","level":"INFO","logger":"org.springframework.orm.jpa.LocalContainerEntityManagerFactoryBean","message":"Initialized JPA EntityManagerFactory for persistence unit 'default'"}{"timestamp":"2026-06-08 18:14:45","level":"WARN","logger":"org.springframework.boot.jpa.autoconfigure.JpaBaseConfiguration$JpaWebConfiguration","message":"spring.jpa.open-in-view is enabled by default. Therefore, database queries may be performed during view rendering. Explicitly configure spring.jpa.open-in-view to disable this warning"}{"timestamp":"2026-06-08 18:14:45","level":"INFO","logger":"org.springframework.security.config.annotation.authentication.configuration.InitializeAuthenticationProviderBeanManagerConfigurer$InitializeAuthenticationProviderManagerConfigurer","message":"Global AuthenticationManager configured with AuthenticationProvider bean with name jobPortalUsernamePwdAuthenticationProvider"}{"timestamp":"2026-06-08 18:14:45","level":"DEBUG","logger":"org.springframework.security.web.DefaultSecurityFilterChain","message":"Will secure any request with filters: DisableEncodeUrlFilter, WebAsyncManagerIntegrationFilter, SecurityContextHolderFilter, HeaderWriterFilter, CorsFilter, CsrfFilter, LogoutFilter, JwtTokenValidatorFilter, RequestCacheAwareFilter, SecurityContextHolderAwareRequestFilter, AnonymousAuthenticationFilter, ExceptionTranslationFilter, AuthorizationFilter"}{"timestamp":"2026-06-08 18:14:45","level":"INFO","logger":"org.apache.coyote.http11.Http11NioProtocol","message":"Starting ProtocolHandler ["http-nio-8080"]"}{"timestamp":"2026-06-08 18:14:45","level":"INFO","logger":"org.springframework.boot.tomcat.TomcatWebServer","message":"Tomcat started on port 8080 (http) with context path '/'"}{"timestamp":"2026-06-08 18:14:45","level":"INFO","logger":"org.springframework.boot.devtools.autoconfigure.ConditionEvaluationDeltaLoggingListener","message":"Condition evaluation unchanged"}{"timestamp":"2026-06-08 18:15:08","level":"INFO","logger":"org.springframework.boot.devtools.autoconfigure.LocalDevToolsAutoConfiguration$RestartingClassPathChangeChangedEventListener","message":"Restarting due to 2 class path changes (0 additions, 0 deletions, 2 modifications)"}{"timestamp":"2026-06-08 18:15:08","level":"INFO","logger":"org.springframework.boot.tomcat.GracefulShutdown","message":"Commencing graceful shutdown. Waiting for active requests to complete"}{"timestamp":"2026-06-08 18:15:08","level":"INFO","logger":"org.apache.coyote.http11.Http11NioProtocol","message":"Pausing ProtocolHandler ["http-nio-8080"]"}{"timestamp":"2026-06-08 18:15:08","level":"INFO","logger":"org.springframework.boot.tomcat.GracefulShutdown","message":"Graceful shutdown complete"}{"timestamp":"2026-06-08 18:15:08","level":"INFO","logger":"org.apache.coyote.http11.Http11NioProtocol","message":"Stopping ProtocolHandler ["http-nio-8080"]"}{"timestamp":"2026-06-08 18:15:08","level":"INFO","logger":"org.springframework.orm.jpa.LocalContainerEntityManagerFactoryBean","message":"Closing JPA EntityManagerFactory for persistence unit 'default'"}{"timestamp":"2026-06-08 18:15:08","level":"INFO","logger":"com.zaxxer.hikari.HikariDataSource","message":"HikariPool-7 - Shutdown initiated..."}{"timestamp":"2026-06-08 18:15:08","level":"INFO","logger":"com.zaxxer.hikari.HikariDataSource","message":"HikariPool-7 - Shutdown completed."}{"timestamp":"2026-06-08 18:15:08","level":"INFO","logger":"org.springframework.data.repository.config.RepositoryConfigurationDelegate","message":"Bootstrapping Spring Data JPA repositories in DEFAULT mode."}{"timestamp":"2026-06-08 18:15:08","level":"INFO","logger":"org.springframework.data.repository.config.RepositoryConfigurationDelegate","message":"Finished Spring Data repository scanning in 22 ms. Found 4 JPA repository interfaces."}{"timestamp":"2026-06-08 18:15:08","level":"INFO","logger":"org.springframework.boot.tomcat.TomcatWebServer","message":"Tomcat initialized with port 8080 (http)"}{"timestamp":"2026-06-08 18:15:08","level":"INFO","logger":"org.apache.coyote.http11.Http11NioProtocol","message":"Initializing ProtocolHandler ["http-nio-8080"]"}{"timestamp":"2026-06-08 18:15:08","level":"INFO","logger":"org.apache.catalina.core.StandardService","message":"Starting service [Tomcat]"}{"timestamp":"2026-06-08 18:15:08","level":"INFO","logger":"org.apache.catalina.core.StandardEngine","message":"Starting Servlet engine: [Apache Tomcat/11.0.20]"}{"timestamp":"2026-06-08 18:15:08","level":"INFO","logger":"org.springframework.boot.web.context.servlet.WebApplicationContextInitializer","message":"Root WebApplicationContext: initialization completed in 380 ms"}{"timestamp":"2026-06-08 18:15:08","level":"INFO","logger":"org.hibernate.orm.jpa","message":"HHH008540: Processing PersistenceUnitInfo [name: default]"}{"timestamp":"2026-06-08 18:15:08","level":"INFO","logger":"org.springframework.orm.jpa.persistenceunit.SpringPersistenceUnitInfo","message":"No LoadTimeWeaver setup: ignoring JPA class transformer"}{"timestamp":"2026-06-08 18:15:08","level":"INFO","logger":"com.zaxxer.hikari.HikariDataSource","message":"HikariPool-8 - Starting..."}{"timestamp":"2026-06-08 18:15:08","level":"INFO","logger":"com.zaxxer.hikari.pool.HikariPool","message":"HikariPool-8 - Added connection com.mysql.cj.jdbc.ConnectionImpl@12d75713"}{"timestamp":"2026-06-08 18:15:08","level":"INFO","logger":"com.zaxxer.hikari.HikariDataSource","message":"HikariPool-8 - Start completed."}{"timestamp":"2026-06-08 18:15:08","level":"WARN","logger":"org.hibernate.orm.deprecation","message":"HHH90000025: MySQLDialect does not need to be specified explicitly using 'hibernate.dialect' (remove the property setting and it will be selected by default)"}{"timestamp":"2026-06-08 18:15:08","level":"INFO","logger":"org.hibernate.orm.connections.pooling","message":"HHH10001005: Database info:
	Database JDBC URL [jdbc:mysql://localhost:3306/jobportaldb?useSSL=false&serverTimezone=UTC&allowPublicKeyRetrieval=true]
	Database driver: MySQL Connector/J
	Database dialect: MySQLDialect
	Database version: 8.0.46
	Default catalog/schema: jobportaldb/undefined
	Autocommit mode: undefined/unknown
	Isolation level: REPEATABLE_READ [default REPEATABLE_READ]
	JDBC fetch size: none
	Pool: DataSourceConnectionProvider
	Minimum pool size: undefined/unknown
	Maximum pool size: undefined/unknown"}{"timestamp":"2026-06-08 18:15:08","level":"DEBUG","logger":"org.hibernate.tool.schema.spi.SchemaManagementToolCoordinator","message":"No schema actions specified for contributor 'orm'"}{"timestamp":"2026-06-08 18:15:09","level":"INFO","logger":"org.hibernate.orm.core","message":"HHH000489: No JTA platform available (set 'hibernate.transaction.jta.platform' to enable JTA platform integration)"}{"timestamp":"2026-06-08 18:15:09","level":"DEBUG","logger":"org.hibernate.tool.schema.spi.SchemaManagementToolCoordinator","message":"No schema actions specified for contributor 'orm'"}{"timestamp":"2026-06-08 18:15:09","level":"DEBUG","logger":"org.hibernate.tool.schema.spi.SchemaManagementToolCoordinator","message":"No schema management actions found"}{"timestamp":"2026-06-08 18:15:09","level":"INFO","logger":"org.springframework.orm.jpa.LocalContainerEntityManagerFactoryBean","message":"Initialized JPA EntityManagerFactory for persistence unit 'default'"}{"timestamp":"2026-06-08 18:15:09","level":"WARN","logger":"org.springframework.boot.jpa.autoconfigure.JpaBaseConfiguration$JpaWebConfiguration","message":"spring.jpa.open-in-view is enabled by default. Therefore, database queries may be performed during view rendering. Explicitly configure spring.jpa.open-in-view to disable this warning"}{"timestamp":"2026-06-08 18:15:09","level":"INFO","logger":"org.springframework.security.config.annotation.authentication.configuration.InitializeAuthenticationProviderBeanManagerConfigurer$InitializeAuthenticationProviderManagerConfigurer","message":"Global AuthenticationManager configured with AuthenticationProvider bean with name jobPortalUsernamePwdAuthenticationProvider"}{"timestamp":"2026-06-08 18:15:09","level":"DEBUG","logger":"org.springframework.security.web.DefaultSecurityFilterChain","message":"Will secure any request with filters: DisableEncodeUrlFilter, WebAsyncManagerIntegrationFilter, SecurityContextHolderFilter, HeaderWriterFilter, CorsFilter, CsrfFilter, LogoutFilter, JwtTokenValidatorFilter, RequestCacheAwareFilter, SecurityContextHolderAwareRequestFilter, AnonymousAuthenticationFilter, ExceptionTranslationFilter, AuthorizationFilter"}{"timestamp":"2026-06-08 18:15:09","level":"INFO","logger":"org.apache.coyote.http11.Http11NioProtocol","message":"Starting ProtocolHandler ["http-nio-8080"]"}{"timestamp":"2026-06-08 18:15:09","level":"INFO","logger":"org.springframework.boot.tomcat.TomcatWebServer","message":"Tomcat started on port 8080 (http) with context path '/'"}{"timestamp":"2026-06-08 18:15:09","level":"INFO","logger":"org.springframework.boot.devtools.autoconfigure.ConditionEvaluationDeltaLoggingListener","message":"Condition evaluation unchanged"}{"timestamp":"2026-06-08 18:16:45","level":"INFO","logger":"org.springframework.boot.devtools.autoconfigure.LocalDevToolsAutoConfiguration$RestartingClassPathChangeChangedEventListener","message":"Restarting due to 1 class path change (0 additions, 0 deletions, 1 modification)"}{"timestamp":"2026-06-08 18:16:45","level":"INFO","logger":"org.springframework.boot.tomcat.GracefulShutdown","message":"Commencing graceful shutdown. Waiting for active requests to complete"}{"timestamp":"2026-06-08 18:16:45","level":"INFO","logger":"org.apache.coyote.http11.Http11NioProtocol","message":"Pausing ProtocolHandler ["http-nio-8080"]"}{"timestamp":"2026-06-08 18:16:45","level":"INFO","logger":"org.springframework.boot.tomcat.GracefulShutdown","message":"Graceful shutdown complete"}{"timestamp":"2026-06-08 18:16:45","level":"INFO","logger":"org.apache.coyote.http11.Http11NioProtocol","message":"Stopping ProtocolHandler ["http-nio-8080"]"}{"timestamp":"2026-06-08 18:16:45","level":"INFO","logger":"org.springframework.orm.jpa.LocalContainerEntityManagerFactoryBean","message":"Closing JPA EntityManagerFactory for persistence unit 'default'"}{"timestamp":"2026-06-08 18:16:45","level":"INFO","logger":"com.zaxxer.hikari.HikariDataSource","message":"HikariPool-8 - Shutdown initiated..."}{"timestamp":"2026-06-08 18:16:45","level":"INFO","logger":"com.zaxxer.hikari.HikariDataSource","message":"HikariPool-8 - Shutdown completed."}{"timestamp":"2026-06-08 18:16:46","level":"INFO","logger":"org.springframework.data.repository.config.RepositoryConfigurationDelegate","message":"Bootstrapping Spring Data JPA repositories in DEFAULT mode."}{"timestamp":"2026-06-08 18:16:46","level":"INFO","logger":"org.springframework.data.repository.config.RepositoryConfigurationDelegate","message":"Finished Spring Data repository scanning in 33 ms. Found 4 JPA repository interfaces."}{"timestamp":"2026-06-08 18:16:46","level":"INFO","logger":"org.springframework.boot.tomcat.TomcatWebServer","message":"Tomcat initialized with port 8080 (http)"}{"timestamp":"2026-06-08 18:16:46","level":"INFO","logger":"org.apache.coyote.http11.Http11NioProtocol","message":"Initializing ProtocolHandler ["http-nio-8080"]"}{"timestamp":"2026-06-08 18:16:46","level":"INFO","logger":"org.apache.catalina.core.StandardService","message":"Starting service [Tomcat]"}{"timestamp":"2026-06-08 18:16:46","level":"INFO","logger":"org.apache.catalina.core.StandardEngine","message":"Starting Servlet engine: [Apache Tomcat/11.0.20]"}{"timestamp":"2026-06-08 18:16:46","level":"INFO","logger":"org.springframework.boot.web.context.servlet.WebApplicationContextInitializer","message":"Root WebApplicationContext: initialization completed in 617 ms"}{"timestamp":"2026-06-08 18:16:46","level":"INFO","logger":"org.hibernate.orm.jpa","message":"HHH008540: Processing PersistenceUnitInfo [name: default]"}{"timestamp":"2026-06-08 18:16:46","level":"INFO","logger":"org.springframework.orm.jpa.persistenceunit.SpringPersistenceUnitInfo","message":"No LoadTimeWeaver setup: ignoring JPA class transformer"}{"timestamp":"2026-06-08 18:16:46","level":"INFO","logger":"com.zaxxer.hikari.HikariDataSource","message":"HikariPool-9 - Starting..."}{"timestamp":"2026-06-08 18:16:46","level":"INFO","logger":"com.zaxxer.hikari.pool.HikariPool","message":"HikariPool-9 - Added connection com.mysql.cj.jdbc.ConnectionImpl@7dd563b6"}{"timestamp":"2026-06-08 18:16:46","level":"INFO","logger":"com.zaxxer.hikari.HikariDataSource","message":"HikariPool-9 - Start completed."}{"timestamp":"2026-06-08 18:16:46","level":"WARN","logger":"org.hibernate.orm.deprecation","message":"HHH90000025: MySQLDialect does not need to be specified explicitly using 'hibernate.dialect' (remove the property setting and it will be selected by default)"}{"timestamp":"2026-06-08 18:16:46","level":"INFO","logger":"org.hibernate.orm.connections.pooling","message":"HHH10001005: Database info:
	Database JDBC URL [jdbc:mysql://localhost:3306/jobportaldb?useSSL=false&serverTimezone=UTC&allowPublicKeyRetrieval=true]
	Database driver: MySQL Connector/J
	Database dialect: MySQLDialect
	Database version: 8.0.46
	Default catalog/schema: jobportaldb/undefined
	Autocommit mode: undefined/unknown
	Isolation level: REPEATABLE_READ [default REPEATABLE_READ]
	JDBC fetch size: none
	Pool: DataSourceConnectionProvider
	Minimum pool size: undefined/unknown
	Maximum pool size: undefined/unknown"}{"timestamp":"2026-06-08 18:16:46","level":"DEBUG","logger":"org.hibernate.tool.schema.spi.SchemaManagementToolCoordinator","message":"No schema actions specified for contributor 'orm'"}{"timestamp":"2026-06-08 18:16:46","level":"INFO","logger":"org.hibernate.orm.core","message":"HHH000489: No JTA platform available (set 'hibernate.transaction.jta.platform' to enable JTA platform integration)"}{"timestamp":"2026-06-08 18:16:46","level":"DEBUG","logger":"org.hibernate.tool.schema.spi.SchemaManagementToolCoordinator","message":"No schema actions specified for contributor 'orm'"}{"timestamp":"2026-06-08 18:16:46","level":"DEBUG","logger":"org.hibernate.tool.schema.spi.SchemaManagementToolCoordinator","message":"No schema management actions found"}{"timestamp":"2026-06-08 18:16:46","level":"INFO","logger":"org.springframework.orm.jpa.LocalContainerEntityManagerFactoryBean","message":"Initialized JPA EntityManagerFactory for persistence unit 'default'"}{"timestamp":"2026-06-08 18:16:47","level":"WARN","logger":"org.springframework.boot.jpa.autoconfigure.JpaBaseConfiguration$JpaWebConfiguration","message":"spring.jpa.open-in-view is enabled by default. Therefore, database queries may be performed during view rendering. Explicitly configure spring.jpa.open-in-view to disable this warning"}{"timestamp":"2026-06-08 18:16:47","level":"INFO","logger":"org.springframework.security.config.annotation.authentication.configuration.InitializeAuthenticationProviderBeanManagerConfigurer$InitializeAuthenticationProviderManagerConfigurer","message":"Global AuthenticationManager configured with AuthenticationProvider bean with name jobPortalUsernamePwdAuthenticationProvider"}{"timestamp":"2026-06-08 18:16:47","level":"DEBUG","logger":"org.springframework.security.web.DefaultSecurityFilterChain","message":"Will secure any request with filters: DisableEncodeUrlFilter, WebAsyncManagerIntegrationFilter, SecurityContextHolderFilter, HeaderWriterFilter, CorsFilter, CsrfFilter, LogoutFilter, JwtTokenValidatorFilter, RequestCacheAwareFilter, SecurityContextHolderAwareRequestFilter, AnonymousAuthenticationFilter, ExceptionTranslationFilter, AuthorizationFilter"}{"timestamp":"2026-06-08 18:16:47","level":"INFO","logger":"org.apache.coyote.http11.Http11NioProtocol","message":"Starting ProtocolHandler ["http-nio-8080"]"}{"timestamp":"2026-06-08 18:16:47","level":"INFO","logger":"org.springframework.boot.tomcat.TomcatWebServer","message":"Tomcat started on port 8080 (http) with context path '/'"}{"timestamp":"2026-06-08 18:16:48","level":"INFO","logger":"org.springframework.boot.devtools.autoconfigure.ConditionEvaluationDeltaLoggingListener","message":"Condition evaluation unchanged"}{"timestamp":"2026-06-08 18:16:49","level":"INFO","logger":"org.springframework.boot.devtools.autoconfigure.LocalDevToolsAutoConfiguration$RestartingClassPathChangeChangedEventListener","message":"Restarting due to 1 class path change (0 additions, 0 deletions, 1 modification)"}{"timestamp":"2026-06-08 18:16:49","level":"INFO","logger":"org.springframework.boot.tomcat.GracefulShutdown","message":"Commencing graceful shutdown. Waiting for active requests to complete"}{"timestamp":"2026-06-08 18:16:49","level":"INFO","logger":"org.apache.coyote.http11.Http11NioProtocol","message":"Pausing ProtocolHandler ["http-nio-8080"]"}{"timestamp":"2026-06-08 18:16:49","level":"INFO","logger":"org.springframework.boot.tomcat.GracefulShutdown","message":"Graceful shutdown complete"}{"timestamp":"2026-06-08 18:16:49","level":"INFO","logger":"org.apache.coyote.http11.Http11NioProtocol","message":"Stopping ProtocolHandler ["http-nio-8080"]"}{"timestamp":"2026-06-08 18:16:49","level":"INFO","logger":"org.springframework.orm.jpa.LocalContainerEntityManagerFactoryBean","message":"Closing JPA EntityManagerFactory for persistence unit 'default'"}{"timestamp":"2026-06-08 18:16:49","level":"INFO","logger":"com.zaxxer.hikari.HikariDataSource","message":"HikariPool-9 - Shutdown initiated..."}{"timestamp":"2026-06-08 18:16:49","level":"INFO","logger":"com.zaxxer.hikari.HikariDataSource","message":"HikariPool-9 - Shutdown completed."}{"timestamp":"2026-06-08 18:16:50","level":"INFO","logger":"org.springframework.data.repository.config.RepositoryConfigurationDelegate","message":"Bootstrapping Spring Data JPA repositories in DEFAULT mode."}{"timestamp":"2026-06-08 18:16:50","level":"INFO","logger":"org.springframework.data.repository.config.RepositoryConfigurationDelegate","message":"Finished Spring Data repository scanning in 40 ms. Found 4 JPA repository interfaces."}{"timestamp":"2026-06-08 18:16:50","level":"INFO","logger":"org.springframework.boot.tomcat.TomcatWebServer","message":"Tomcat initialized with port 8080 (http)"}{"timestamp":"2026-06-08 18:16:50","level":"INFO","logger":"org.apache.coyote.http11.Http11NioProtocol","message":"Initializing ProtocolHandler ["http-nio-8080"]"}{"timestamp":"2026-06-08 18:16:50","level":"INFO","logger":"org.apache.catalina.core.StandardService","message":"Starting service [Tomcat]"}{"timestamp":"2026-06-08 18:16:50","level":"INFO","logger":"org.apache.catalina.core.StandardEngine","message":"Starting Servlet engine: [Apache Tomcat/11.0.20]"}{"timestamp":"2026-06-08 18:16:50","level":"INFO","logger":"org.springframework.boot.web.context.servlet.WebApplicationContextInitializer","message":"Root WebApplicationContext: initialization completed in 548 ms"}{"timestamp":"2026-06-08 18:16:50","level":"INFO","logger":"org.hibernate.orm.jpa","message":"HHH008540: Processing PersistenceUnitInfo [name: default]"}{"timestamp":"2026-06-08 18:16:50","level":"INFO","logger":"org.springframework.orm.jpa.persistenceunit.SpringPersistenceUnitInfo","message":"No LoadTimeWeaver setup: ignoring JPA class transformer"}{"timestamp":"2026-06-08 18:16:50","level":"INFO","logger":"com.zaxxer.hikari.HikariDataSource","message":"HikariPool-10 - Starting..."}{"timestamp":"2026-06-08 18:16:50","level":"INFO","logger":"com.zaxxer.hikari.pool.HikariPool","message":"HikariPool-10 - Added connection com.mysql.cj.jdbc.ConnectionImpl@5cee3777"}{"timestamp":"2026-06-08 18:16:50","level":"INFO","logger":"com.zaxxer.hikari.HikariDataSource","message":"HikariPool-10 - Start completed."}{"timestamp":"2026-06-08 18:16:50","level":"WARN","logger":"org.hibernate.orm.deprecation","message":"HHH90000025: MySQLDialect does not need to be specified explicitly using 'hibernate.dialect' (remove the property setting and it will be selected by default)"}{"timestamp":"2026-06-08 18:16:50","level":"INFO","logger":"org.hibernate.orm.connections.pooling","message":"HHH10001005: Database info:
	Database JDBC URL [jdbc:mysql://localhost:3306/jobportaldb?useSSL=false&serverTimezone=UTC&allowPublicKeyRetrieval=true]
	Database driver: MySQL Connector/J
	Database dialect: MySQLDialect
	Database version: 8.0.46
	Default catalog/schema: jobportaldb/undefined
	Autocommit mode: undefined/unknown
	Isolation level: REPEATABLE_READ [default REPEATABLE_READ]
	JDBC fetch size: none
	Pool: DataSourceConnectionProvider
	Minimum pool size: undefined/unknown
	Maximum pool size: undefined/unknown"}{"timestamp":"2026-06-08 18:16:50","level":"DEBUG","logger":"org.hibernate.tool.schema.spi.SchemaManagementToolCoordinator","message":"No schema actions specified for contributor 'orm'"}{"timestamp":"2026-06-08 18:16:50","level":"INFO","logger":"org.hibernate.orm.core","message":"HHH000489: No JTA platform available (set 'hibernate.transaction.jta.platform' to enable JTA platform integration)"}{"timestamp":"2026-06-08 18:16:50","level":"DEBUG","logger":"org.hibernate.tool.schema.spi.SchemaManagementToolCoordinator","message":"No schema actions specified for contributor 'orm'"}{"timestamp":"2026-06-08 18:16:50","level":"DEBUG","logger":"org.hibernate.tool.schema.spi.SchemaManagementToolCoordinator","message":"No schema management actions found"}{"timestamp":"2026-06-08 18:16:50","level":"INFO","logger":"org.springframework.orm.jpa.LocalContainerEntityManagerFactoryBean","message":"Initialized JPA EntityManagerFactory for persistence unit 'default'"}{"timestamp":"2026-06-08 18:16:51","level":"WARN","logger":"org.springframework.boot.jpa.autoconfigure.JpaBaseConfiguration$JpaWebConfiguration","message":"spring.jpa.open-in-view is enabled by default. Therefore, database queries may be performed during view rendering. Explicitly configure spring.jpa.open-in-view to disable this warning"}{"timestamp":"2026-06-08 18:16:51","level":"INFO","logger":"org.springframework.security.config.annotation.authentication.configuration.InitializeAuthenticationProviderBeanManagerConfigurer$InitializeAuthenticationProviderManagerConfigurer","message":"Global AuthenticationManager configured with AuthenticationProvider bean with name jobPortalUsernamePwdAuthenticationProvider"}{"timestamp":"2026-06-08 18:16:51","level":"DEBUG","logger":"org.springframework.security.web.DefaultSecurityFilterChain","message":"Will secure any request with filters: DisableEncodeUrlFilter, WebAsyncManagerIntegrationFilter, SecurityContextHolderFilter, HeaderWriterFilter, CorsFilter, CsrfFilter, LogoutFilter, JwtTokenValidatorFilter, RequestCacheAwareFilter, SecurityContextHolderAwareRequestFilter, AnonymousAuthenticationFilter, ExceptionTranslationFilter, AuthorizationFilter"}{"timestamp":"2026-06-08 18:16:51","level":"INFO","logger":"org.apache.coyote.http11.Http11NioProtocol","message":"Starting ProtocolHandler ["http-nio-8080"]"}{"timestamp":"2026-06-08 18:16:51","level":"INFO","logger":"org.springframework.boot.tomcat.TomcatWebServer","message":"Tomcat started on port 8080 (http) with context path '/'"}{"timestamp":"2026-06-08 18:16:51","level":"INFO","logger":"org.springframework.boot.devtools.autoconfigure.ConditionEvaluationDeltaLoggingListener","message":"Condition evaluation unchanged"}{"timestamp":"2026-06-08 18:16:53","level":"INFO","logger":"org.springframework.boot.devtools.autoconfigure.LocalDevToolsAutoConfiguration$RestartingClassPathChangeChangedEventListener","message":"Restarting due to 1 class path change (0 additions, 0 deletions, 1 modification)"}{"timestamp":"2026-06-08 18:16:53","level":"INFO","logger":"org.springframework.boot.tomcat.GracefulShutdown","message":"Commencing graceful shutdown. Waiting for active requests to complete"}{"timestamp":"2026-06-08 18:16:53","level":"INFO","logger":"org.apache.coyote.http11.Http11NioProtocol","message":"Pausing ProtocolHandler ["http-nio-8080"]"}{"timestamp":"2026-06-08 18:16:53","level":"INFO","logger":"org.springframework.boot.tomcat.GracefulShutdown","message":"Graceful shutdown complete"}{"timestamp":"2026-06-08 18:16:53","level":"INFO","logger":"org.apache.coyote.http11.Http11NioProtocol","message":"Stopping ProtocolHandler ["http-nio-8080"]"}{"timestamp":"2026-06-08 18:16:53","level":"INFO","logger":"org.springframework.orm.jpa.LocalContainerEntityManagerFactoryBean","message":"Closing JPA EntityManagerFactory for persistence unit 'default'"}{"timestamp":"2026-06-08 18:16:53","level":"INFO","logger":"com.zaxxer.hikari.HikariDataSource","message":"HikariPool-10 - Shutdown initiated..."}{"timestamp":"2026-06-08 18:16:53","level":"INFO","logger":"com.zaxxer.hikari.HikariDataSource","message":"HikariPool-10 - Shutdown completed."}{"timestamp":"2026-06-08 18:16:53","level":"INFO","logger":"org.springframework.data.repository.config.RepositoryConfigurationDelegate","message":"Bootstrapping Spring Data JPA repositories in DEFAULT mode."}{"timestamp":"2026-06-08 18:16:53","level":"INFO","logger":"org.springframework.data.repository.config.RepositoryConfigurationDelegate","message":"Finished Spring Data repository scanning in 21 ms. Found 4 JPA repository interfaces."}{"timestamp":"2026-06-08 18:16:53","level":"INFO","logger":"org.springframework.boot.tomcat.TomcatWebServer","message":"Tomcat initialized with port 8080 (http)"}{"timestamp":"2026-06-08 18:16:53","level":"INFO","logger":"org.apache.coyote.http11.Http11NioProtocol","message":"Initializing ProtocolHandler ["http-nio-8080"]"}{"timestamp":"2026-06-08 18:16:53","level":"INFO","logger":"org.apache.catalina.core.StandardService","message":"Starting service [Tomcat]"}{"timestamp":"2026-06-08 18:16:53","level":"INFO","logger":"org.apache.catalina.core.StandardEngine","message":"Starting Servlet engine: [Apache Tomcat/11.0.20]"}{"timestamp":"2026-06-08 18:16:53","level":"INFO","logger":"org.springframework.boot.web.context.servlet.WebApplicationContextInitializer","message":"Root WebApplicationContext: initialization completed in 426 ms"}{"timestamp":"2026-06-08 18:16:53","level":"INFO","logger":"org.hibernate.orm.jpa","message":"HHH008540: Processing PersistenceUnitInfo [name: default]"}{"timestamp":"2026-06-08 18:16:53","level":"INFO","logger":"org.springframework.orm.jpa.persistenceunit.SpringPersistenceUnitInfo","message":"No LoadTimeWeaver setup: ignoring JPA class transformer"}{"timestamp":"2026-06-08 18:16:53","level":"INFO","logger":"com.zaxxer.hikari.HikariDataSource","message":"HikariPool-11 - Starting..."}{"timestamp":"2026-06-08 18:16:53","level":"INFO","logger":"com.zaxxer.hikari.pool.HikariPool","message":"HikariPool-11 - Added connection com.mysql.cj.jdbc.ConnectionImpl@77a4d77b"}{"timestamp":"2026-06-08 18:16:53","level":"INFO","logger":"com.zaxxer.hikari.HikariDataSource","message":"HikariPool-11 - Start completed."}{"timestamp":"2026-06-08 18:16:53","level":"WARN","logger":"org.hibernate.orm.deprecation","message":"HHH90000025: MySQLDialect does not need to be specified explicitly using 'hibernate.dialect' (remove the property setting and it will be selected by default)"}{"timestamp":"2026-06-08 18:16:53","level":"INFO","logger":"org.hibernate.orm.connections.pooling","message":"HHH10001005: Database info:
	Database JDBC URL [jdbc:mysql://localhost:3306/jobportaldb?useSSL=false&serverTimezone=UTC&allowPublicKeyRetrieval=true]
	Database driver: MySQL Connector/J
	Database dialect: MySQLDialect
	Database version: 8.0.46
	Default catalog/schema: jobportaldb/undefined
	Autocommit mode: undefined/unknown
	Isolation level: REPEATABLE_READ [default REPEATABLE_READ]
	JDBC fetch size: none
	Pool: DataSourceConnectionProvider
	Minimum pool size: undefined/unknown
	Maximum pool size: undefined/unknown"}{"timestamp":"2026-06-08 18:16:53","level":"DEBUG","logger":"org.hibernate.tool.schema.spi.SchemaManagementToolCoordinator","message":"No schema actions specified for contributor 'orm'"}{"timestamp":"2026-06-08 18:16:53","level":"INFO","logger":"org.hibernate.orm.core","message":"HHH000489: No JTA platform available (set 'hibernate.transaction.jta.platform' to enable JTA platform integration)"}{"timestamp":"2026-06-08 18:16:53","level":"DEBUG","logger":"org.hibernate.tool.schema.spi.SchemaManagementToolCoordinator","message":"No schema actions specified for contributor 'orm'"}{"timestamp":"2026-06-08 18:16:53","level":"DEBUG","logger":"org.hibernate.tool.schema.spi.SchemaManagementToolCoordinator","message":"No schema management actions found"}{"timestamp":"2026-06-08 18:16:53","level":"INFO","logger":"org.springframework.orm.jpa.LocalContainerEntityManagerFactoryBean","message":"Initialized JPA EntityManagerFactory for persistence unit 'default'"}{"timestamp":"2026-06-08 18:16:54","level":"WARN","logger":"org.springframework.boot.jpa.autoconfigure.JpaBaseConfiguration$JpaWebConfiguration","message":"spring.jpa.open-in-view is enabled by default. Therefore, database queries may be performed during view rendering. Explicitly configure spring.jpa.open-in-view to disable this warning"}{"timestamp":"2026-06-08 18:16:54","level":"INFO","logger":"org.springframework.security.config.annotation.authentication.configuration.InitializeAuthenticationProviderBeanManagerConfigurer$InitializeAuthenticationProviderManagerConfigurer","message":"Global AuthenticationManager configured with AuthenticationProvider bean with name jobPortalUsernamePwdAuthenticationProvider"}{"timestamp":"2026-06-08 18:16:54","level":"DEBUG","logger":"org.springframework.security.web.DefaultSecurityFilterChain","message":"Will secure any request with filters: DisableEncodeUrlFilter, WebAsyncManagerIntegrationFilter, SecurityContextHolderFilter, HeaderWriterFilter, CorsFilter, CsrfFilter, LogoutFilter, JwtTokenValidatorFilter, RequestCacheAwareFilter, SecurityContextHolderAwareRequestFilter, AnonymousAuthenticationFilter, ExceptionTranslationFilter, AuthorizationFilter"}{"timestamp":"2026-06-08 18:16:54","level":"INFO","logger":"org.apache.coyote.http11.Http11NioProtocol","message":"Starting ProtocolHandler ["http-nio-8080"]"}{"timestamp":"2026-06-08 18:16:54","level":"INFO","logger":"org.springframework.boot.tomcat.TomcatWebServer","message":"Tomcat started on port 8080 (http) with context path '/'"}{"timestamp":"2026-06-08 18:16:54","level":"INFO","logger":"org.springframework.boot.devtools.autoconfigure.ConditionEvaluationDeltaLoggingListener","message":"Condition evaluation unchanged"}{"timestamp":"2026-06-08 18:16:59","level":"INFO","logger":"org.springframework.boot.devtools.autoconfigure.LocalDevToolsAutoConfiguration$RestartingClassPathChangeChangedEventListener","message":"Restarting due to 2 class path changes (0 additions, 0 deletions, 2 modifications)"}{"timestamp":"2026-06-08 18:16:59","level":"INFO","logger":"org.springframework.boot.tomcat.GracefulShutdown","message":"Commencing graceful shutdown. Waiting for active requests to complete"}{"timestamp":"2026-06-08 18:16:59","level":"INFO","logger":"org.apache.coyote.http11.Http11NioProtocol","message":"Pausing ProtocolHandler ["http-nio-8080"]"}{"timestamp":"2026-06-08 18:16:59","level":"INFO","logger":"org.springframework.boot.tomcat.GracefulShutdown","message":"Graceful shutdown complete"}{"timestamp":"2026-06-08 18:16:59","level":"INFO","logger":"org.apache.coyote.http11.Http11NioProtocol","message":"Stopping ProtocolHandler ["http-nio-8080"]"}{"timestamp":"2026-06-08 18:16:59","level":"INFO","logger":"org.springframework.orm.jpa.LocalContainerEntityManagerFactoryBean","message":"Closing JPA EntityManagerFactory for persistence unit 'default'"}{"timestamp":"2026-06-08 18:16:59","level":"INFO","logger":"com.zaxxer.hikari.HikariDataSource","message":"HikariPool-11 - Shutdown initiated..."}{"timestamp":"2026-06-08 18:16:59","level":"INFO","logger":"com.zaxxer.hikari.HikariDataSource","message":"HikariPool-11 - Shutdown completed."}{"timestamp":"2026-06-08 18:16:59","level":"INFO","logger":"org.springframework.data.repository.config.RepositoryConfigurationDelegate","message":"Bootstrapping Spring Data JPA repositories in DEFAULT mode."}{"timestamp":"2026-06-08 18:16:59","level":"INFO","logger":"org.springframework.data.repository.config.RepositoryConfigurationDelegate","message":"Finished Spring Data repository scanning in 29 ms. Found 4 JPA repository interfaces."}{"timestamp":"2026-06-08 18:16:59","level":"INFO","logger":"org.springframework.boot.tomcat.TomcatWebServer","message":"Tomcat initialized with port 8080 (http)"}{"timestamp":"2026-06-08 18:16:59","level":"INFO","logger":"org.apache.coyote.http11.Http11NioProtocol","message":"Initializing ProtocolHandler ["http-nio-8080"]"}{"timestamp":"2026-06-08 18:16:59","level":"INFO","logger":"org.apache.catalina.core.StandardService","message":"Starting service [Tomcat]"}{"timestamp":"2026-06-08 18:16:59","level":"INFO","logger":"org.apache.catalina.core.StandardEngine","message":"Starting Servlet engine: [Apache Tomcat/11.0.20]"}{"timestamp":"2026-06-08 18:16:59","level":"INFO","logger":"org.springframework.boot.web.context.servlet.WebApplicationContextInitializer","message":"Root WebApplicationContext: initialization completed in 455 ms"}{"timestamp":"2026-06-08 18:16:59","level":"INFO","logger":"org.hibernate.orm.jpa","message":"HHH008540: Processing PersistenceUnitInfo [name: default]"}{"timestamp":"2026-06-08 18:16:59","level":"INFO","logger":"org.springframework.orm.jpa.persistenceunit.SpringPersistenceUnitInfo","message":"No LoadTimeWeaver setup: ignoring JPA class transformer"}{"timestamp":"2026-06-08 18:16:59","level":"INFO","logger":"com.zaxxer.hikari.HikariDataSource","message":"HikariPool-12 - Starting..."}{"timestamp":"2026-06-08 18:16:59","level":"INFO","logger":"com.zaxxer.hikari.pool.HikariPool","message":"HikariPool-12 - Added connection com.mysql.cj.jdbc.ConnectionImpl@58b4cd75"}{"timestamp":"2026-06-08 18:16:59","level":"INFO","logger":"com.zaxxer.hikari.HikariDataSource","message":"HikariPool-12 - Start completed."}{"timestamp":"2026-06-08 18:16:59","level":"WARN","logger":"org.hibernate.orm.deprecation","message":"HHH90000025: MySQLDialect does not need to be specified explicitly using 'hibernate.dialect' (remove the property setting and it will be selected by default)"}{"timestamp":"2026-06-08 18:16:59","level":"INFO","logger":"org.hibernate.orm.connections.pooling","message":"HHH10001005: Database info:
	Database JDBC URL [jdbc:mysql://localhost:3306/jobportaldb?useSSL=false&serverTimezone=UTC&allowPublicKeyRetrieval=true]
	Database driver: MySQL Connector/J
	Database dialect: MySQLDialect
	Database version: 8.0.46
	Default catalog/schema: jobportaldb/undefined
	Autocommit mode: undefined/unknown
	Isolation level: REPEATABLE_READ [default REPEATABLE_READ]
	JDBC fetch size: none
	Pool: DataSourceConnectionProvider
	Minimum pool size: undefined/unknown
	Maximum pool size: undefined/unknown"}{"timestamp":"2026-06-08 18:16:59","level":"DEBUG","logger":"org.hibernate.tool.schema.spi.SchemaManagementToolCoordinator","message":"No schema actions specified for contributor 'orm'"}{"timestamp":"2026-06-08 18:16:59","level":"INFO","logger":"org.hibernate.orm.core","message":"HHH000489: No JTA platform available (set 'hibernate.transaction.jta.platform' to enable JTA platform integration)"}{"timestamp":"2026-06-08 18:16:59","level":"DEBUG","logger":"org.hibernate.tool.schema.spi.SchemaManagementToolCoordinator","message":"No schema actions specified for contributor 'orm'"}{"timestamp":"2026-06-08 18:16:59","level":"DEBUG","logger":"org.hibernate.tool.schema.spi.SchemaManagementToolCoordinator","message":"No schema management actions found"}{"timestamp":"2026-06-08 18:16:59","level":"INFO","logger":"org.springframework.orm.jpa.LocalContainerEntityManagerFactoryBean","message":"Initialized JPA EntityManagerFactory for persistence unit 'default'"}{"timestamp":"2026-06-08 18:17:00","level":"WARN","logger":"org.springframework.boot.jpa.autoconfigure.JpaBaseConfiguration$JpaWebConfiguration","message":"spring.jpa.open-in-view is enabled by default. Therefore, database queries may be performed during view rendering. Explicitly configure spring.jpa.open-in-view to disable this warning"}{"timestamp":"2026-06-08 18:17:00","level":"INFO","logger":"org.springframework.security.config.annotation.authentication.configuration.InitializeAuthenticationProviderBeanManagerConfigurer$InitializeAuthenticationProviderManagerConfigurer","message":"Global AuthenticationManager configured with AuthenticationProvider bean with name jobPortalUsernamePwdAuthenticationProvider"}{"timestamp":"2026-06-08 18:17:00","level":"DEBUG","logger":"org.springframework.security.web.DefaultSecurityFilterChain","message":"Will secure any request with filters: DisableEncodeUrlFilter, WebAsyncManagerIntegrationFilter, SecurityContextHolderFilter, HeaderWriterFilter, CorsFilter, CsrfFilter, LogoutFilter, JwtTokenValidatorFilter, RequestCacheAwareFilter, SecurityContextHolderAwareRequestFilter, AnonymousAuthenticationFilter, ExceptionTranslationFilter, AuthorizationFilter"}{"timestamp":"2026-06-08 18:17:00","level":"INFO","logger":"org.apache.coyote.http11.Http11NioProtocol","message":"Starting ProtocolHandler ["http-nio-8080"]"}{"timestamp":"2026-06-08 18:17:00","level":"INFO","logger":"org.springframework.boot.tomcat.TomcatWebServer","message":"Tomcat started on port 8080 (http) with context path '/'"}{"timestamp":"2026-06-08 18:17:00","level":"INFO","logger":"org.springframework.boot.devtools.autoconfigure.ConditionEvaluationDeltaLoggingListener","message":"Condition evaluation unchanged"}{"timestamp":"2026-06-08 18:17:01","level":"INFO","logger":"org.springframework.boot.devtools.autoconfigure.LocalDevToolsAutoConfiguration$RestartingClassPathChangeChangedEventListener","message":"Restarting due to 1 class path change (0 additions, 0 deletions, 1 modification)"}{"timestamp":"2026-06-08 18:17:01","level":"INFO","logger":"org.springframework.boot.tomcat.GracefulShutdown","message":"Commencing graceful shutdown. Waiting for active requests to complete"}{"timestamp":"2026-06-08 18:17:01","level":"INFO","logger":"org.apache.coyote.http11.Http11NioProtocol","message":"Pausing ProtocolHandler ["http-nio-8080"]"}{"timestamp":"2026-06-08 18:17:01","level":"INFO","logger":"org.springframework.boot.tomcat.GracefulShutdown","message":"Graceful shutdown complete"}{"timestamp":"2026-06-08 18:17:01","level":"INFO","logger":"org.apache.coyote.http11.Http11NioProtocol","message":"Stopping ProtocolHandler ["http-nio-8080"]"}{"timestamp":"2026-06-08 18:17:01","level":"INFO","logger":"org.springframework.orm.jpa.LocalContainerEntityManagerFactoryBean","message":"Closing JPA EntityManagerFactory for persistence unit 'default'"}{"timestamp":"2026-06-08 18:17:01","level":"INFO","logger":"com.zaxxer.hikari.HikariDataSource","message":"HikariPool-12 - Shutdown initiated..."}{"timestamp":"2026-06-08 18:17:01","level":"INFO","logger":"com.zaxxer.hikari.HikariDataSource","message":"HikariPool-12 - Shutdown completed."}{"timestamp":"2026-06-08 18:17:02","level":"INFO","logger":"org.springframework.data.repository.config.RepositoryConfigurationDelegate","message":"Bootstrapping Spring Data JPA repositories in DEFAULT mode."}{"timestamp":"2026-06-08 18:17:02","level":"INFO","logger":"org.springframework.data.repository.config.RepositoryConfigurationDelegate","message":"Finished Spring Data repository scanning in 24 ms. Found 4 JPA repository interfaces."}{"timestamp":"2026-06-08 18:17:02","level":"INFO","logger":"org.springframework.boot.tomcat.TomcatWebServer","message":"Tomcat initialized with port 8080 (http)"}{"timestamp":"2026-06-08 18:17:02","level":"INFO","logger":"org.apache.coyote.http11.Http11NioProtocol","message":"Initializing ProtocolHandler ["http-nio-8080"]"}{"timestamp":"2026-06-08 18:17:02","level":"INFO","logger":"org.apache.catalina.core.StandardService","message":"Starting service [Tomcat]"}{"timestamp":"2026-06-08 18:17:02","level":"INFO","logger":"org.apache.catalina.core.StandardEngine","message":"Starting Servlet engine: [Apache Tomcat/11.0.20]"}{"timestamp":"2026-06-08 18:17:02","level":"INFO","logger":"org.springframework.boot.web.context.servlet.WebApplicationContextInitializer","message":"Root WebApplicationContext: initialization completed in 418 ms"}{"timestamp":"2026-06-08 18:17:02","level":"INFO","logger":"org.hibernate.orm.jpa","message":"HHH008540: Processing PersistenceUnitInfo [name: default]"}{"timestamp":"2026-06-08 18:17:02","level":"INFO","logger":"org.springframework.orm.jpa.persistenceunit.SpringPersistenceUnitInfo","message":"No LoadTimeWeaver setup: ignoring JPA class transformer"}{"timestamp":"2026-06-08 18:17:02","level":"INFO","logger":"com.zaxxer.hikari.HikariDataSource","message":"HikariPool-13 - Starting..."}{"timestamp":"2026-06-08 18:17:02","level":"INFO","logger":"com.zaxxer.hikari.pool.HikariPool","message":"HikariPool-13 - Added connection com.mysql.cj.jdbc.ConnectionImpl@e3dc748"}{"timestamp":"2026-06-08 18:17:02","level":"INFO","logger":"com.zaxxer.hikari.HikariDataSource","message":"HikariPool-13 - Start completed."}{"timestamp":"2026-06-08 18:17:02","level":"WARN","logger":"org.hibernate.orm.deprecation","message":"HHH90000025: MySQLDialect does not need to be specified explicitly using 'hibernate.dialect' (remove the property setting and it will be selected by default)"}{"timestamp":"2026-06-08 18:17:02","level":"INFO","logger":"org.hibernate.orm.connections.pooling","message":"HHH10001005: Database info:
	Database JDBC URL [jdbc:mysql://localhost:3306/jobportaldb?useSSL=false&serverTimezone=UTC&allowPublicKeyRetrieval=true]
	Database driver: MySQL Connector/J
	Database dialect: MySQLDialect
	Database version: 8.0.46
	Default catalog/schema: jobportaldb/undefined
	Autocommit mode: undefined/unknown
	Isolation level: REPEATABLE_READ [default REPEATABLE_READ]
	JDBC fetch size: none
	Pool: DataSourceConnectionProvider
	Minimum pool size: undefined/unknown
	Maximum pool size: undefined/unknown"}{"timestamp":"2026-06-08 18:17:02","level":"DEBUG","logger":"org.hibernate.tool.schema.spi.SchemaManagementToolCoordinator","message":"No schema actions specified for contributor 'orm'"}{"timestamp":"2026-06-08 18:17:02","level":"INFO","logger":"org.hibernate.orm.core","message":"HHH000489: No JTA platform available (set 'hibernate.transaction.jta.platform' to enable JTA platform integration)"}{"timestamp":"2026-06-08 18:17:02","level":"DEBUG","logger":"org.hibernate.tool.schema.spi.SchemaManagementToolCoordinator","message":"No schema actions specified for contributor 'orm'"}{"timestamp":"2026-06-08 18:17:02","level":"DEBUG","logger":"org.hibernate.tool.schema.spi.SchemaManagementToolCoordinator","message":"No schema management actions found"}{"timestamp":"2026-06-08 18:17:02","level":"INFO","logger":"org.springframework.orm.jpa.LocalContainerEntityManagerFactoryBean","message":"Initialized JPA EntityManagerFactory for persistence unit 'default'"}{"timestamp":"2026-06-08 18:17:03","level":"WARN","logger":"org.springframework.boot.jpa.autoconfigure.JpaBaseConfiguration$JpaWebConfiguration","message":"spring.jpa.open-in-view is enabled by default. Therefore, database queries may be performed during view rendering. Explicitly configure spring.jpa.open-in-view to disable this warning"}{"timestamp":"2026-06-08 18:17:03","level":"INFO","logger":"org.springframework.security.config.annotation.authentication.configuration.InitializeAuthenticationProviderBeanManagerConfigurer$InitializeAuthenticationProviderManagerConfigurer","message":"Global AuthenticationManager configured with AuthenticationProvider bean with name jobPortalUsernamePwdAuthenticationProvider"}{"timestamp":"2026-06-08 18:17:03","level":"DEBUG","logger":"org.springframework.security.web.DefaultSecurityFilterChain","message":"Will secure any request with filters: DisableEncodeUrlFilter, WebAsyncManagerIntegrationFilter, SecurityContextHolderFilter, HeaderWriterFilter, CorsFilter, CsrfFilter, LogoutFilter, JwtTokenValidatorFilter, RequestCacheAwareFilter, SecurityContextHolderAwareRequestFilter, AnonymousAuthenticationFilter, ExceptionTranslationFilter, AuthorizationFilter"}{"timestamp":"2026-06-08 18:17:04","level":"INFO","logger":"org.apache.coyote.http11.Http11NioProtocol","message":"Starting ProtocolHandler ["http-nio-8080"]"}{"timestamp":"2026-06-08 18:17:04","level":"INFO","logger":"org.springframework.boot.tomcat.TomcatWebServer","message":"Tomcat started on port 8080 (http) with context path '/'"}{"timestamp":"2026-06-08 18:17:04","level":"INFO","logger":"org.springframework.boot.devtools.autoconfigure.ConditionEvaluationDeltaLoggingListener","message":"Condition evaluation unchanged"}{"timestamp":"2026-06-08 18:17:05","level":"INFO","logger":"org.springframework.boot.devtools.autoconfigure.LocalDevToolsAutoConfiguration$RestartingClassPathChangeChangedEventListener","message":"Restarting due to 2 class path changes (0 additions, 0 deletions, 2 modifications)"}{"timestamp":"2026-06-08 18:17:05","level":"INFO","logger":"org.springframework.boot.tomcat.GracefulShutdown","message":"Commencing graceful shutdown. Waiting for active requests to complete"}{"timestamp":"2026-06-08 18:17:05","level":"INFO","logger":"org.apache.coyote.http11.Http11NioProtocol","message":"Pausing ProtocolHandler ["http-nio-8080"]"}{"timestamp":"2026-06-08 18:17:05","level":"INFO","logger":"org.springframework.boot.tomcat.GracefulShutdown","message":"Graceful shutdown complete"}{"timestamp":"2026-06-08 18:17:05","level":"INFO","logger":"org.apache.coyote.http11.Http11NioProtocol","message":"Stopping ProtocolHandler ["http-nio-8080"]"}{"timestamp":"2026-06-08 18:17:05","level":"INFO","logger":"org.springframework.orm.jpa.LocalContainerEntityManagerFactoryBean","message":"Closing JPA EntityManagerFactory for persistence unit 'default'"}{"timestamp":"2026-06-08 18:17:05","level":"INFO","logger":"com.zaxxer.hikari.HikariDataSource","message":"HikariPool-13 - Shutdown initiated..."}{"timestamp":"2026-06-08 18:17:05","level":"INFO","logger":"com.zaxxer.hikari.HikariDataSource","message":"HikariPool-13 - Shutdown completed."}{"timestamp":"2026-06-08 18:17:05","level":"INFO","logger":"org.springframework.data.repository.config.RepositoryConfigurationDelegate","message":"Bootstrapping Spring Data JPA repositories in DEFAULT mode."}{"timestamp":"2026-06-08 18:17:05","level":"INFO","logger":"org.springframework.data.repository.config.RepositoryConfigurationDelegate","message":"Finished Spring Data repository scanning in 27 ms. Found 4 JPA repository interfaces."}{"timestamp":"2026-06-08 18:17:06","level":"INFO","logger":"org.springframework.boot.tomcat.TomcatWebServer","message":"Tomcat initialized with port 8080 (http)"}{"timestamp":"2026-06-08 18:17:06","level":"INFO","logger":"org.apache.coyote.http11.Http11NioProtocol","message":"Initializing ProtocolHandler ["http-nio-8080"]"}{"timestamp":"2026-06-08 18:17:06","level":"INFO","logger":"org.apache.catalina.core.StandardService","message":"Starting service [Tomcat]"}{"timestamp":"2026-06-08 18:17:06","level":"INFO","logger":"org.apache.catalina.core.StandardEngine","message":"Starting Servlet engine: [Apache Tomcat/11.0.20]"}{"timestamp":"2026-06-08 18:17:06","level":"INFO","logger":"org.springframework.boot.web.context.servlet.WebApplicationContextInitializer","message":"Root WebApplicationContext: initialization completed in 519 ms"}{"timestamp":"2026-06-08 18:17:06","level":"INFO","logger":"org.hibernate.orm.jpa","message":"HHH008540: Processing PersistenceUnitInfo [name: default]"}{"timestamp":"2026-06-08 18:17:06","level":"INFO","logger":"org.springframework.orm.jpa.persistenceunit.SpringPersistenceUnitInfo","message":"No LoadTimeWeaver setup: ignoring JPA class transformer"}{"timestamp":"2026-06-08 18:17:06","level":"INFO","logger":"com.zaxxer.hikari.HikariDataSource","message":"HikariPool-14 - Starting..."}{"timestamp":"2026-06-08 18:17:06","level":"INFO","logger":"com.zaxxer.hikari.pool.HikariPool","message":"HikariPool-14 - Added connection com.mysql.cj.jdbc.ConnectionImpl@16402d81"}{"timestamp":"2026-06-08 18:17:06","level":"INFO","logger":"com.zaxxer.hikari.HikariDataSource","message":"HikariPool-14 - Start completed."}{"timestamp":"2026-06-08 18:17:06","level":"WARN","logger":"org.hibernate.orm.deprecation","message":"HHH90000025: MySQLDialect does not need to be specified explicitly using 'hibernate.dialect' (remove the property setting and it will be selected by default)"}{"timestamp":"2026-06-08 18:17:06","level":"INFO","logger":"org.hibernate.orm.connections.pooling","message":"HHH10001005: Database info:
	Database JDBC URL [jdbc:mysql://localhost:3306/jobportaldb?useSSL=false&serverTimezone=UTC&allowPublicKeyRetrieval=true]
	Database driver: MySQL Connector/J
	Database dialect: MySQLDialect
	Database version: 8.0.46
	Default catalog/schema: jobportaldb/undefined
	Autocommit mode: undefined/unknown
	Isolation level: REPEATABLE_READ [default REPEATABLE_READ]
	JDBC fetch size: none
	Pool: DataSourceConnectionProvider
	Minimum pool size: undefined/unknown
	Maximum pool size: undefined/unknown"}{"timestamp":"2026-06-08 18:17:06","level":"DEBUG","logger":"org.hibernate.tool.schema.spi.SchemaManagementToolCoordinator","message":"No schema actions specified for contributor 'orm'"}{"timestamp":"2026-06-08 18:17:06","level":"INFO","logger":"org.hibernate.orm.core","message":"HHH000489: No JTA platform available (set 'hibernate.transaction.jta.platform' to enable JTA platform integration)"}{"timestamp":"2026-06-08 18:17:06","level":"DEBUG","logger":"org.hibernate.tool.schema.spi.SchemaManagementToolCoordinator","message":"No schema actions specified for contributor 'orm'"}{"timestamp":"2026-06-08 18:17:06","level":"DEBUG","logger":"org.hibernate.tool.schema.spi.SchemaManagementToolCoordinator","message":"No schema management actions found"}{"timestamp":"2026-06-08 18:17:06","level":"INFO","logger":"org.springframework.orm.jpa.LocalContainerEntityManagerFactoryBean","message":"Initialized JPA EntityManagerFactory for persistence unit 'default'"}{"timestamp":"2026-06-08 18:17:06","level":"WARN","logger":"org.springframework.boot.jpa.autoconfigure.JpaBaseConfiguration$JpaWebConfiguration","message":"spring.jpa.open-in-view is enabled by default. Therefore, database queries may be performed during view rendering. Explicitly configure spring.jpa.open-in-view to disable this warning"}{"timestamp":"2026-06-08 18:17:06","level":"INFO","logger":"org.springframework.security.config.annotation.authentication.configuration.InitializeAuthenticationProviderBeanManagerConfigurer$InitializeAuthenticationProviderManagerConfigurer","message":"Global AuthenticationManager configured with AuthenticationProvider bean with name jobPortalUsernamePwdAuthenticationProvider"}{"timestamp":"2026-06-08 18:17:06","level":"DEBUG","logger":"org.springframework.security.web.DefaultSecurityFilterChain","message":"Will secure any request with filters: DisableEncodeUrlFilter, WebAsyncManagerIntegrationFilter, SecurityContextHolderFilter, HeaderWriterFilter, CorsFilter, CsrfFilter, LogoutFilter, JwtTokenValidatorFilter, RequestCacheAwareFilter, SecurityContextHolderAwareRequestFilter, AnonymousAuthenticationFilter, ExceptionTranslationFilter, AuthorizationFilter"}{"timestamp":"2026-06-08 18:17:07","level":"INFO","logger":"org.apache.coyote.http11.Http11NioProtocol","message":"Starting ProtocolHandler ["http-nio-8080"]"}{"timestamp":"2026-06-08 18:17:07","level":"INFO","logger":"org.springframework.boot.tomcat.TomcatWebServer","message":"Tomcat started on port 8080 (http) with context path '/'"}{"timestamp":"2026-06-08 18:17:07","level":"INFO","logger":"org.springframework.boot.devtools.autoconfigure.ConditionEvaluationDeltaLoggingListener","message":"Condition evaluation unchanged"}{"timestamp":"2026-06-08 18:17:09","level":"INFO","logger":"org.springframework.boot.devtools.autoconfigure.LocalDevToolsAutoConfiguration$RestartingClassPathChangeChangedEventListener","message":"Restarting due to 1 class path change (0 additions, 0 deletions, 1 modification)"}{"timestamp":"2026-06-08 18:17:09","level":"INFO","logger":"org.springframework.boot.tomcat.GracefulShutdown","message":"Commencing graceful shutdown. Waiting for active requests to complete"}{"timestamp":"2026-06-08 18:17:09","level":"INFO","logger":"org.apache.coyote.http11.Http11NioProtocol","message":"Pausing ProtocolHandler ["http-nio-8080"]"}{"timestamp":"2026-06-08 18:17:09","level":"INFO","logger":"org.springframework.boot.tomcat.GracefulShutdown","message":"Graceful shutdown complete"}{"timestamp":"2026-06-08 18:17:09","level":"INFO","logger":"org.apache.coyote.http11.Http11NioProtocol","message":"Stopping ProtocolHandler ["http-nio-8080"]"}{"timestamp":"2026-06-08 18:17:09","level":"INFO","logger":"org.springframework.orm.jpa.LocalContainerEntityManagerFactoryBean","message":"Closing JPA EntityManagerFactory for persistence unit 'default'"}{"timestamp":"2026-06-08 18:17:09","level":"INFO","logger":"com.zaxxer.hikari.HikariDataSource","message":"HikariPool-14 - Shutdown initiated..."}{"timestamp":"2026-06-08 18:17:09","level":"INFO","logger":"com.zaxxer.hikari.HikariDataSource","message":"HikariPool-14 - Shutdown completed."}{"timestamp":"2026-06-08 18:17:09","level":"INFO","logger":"org.springframework.data.repository.config.RepositoryConfigurationDelegate","message":"Bootstrapping Spring Data JPA repositories in DEFAULT mode."}{"timestamp":"2026-06-08 18:17:09","level":"INFO","logger":"org.springframework.data.repository.config.RepositoryConfigurationDelegate","message":"Finished Spring Data repository scanning in 20 ms. Found 4 JPA repository interfaces."}{"timestamp":"2026-06-08 18:17:10","level":"INFO","logger":"org.springframework.boot.tomcat.TomcatWebServer","message":"Tomcat initialized with port 8080 (http)"}{"timestamp":"2026-06-08 18:17:10","level":"INFO","logger":"org.apache.coyote.http11.Http11NioProtocol","message":"Initializing ProtocolHandler ["http-nio-8080"]"}{"timestamp":"2026-06-08 18:17:10","level":"INFO","logger":"org.apache.catalina.core.StandardService","message":"Starting service [Tomcat]"}{"timestamp":"2026-06-08 18:17:10","level":"INFO","logger":"org.apache.catalina.core.StandardEngine","message":"Starting Servlet engine: [Apache Tomcat/11.0.20]"}{"timestamp":"2026-06-08 18:17:10","level":"INFO","logger":"org.springframework.boot.web.context.servlet.WebApplicationContextInitializer","message":"Root WebApplicationContext: initialization completed in 356 ms"}{"timestamp":"2026-06-08 18:17:10","level":"INFO","logger":"org.hibernate.orm.jpa","message":"HHH008540: Processing PersistenceUnitInfo [name: default]"}{"timestamp":"2026-06-08 18:17:10","level":"INFO","logger":"org.springframework.orm.jpa.persistenceunit.SpringPersistenceUnitInfo","message":"No LoadTimeWeaver setup: ignoring JPA class transformer"}{"timestamp":"2026-06-08 18:17:10","level":"INFO","logger":"com.zaxxer.hikari.HikariDataSource","message":"HikariPool-15 - Starting..."}{"timestamp":"2026-06-08 18:17:10","level":"INFO","logger":"com.zaxxer.hikari.pool.HikariPool","message":"HikariPool-15 - Added connection com.mysql.cj.jdbc.ConnectionImpl@31f24d4a"}{"timestamp":"2026-06-08 18:17:10","level":"INFO","logger":"com.zaxxer.hikari.HikariDataSource","message":"HikariPool-15 - Start completed."}{"timestamp":"2026-06-08 18:17:10","level":"WARN","logger":"org.hibernate.orm.deprecation","message":"HHH90000025: MySQLDialect does not need to be specified explicitly using 'hibernate.dialect' (remove the property setting and it will be selected by default)"}{"timestamp":"2026-06-08 18:17:10","level":"INFO","logger":"org.hibernate.orm.connections.pooling","message":"HHH10001005: Database info:
	Database JDBC URL [jdbc:mysql://localhost:3306/jobportaldb?useSSL=false&serverTimezone=UTC&allowPublicKeyRetrieval=true]
	Database driver: MySQL Connector/J
	Database dialect: MySQLDialect
	Database version: 8.0.46
	Default catalog/schema: jobportaldb/undefined
	Autocommit mode: undefined/unknown
	Isolation level: REPEATABLE_READ [default REPEATABLE_READ]
	JDBC fetch size: none
	Pool: DataSourceConnectionProvider
	Minimum pool size: undefined/unknown
	Maximum pool size: undefined/unknown"}{"timestamp":"2026-06-08 18:17:10","level":"DEBUG","logger":"org.hibernate.tool.schema.spi.SchemaManagementToolCoordinator","message":"No schema actions specified for contributor 'orm'"}{"timestamp":"2026-06-08 18:17:10","level":"INFO","logger":"org.hibernate.orm.core","message":"HHH000489: No JTA platform available (set 'hibernate.transaction.jta.platform' to enable JTA platform integration)"}{"timestamp":"2026-06-08 18:17:10","level":"DEBUG","logger":"org.hibernate.tool.schema.spi.SchemaManagementToolCoordinator","message":"No schema actions specified for contributor 'orm'"}{"timestamp":"2026-06-08 18:17:10","level":"DEBUG","logger":"org.hibernate.tool.schema.spi.SchemaManagementToolCoordinator","message":"No schema management actions found"}{"timestamp":"2026-06-08 18:17:10","level":"INFO","logger":"org.springframework.orm.jpa.LocalContainerEntityManagerFactoryBean","message":"Initialized JPA EntityManagerFactory for persistence unit 'default'"}{"timestamp":"2026-06-08 18:17:22","level":"INFO","logger":"org.hibernate.validator.internal.util.Version","message":"HV000001: Hibernate Validator 9.0.1.Final"}{"timestamp":"2026-06-08 18:17:22","level":"INFO","logger":"org.springframework.boot.devtools.env.DevToolsPropertyDefaultsPostProcessor","message":"Devtools property defaults active! Set 'spring.devtools.add-properties' to 'false' to disable"}{"timestamp":"2026-06-08 18:17:22","level":"INFO","logger":"org.springframework.boot.devtools.env.DevToolsPropertyDefaultsPostProcessor","message":"For additional web related logging consider setting the 'logging.level.web' property to 'DEBUG'"}{"timestamp":"2026-06-08 18:17:24","level":"INFO","logger":"org.springframework.data.repository.config.RepositoryConfigurationDelegate","message":"Bootstrapping Spring Data JPA repositories in DEFAULT mode."}{"timestamp":"2026-06-08 18:17:24","level":"INFO","logger":"org.springframework.data.repository.config.RepositoryConfigurationDelegate","message":"Finished Spring Data repository scanning in 86 ms. Found 4 JPA repository interfaces."}{"timestamp":"2026-06-08 18:17:25","level":"INFO","logger":"org.springframework.boot.tomcat.TomcatWebServer","message":"Tomcat initialized with port 8080 (http)"}{"timestamp":"2026-06-08 18:17:25","level":"INFO","logger":"org.apache.coyote.http11.Http11NioProtocol","message":"Initializing ProtocolHandler ["http-nio-8080"]"}{"timestamp":"2026-06-08 18:17:25","level":"INFO","logger":"org.apache.catalina.core.StandardService","message":"Starting service [Tomcat]"}{"timestamp":"2026-06-08 18:17:25","level":"INFO","logger":"org.apache.catalina.core.StandardEngine","message":"Starting Servlet engine: [Apache Tomcat/11.0.20]"}{"timestamp":"2026-06-08 18:17:25","level":"INFO","logger":"org.springframework.boot.web.context.servlet.WebApplicationContextInitializer","message":"Root WebApplicationContext: initialization completed in 3144 ms"}{"timestamp":"2026-06-08 18:17:26","level":"INFO","logger":"org.hibernate.orm.jpa","message":"HHH008540: Processing PersistenceUnitInfo [name: default]"}{"timestamp":"2026-06-08 18:17:26","level":"INFO","logger":"org.hibernate.orm.core","message":"HHH000001: Hibernate ORM core version 7.2.7.Final"}{"timestamp":"2026-06-08 18:17:26","level":"INFO","logger":"org.springframework.orm.jpa.persistenceunit.SpringPersistenceUnitInfo","message":"No LoadTimeWeaver setup: ignoring JPA class transformer"}{"timestamp":"2026-06-08 18:17:27","level":"INFO","logger":"com.zaxxer.hikari.HikariDataSource","message":"HikariPool-1 - Starting..."}{"timestamp":"2026-06-08 18:17:27","level":"INFO","logger":"com.zaxxer.hikari.pool.HikariPool","message":"HikariPool-1 - Added connection com.mysql.cj.jdbc.ConnectionImpl@7baaf157"}{"timestamp":"2026-06-08 18:17:27","level":"INFO","logger":"com.zaxxer.hikari.HikariDataSource","message":"HikariPool-1 - Start completed."}{"timestamp":"2026-06-08 18:17:27","level":"WARN","logger":"org.hibernate.orm.deprecation","message":"HHH90000025: MySQLDialect does not need to be specified explicitly using 'hibernate.dialect' (remove the property setting and it will be selected by default)"}{"timestamp":"2026-06-08 18:17:27","level":"INFO","logger":"org.hibernate.orm.connections.pooling","message":"HHH10001005: Database info:
	Database JDBC URL [jdbc:mysql://localhost:3306/jobportaldb?useSSL=false&serverTimezone=UTC&allowPublicKeyRetrieval=true]
	Database driver: MySQL Connector/J
	Database dialect: MySQLDialect
	Database version: 8.0.46
	Default catalog/schema: jobportaldb/undefined
	Autocommit mode: undefined/unknown
	Isolation level: REPEATABLE_READ [default REPEATABLE_READ]
	JDBC fetch size: none
	Pool: DataSourceConnectionProvider
	Minimum pool size: undefined/unknown
	Maximum pool size: undefined/unknown"}{"timestamp":"2026-06-08 18:17:27","level":"DEBUG","logger":"org.hibernate.tool.schema.spi.SchemaManagementToolCoordinator","message":"No schema actions specified for contributor 'orm'"}{"timestamp":"2026-06-08 18:17:28","level":"INFO","logger":"org.hibernate.orm.core","message":"HHH000489: No JTA platform available (set 'hibernate.transaction.jta.platform' to enable JTA platform integration)"}{"timestamp":"2026-06-08 18:17:28","level":"DEBUG","logger":"org.hibernate.tool.schema.spi.SchemaManagementToolCoordinator","message":"No schema actions specified for contributor 'orm'"}{"timestamp":"2026-06-08 18:17:28","level":"DEBUG","logger":"org.hibernate.tool.schema.spi.SchemaManagementToolCoordinator","message":"No schema management actions found"}{"timestamp":"2026-06-08 18:17:28","level":"INFO","logger":"org.springframework.orm.jpa.LocalContainerEntityManagerFactoryBean","message":"Initialized JPA EntityManagerFactory for persistence unit 'default'"}{"timestamp":"2026-06-08 18:17:29","level":"INFO","logger":"org.springframework.data.jpa.repository.query.QueryEnhancerFactories","message":"Hibernate is in classpath; If applicable, HQL parser will be used."}{"timestamp":"2026-06-08 18:17:30","level":"WARN","logger":"org.springframework.boot.jpa.autoconfigure.JpaBaseConfiguration$JpaWebConfiguration","message":"spring.jpa.open-in-view is enabled by default. Therefore, database queries may be performed during view rendering. Explicitly configure spring.jpa.open-in-view to disable this warning"}{"timestamp":"2026-06-08 18:17:31","level":"INFO","logger":"org.springframework.security.config.annotation.authentication.configuration.InitializeAuthenticationProviderBeanManagerConfigurer$InitializeAuthenticationProviderManagerConfigurer","message":"Global AuthenticationManager configured with AuthenticationProvider bean with name jobPortalUsernamePwdAuthenticationProvider"}{"timestamp":"2026-06-08 18:17:31","level":"DEBUG","logger":"org.springframework.security.web.DefaultSecurityFilterChain","message":"Will secure any request with filters: DisableEncodeUrlFilter, WebAsyncManagerIntegrationFilter, SecurityContextHolderFilter, HeaderWriterFilter, CorsFilter, CsrfFilter, LogoutFilter, JwtTokenValidatorFilter, RequestCacheAwareFilter, SecurityContextHolderAwareRequestFilter, AnonymousAuthenticationFilter, ExceptionTranslationFilter, AuthorizationFilter"}{"timestamp":"2026-06-08 18:17:32","level":"INFO","logger":"org.apache.coyote.http11.Http11NioProtocol","message":"Starting ProtocolHandler ["http-nio-8080"]"}{"timestamp":"2026-06-08 18:17:32","level":"INFO","logger":"org.springframework.boot.tomcat.TomcatWebServer","message":"Tomcat started on port 8080 (http) with context path '/'"}{"timestamp":"2026-06-08 18:17:48","level":"INFO","logger":"org.apache.catalina.core.ContainerBase.[Tomcat].[localhost].[/]","message":"Initializing Spring DispatcherServlet 'dispatcherServlet'"}{"timestamp":"2026-06-08 18:17:48","level":"INFO","logger":"org.springframework.web.servlet.DispatcherServlet","message":"Initializing Servlet 'dispatcherServlet'"}{"timestamp":"2026-06-08 18:17:48","level":"INFO","logger":"org.springframework.web.servlet.DispatcherServlet","message":"Completed initialization in 1 ms"}{"timestamp":"2026-06-08 18:17:48","level":"DEBUG","logger":"org.springframework.security.web.FilterChainProxy","message":"Securing PATCH /api/contacts/1/status/admin"}{"timestamp":"2026-06-08 18:17:48","level":"DEBUG","logger":"org.springframework.security.web.FilterChainProxy","message":"Secured PATCH /api/contacts/1/status/admin"}{"timestamp":"2026-06-08 18:17:48","level":"DEBUG","logger":"org.hibernate.SQL","message":"
    select
        c1_0.id,
        c1_0.created_at,
        c1_0.created_by,
        c1_0.email,
        c1_0.message,
        c1_0.name,
        c1_0.status,
        c1_0.subject,
        c1_0.updated_at,
        c1_0.updated_by,
        c1_0.user_type 
    from
        contacts c1_0 
    where
        c1_0.id=?"}{"timestamp":"2026-06-08 18:18:14","level":"DEBUG","logger":"org.springframework.security.web.FilterChainProxy","message":"Securing GET /api/csrf-token/public"}{"timestamp":"2026-06-08 18:18:14","level":"DEBUG","logger":"org.springframework.security.web.FilterChainProxy","message":"Secured GET /api/csrf-token/public"}{"timestamp":"2026-06-08 18:18:14","level":"DEBUG","logger":"org.springframework.security.web.authentication.AnonymousAuthenticationFilter","message":"Set SecurityContextHolder to anonymous SecurityContext"}{"timestamp":"2026-06-08 18:18:47","level":"DEBUG","logger":"org.springframework.security.web.FilterChainProxy","message":"Securing POST /api/auth/login/public"}{"timestamp":"2026-06-08 18:18:47","level":"DEBUG","logger":"org.springframework.security.web.FilterChainProxy","message":"Secured POST /api/auth/login/public"}{"timestamp":"2026-06-08 18:18:47","level":"DEBUG","logger":"org.hibernate.SQL","message":"
    select
        jpu1_0.id,
        jpu1_0.company_id,
        jpu1_0.created_at,
        jpu1_0.created_by,
        jpu1_0.email,
        jpu1_0.mobile_number,
        jpu1_0.name,
        jpu1_0.password_hash,
        jpu1_0.role_id,
        jpu1_0.updated_at,
        jpu1_0.updated_by 
    from
        users jpu1_0 
    where
        jpu1_0.email=?"}{"timestamp":"2026-06-08 18:18:47","level":"DEBUG","logger":"org.hibernate.SQL","message":"
    select
        r1_0.id,
        r1_0.created_at,
        r1_0.created_by,
        r1_0.name,
        r1_0.updated_at,
        r1_0.updated_by 
    from
        roles r1_0 
    where
        r1_0.id=?"}{"timestamp":"2026-06-08 18:18:48","level":"DEBUG","logger":"org.springframework.security.web.authentication.AnonymousAuthenticationFilter","message":"Set SecurityContextHolder to anonymous SecurityContext"}{"timestamp":"2026-06-08 18:19:05","level":"DEBUG","logger":"org.springframework.security.web.FilterChainProxy","message":"Securing PATCH /api/contacts/1/status/admin"}{"timestamp":"2026-06-08 18:19:05","level":"ERROR","logger":"org.apache.catalina.core.ContainerBase.[Tomcat].[localhost].[/].[dispatcherServlet]","message":"Servlet.service() for servlet [dispatcherServlet] in context with path [] threw exception"}org.springframework.security.authentication.BadCredentialsException: Invalid Token received!
	at com.eazybytes.jobportal.filter.JwtTokenValidatorFilter.doFilterInternal(JwtTokenValidatorFilter.java:71)
	at org.springframework.web.filter.OncePerRequestFilter.doFilter(OncePerRequestFilter.java:116)
	at org.springframework.security.web.FilterChainProxy$VirtualFilterChain.doFilter(FilterChainProxy.java:380)
	at org.springframework.security.web.authentication.logout.LogoutFilter.doFilter(LogoutFilter.java:110)
	at org.springframework.security.web.authentication.logout.LogoutFilter.doFilter(LogoutFilter.java:96)
	at org.springframework.security.web.FilterChainProxy$VirtualFilterChain.doFilter(FilterChainProxy.java:380)
	at org.springframework.security.web.csrf.CsrfFilter.doFilterInternal(CsrfFilter.java:135)
	at org.springframework.web.filter.OncePerRequestFilter.doFilter(OncePerRequestFilter.java:116)
	at org.springframework.security.web.FilterChainProxy$VirtualFilterChain.doFilter(FilterChainProxy.java:380)
	at org.springframework.web.filter.CorsFilter.doFilterInternal(CorsFilter.java:91)
	at org.springframework.web.filter.OncePerRequestFilter.doFilter(OncePerRequestFilter.java:116)
	at org.springframework.security.web.FilterChainProxy$VirtualFilterChain.doFilter(FilterChainProxy.java:380)
	at org.springframework.security.web.header.HeaderWriterFilter.doHeadersAfter(HeaderWriterFilter.java:90)
	at org.springframework.security.web.header.HeaderWriterFilter.doFilterInternal(HeaderWriterFilter.java:75)
	at org.springframework.web.filter.OncePerRequestFilter.doFilter(OncePerRequestFilter.java:116)
	at org.springframework.security.web.FilterChainProxy$VirtualFilterChain.doFilter(FilterChainProxy.java:380)
	at org.springframework.security.web.context.SecurityContextHolderFilter.doFilter(SecurityContextHolderFilter.java:82)
	at org.springframework.security.web.context.SecurityContextHolderFilter.doFilter(SecurityContextHolderFilter.java:69)
	at org.springframework.security.web.FilterChainProxy$VirtualFilterChain.doFilter(FilterChainProxy.java:380)
	at org.springframework.security.web.context.request.async.WebAsyncManagerIntegrationFilter.doFilterInternal(WebAsyncManagerIntegrationFilter.java:62)
	at org.springframework.web.filter.OncePerRequestFilter.doFilter(OncePerRequestFilter.java:116)
	at org.springframework.security.web.FilterChainProxy$VirtualFilterChain.doFilter(FilterChainProxy.java:380)
	at org.springframework.security.web.session.DisableEncodeUrlFilter.doFilterInternal(DisableEncodeUrlFilter.java:42)
	at org.springframework.web.filter.OncePerRequestFilter.doFilter(OncePerRequestFilter.java:116)
	at org.springframework.security.web.FilterChainProxy$VirtualFilterChain.doFilter(FilterChainProxy.java:380)
	at org.springframework.security.web.FilterChainProxy.doFilterInternal(FilterChainProxy.java:237)
	at org.springframework.security.web.FilterChainProxy.doFilter(FilterChainProxy.java:195)
	at org.springframework.web.filter.CompositeFilter$VirtualFilterChain.doFilter(CompositeFilter.java:113)
	at org.springframework.web.filter.ServletRequestPathFilter.doFilter(ServletRequestPathFilter.java:52)
	at org.springframework.web.filter.CompositeFilter$VirtualFilterChain.doFilter(CompositeFilter.java:113)
	at org.springframework.web.filter.CompositeFilter.doFilter(CompositeFilter.java:74)
	at org.springframework.security.config.annotation.web.configuration.WebSecurityConfiguration$CompositeFilterChainProxy.doFilter(WebSecurityConfiguration.java:317)
	at org.springframework.web.filter.DelegatingFilterProxy.invokeDelegate(DelegatingFilterProxy.java:355)
	at org.springframework.web.filter.DelegatingFilterProxy.doFilter(DelegatingFilterProxy.java:272)
	at org.apache.catalina.core.ApplicationFilterChain.doFilter(ApplicationFilterChain.java:107)
	at org.springframework.web.filter.RequestContextFilter.doFilterInternal(RequestContextFilter.java:100)
	at org.springframework.web.filter.OncePerRequestFilter.doFilter(OncePerRequestFilter.java:116)
	at org.apache.catalina.core.ApplicationFilterChain.doFilter(ApplicationFilterChain.java:107)
	at org.springframework.web.filter.FormContentFilter.doFilterInternal(FormContentFilter.java:93)
	at org.springframework.web.filter.OncePerRequestFilter.doFilter(OncePerRequestFilter.java:116)
	at org.apache.catalina.core.ApplicationFilterChain.doFilter(ApplicationFilterChain.java:107)
	at org.springframework.web.filter.CharacterEncodingFilter.doFilterInternal(CharacterEncodingFilter.java:199)
	at org.springframework.web.filter.OncePerRequestFilter.doFilter(OncePerRequestFilter.java:116)
	at org.apache.catalina.core.ApplicationFilterChain.doFilter(ApplicationFilterChain.java:107)
	at org.apache.catalina.core.StandardWrapperValve.invoke(StandardWrapperValve.java:165)
	at org.apache.catalina.core.StandardContextValve.invoke(StandardContextValve.java:77)
	at org.apache.catalina.authenticator.AuthenticatorBase.invoke(AuthenticatorBase.java:492)
	at org.apache.catalina.core.StandardHostValve.invoke(StandardHostValve.java:113)
	at org.apache.catalina.valves.ErrorReportValve.invoke(ErrorReportValve.java:83)
	at org.apache.catalina.core.StandardEngineValve.invoke(StandardEngineValve.java:72)
	at org.apache.catalina.connector.CoyoteAdapter.service(CoyoteAdapter.java:341)
	at org.apache.coyote.http11.Http11Processor.service(Http11Processor.java:397)
	at org.apache.coyote.AbstractProcessorLight.process(AbstractProcessorLight.java:63)
	at org.apache.coyote.AbstractProtocol$ConnectionHandler.process(AbstractProtocol.java:903)
	at org.apache.tomcat.util.net.NioEndpoint$SocketProcessor.doRun(NioEndpoint.java:1779)
	at org.apache.tomcat.util.net.SocketProcessorBase.run(SocketProcessorBase.java:52)
	at org.apache.tomcat.util.threads.ThreadPoolExecutor.runWorker(ThreadPoolExecutor.java:946)
	at org.apache.tomcat.util.threads.ThreadPoolExecutor$Worker.run(ThreadPoolExecutor.java:480)
	at org.apache.tomcat.util.threads.TaskThread$WrappingRunnable.run(TaskThread.java:57)
	at java.base/java.lang.Thread.run(Thread.java:1516)
{"timestamp":"2026-06-08 18:19:05","level":"DEBUG","logger":"org.springframework.security.web.FilterChainProxy","message":"Securing GET /error"}{"timestamp":"2026-06-08 18:19:05","level":"DEBUG","logger":"org.springframework.security.web.authentication.AnonymousAuthenticationFilter","message":"Set SecurityContextHolder to anonymous SecurityContext"}{"timestamp":"2026-06-08 18:19:05","level":"DEBUG","logger":"org.springframework.security.web.savedrequest.HttpSessionRequestCache","message":"Saved request http://localhost:8080/error?continue to session"}{"timestamp":"2026-06-08 18:19:05","level":"DEBUG","logger":"org.springframework.security.web.authentication.Http403ForbiddenEntryPoint","message":"Pre-authenticated entry point called. Rejecting access"}{"timestamp":"2026-06-08 18:19:39","level":"INFO","logger":"org.springframework.boot.devtools.autoconfigure.LocalDevToolsAutoConfiguration$RestartingClassPathChangeChangedEventListener","message":"Restarting due to 1 class path change (0 additions, 0 deletions, 1 modification)"}{"timestamp":"2026-06-08 18:19:39","level":"INFO","logger":"org.springframework.boot.tomcat.GracefulShutdown","message":"Commencing graceful shutdown. Waiting for active requests to complete"}{"timestamp":"2026-06-08 18:19:39","level":"INFO","logger":"org.apache.coyote.http11.Http11NioProtocol","message":"Pausing ProtocolHandler ["http-nio-8080"]"}{"timestamp":"2026-06-08 18:19:39","level":"INFO","logger":"org.springframework.boot.tomcat.GracefulShutdown","message":"Graceful shutdown complete"}{"timestamp":"2026-06-08 18:19:39","level":"INFO","logger":"org.apache.coyote.http11.Http11NioProtocol","message":"Stopping ProtocolHandler ["http-nio-8080"]"}{"timestamp":"2026-06-08 18:19:39","level":"INFO","logger":"org.springframework.orm.jpa.LocalContainerEntityManagerFactoryBean","message":"Closing JPA EntityManagerFactory for persistence unit 'default'"}{"timestamp":"2026-06-08 18:19:39","level":"INFO","logger":"com.zaxxer.hikari.HikariDataSource","message":"HikariPool-1 - Shutdown initiated..."}{"timestamp":"2026-06-08 18:19:39","level":"INFO","logger":"com.zaxxer.hikari.HikariDataSource","message":"HikariPool-1 - Shutdown completed."}{"timestamp":"2026-06-08 18:19:40","level":"INFO","logger":"org.springframework.data.repository.config.RepositoryConfigurationDelegate","message":"Bootstrapping Spring Data JPA repositories in DEFAULT mode."}{"timestamp":"2026-06-08 18:19:40","level":"INFO","logger":"org.springframework.data.repository.config.RepositoryConfigurationDelegate","message":"Finished Spring Data repository scanning in 91 ms. Found 4 JPA repository interfaces."}{"timestamp":"2026-06-08 18:19:40","level":"INFO","logger":"org.springframework.boot.tomcat.TomcatWebServer","message":"Tomcat initialized with port 8080 (http)"}{"timestamp":"2026-06-08 18:19:40","level":"INFO","logger":"org.apache.coyote.http11.Http11NioProtocol","message":"Initializing ProtocolHandler ["http-nio-8080"]"}{"timestamp":"2026-06-08 18:19:40","level":"INFO","logger":"org.apache.catalina.core.StandardService","message":"Starting service [Tomcat]"}{"timestamp":"2026-06-08 18:19:40","level":"INFO","logger":"org.apache.catalina.core.StandardEngine","message":"Starting Servlet engine: [Apache Tomcat/11.0.20]"}{"timestamp":"2026-06-08 18:19:40","level":"INFO","logger":"org.springframework.boot.web.context.servlet.WebApplicationContextInitializer","message":"Root WebApplicationContext: initialization completed in 942 ms"}{"timestamp":"2026-06-08 18:19:46","level":"INFO","logger":"org.hibernate.validator.internal.util.Version","message":"HV000001: Hibernate Validator 9.0.1.Final"}{"timestamp":"2026-06-08 18:19:46","level":"INFO","logger":"org.springframework.boot.devtools.env.DevToolsPropertyDefaultsPostProcessor","message":"Devtools property defaults active! Set 'spring.devtools.add-properties' to 'false' to disable"}{"timestamp":"2026-06-08 18:19:46","level":"INFO","logger":"org.springframework.boot.devtools.env.DevToolsPropertyDefaultsPostProcessor","message":"For additional web related logging consider setting the 'logging.level.web' property to 'DEBUG'"}{"timestamp":"2026-06-08 18:19:47","level":"INFO","logger":"org.springframework.data.repository.config.RepositoryConfigurationDelegate","message":"Bootstrapping Spring Data JPA repositories in DEFAULT mode."}{"timestamp":"2026-06-08 18:19:48","level":"INFO","logger":"org.springframework.data.repository.config.RepositoryConfigurationDelegate","message":"Finished Spring Data repository scanning in 130 ms. Found 4 JPA repository interfaces."}{"timestamp":"2026-06-08 18:19:49","level":"INFO","logger":"org.springframework.boot.tomcat.TomcatWebServer","message":"Tomcat initialized with port 8080 (http)"}{"timestamp":"2026-06-08 18:19:49","level":"INFO","logger":"org.apache.coyote.http11.Http11NioProtocol","message":"Initializing ProtocolHandler ["http-nio-8080"]"}{"timestamp":"2026-06-08 18:19:49","level":"INFO","logger":"org.apache.catalina.core.StandardService","message":"Starting service [Tomcat]"}{"timestamp":"2026-06-08 18:19:49","level":"INFO","logger":"org.apache.catalina.core.StandardEngine","message":"Starting Servlet engine: [Apache Tomcat/11.0.20]"}{"timestamp":"2026-06-08 18:19:49","level":"INFO","logger":"org.springframework.boot.web.context.servlet.WebApplicationContextInitializer","message":"Root WebApplicationContext: initialization completed in 3389 ms"}{"timestamp":"2026-06-08 18:19:50","level":"INFO","logger":"org.hibernate.orm.jpa","message":"HHH008540: Processing PersistenceUnitInfo [name: default]"}{"timestamp":"2026-06-08 18:19:50","level":"INFO","logger":"org.hibernate.orm.core","message":"HHH000001: Hibernate ORM core version 7.2.7.Final"}{"timestamp":"2026-06-08 18:19:50","level":"INFO","logger":"org.springframework.orm.jpa.persistenceunit.SpringPersistenceUnitInfo","message":"No LoadTimeWeaver setup: ignoring JPA class transformer"}{"timestamp":"2026-06-08 18:19:50","level":"INFO","logger":"com.zaxxer.hikari.HikariDataSource","message":"HikariPool-1 - Starting..."}{"timestamp":"2026-06-08 18:19:51","level":"INFO","logger":"com.zaxxer.hikari.pool.HikariPool","message":"HikariPool-1 - Added connection com.mysql.cj.jdbc.ConnectionImpl@5fdfa57f"}{"timestamp":"2026-06-08 18:19:51","level":"INFO","logger":"com.zaxxer.hikari.HikariDataSource","message":"HikariPool-1 - Start completed."}{"timestamp":"2026-06-08 18:19:51","level":"WARN","logger":"org.hibernate.orm.deprecation","message":"HHH90000025: MySQLDialect does not need to be specified explicitly using 'hibernate.dialect' (remove the property setting and it will be selected by default)"}{"timestamp":"2026-06-08 18:19:51","level":"INFO","logger":"org.hibernate.orm.connections.pooling","message":"HHH10001005: Database info:
	Database JDBC URL [jdbc:mysql://localhost:3306/jobportaldb?useSSL=false&serverTimezone=UTC&allowPublicKeyRetrieval=true]
	Database driver: MySQL Connector/J
	Database dialect: MySQLDialect
	Database version: 8.0.46
	Default catalog/schema: jobportaldb/undefined
	Autocommit mode: undefined/unknown
	Isolation level: REPEATABLE_READ [default REPEATABLE_READ]
	JDBC fetch size: none
	Pool: DataSourceConnectionProvider
	Minimum pool size: undefined/unknown
	Maximum pool size: undefined/unknown"}{"timestamp":"2026-06-08 18:19:51","level":"DEBUG","logger":"org.hibernate.tool.schema.spi.SchemaManagementToolCoordinator","message":"No schema actions specified for contributor 'orm'"}{"timestamp":"2026-06-08 18:19:52","level":"INFO","logger":"org.hibernate.orm.core","message":"HHH000489: No JTA platform available (set 'hibernate.transaction.jta.platform' to enable JTA platform integration)"}{"timestamp":"2026-06-08 18:19:52","level":"DEBUG","logger":"org.hibernate.tool.schema.spi.SchemaManagementToolCoordinator","message":"No schema actions specified for contributor 'orm'"}{"timestamp":"2026-06-08 18:19:52","level":"DEBUG","logger":"org.hibernate.tool.schema.spi.SchemaManagementToolCoordinator","message":"No schema management actions found"}{"timestamp":"2026-06-08 18:19:52","level":"INFO","logger":"org.springframework.orm.jpa.LocalContainerEntityManagerFactoryBean","message":"Initialized JPA EntityManagerFactory for persistence unit 'default'"}{"timestamp":"2026-06-08 18:19:53","level":"INFO","logger":"org.springframework.data.jpa.repository.query.QueryEnhancerFactories","message":"Hibernate is in classpath; If applicable, HQL parser will be used."}{"timestamp":"2026-06-08 18:19:54","level":"WARN","logger":"org.springframework.boot.jpa.autoconfigure.JpaBaseConfiguration$JpaWebConfiguration","message":"spring.jpa.open-in-view is enabled by default. Therefore, database queries may be performed during view rendering. Explicitly configure spring.jpa.open-in-view to disable this warning"}{"timestamp":"2026-06-08 18:19:55","level":"INFO","logger":"org.springframework.security.config.annotation.authentication.configuration.InitializeAuthenticationProviderBeanManagerConfigurer$InitializeAuthenticationProviderManagerConfigurer","message":"Global AuthenticationManager configured with AuthenticationProvider bean with name jobPortalUsernamePwdAuthenticationProvider"}{"timestamp":"2026-06-08 18:19:55","level":"DEBUG","logger":"org.springframework.security.web.DefaultSecurityFilterChain","message":"Will secure any request with filters: DisableEncodeUrlFilter, WebAsyncManagerIntegrationFilter, SecurityContextHolderFilter, HeaderWriterFilter, CorsFilter, CsrfFilter, LogoutFilter, JwtTokenValidatorFilter, RequestCacheAwareFilter, SecurityContextHolderAwareRequestFilter, AnonymousAuthenticationFilter, ExceptionTranslationFilter, AuthorizationFilter"}{"timestamp":"2026-06-08 18:19:56","level":"INFO","logger":"org.apache.coyote.http11.Http11NioProtocol","message":"Starting ProtocolHandler ["http-nio-8080"]"}{"timestamp":"2026-06-08 18:19:56","level":"INFO","logger":"org.springframework.boot.tomcat.TomcatWebServer","message":"Tomcat started on port 8080 (http) with context path '/'"}{"timestamp":"2026-06-08 18:20:16","level":"INFO","logger":"org.apache.catalina.core.ContainerBase.[Tomcat].[localhost].[/]","message":"Initializing Spring DispatcherServlet 'dispatcherServlet'"}{"timestamp":"2026-06-08 18:20:16","level":"INFO","logger":"org.springframework.web.servlet.DispatcherServlet","message":"Initializing Servlet 'dispatcherServlet'"}{"timestamp":"2026-06-08 18:20:16","level":"INFO","logger":"org.springframework.web.servlet.DispatcherServlet","message":"Completed initialization in 2 ms"}{"timestamp":"2026-06-08 18:20:16","level":"DEBUG","logger":"org.springframework.security.web.FilterChainProxy","message":"Securing GET /api/csrf-token/public"}{"timestamp":"2026-06-08 18:20:16","level":"DEBUG","logger":"org.springframework.security.web.FilterChainProxy","message":"Secured GET /api/csrf-token/public"}{"timestamp":"2026-06-08 18:20:16","level":"DEBUG","logger":"org.springframework.security.web.authentication.AnonymousAuthenticationFilter","message":"Set SecurityContextHolder to anonymous SecurityContext"}{"timestamp":"2026-06-08 18:20:35","level":"DEBUG","logger":"org.springframework.security.web.FilterChainProxy","message":"Securing POST /api/auth/login/public"}{"timestamp":"2026-06-08 18:20:35","level":"DEBUG","logger":"org.springframework.security.web.FilterChainProxy","message":"Secured POST /api/auth/login/public"}{"timestamp":"2026-06-08 18:20:35","level":"DEBUG","logger":"org.hibernate.SQL","message":"
    select
        jpu1_0.id,
        jpu1_0.company_id,
        jpu1_0.created_at,
        jpu1_0.created_by,
        jpu1_0.email,
        jpu1_0.mobile_number,
        jpu1_0.name,
        jpu1_0.password_hash,
        jpu1_0.role_id,
        jpu1_0.updated_at,
        jpu1_0.updated_by 
    from
        users jpu1_0 
    where
        jpu1_0.email=?"}{"timestamp":"2026-06-08 18:20:35","level":"DEBUG","logger":"org.hibernate.SQL","message":"
    select
        r1_0.id,
        r1_0.created_at,
        r1_0.created_by,
        r1_0.name,
        r1_0.updated_at,
        r1_0.updated_by 
    from
        roles r1_0 
    where
        r1_0.id=?"}{"timestamp":"2026-06-08 18:20:36","level":"DEBUG","logger":"org.springframework.security.web.authentication.AnonymousAuthenticationFilter","message":"Set SecurityContextHolder to anonymous SecurityContext"}{"timestamp":"2026-06-08 18:20:48","level":"DEBUG","logger":"org.springframework.security.web.FilterChainProxy","message":"Securing PATCH /api/contacts/1/status/admin"}{"timestamp":"2026-06-08 18:20:48","level":"DEBUG","logger":"org.springframework.security.web.FilterChainProxy","message":"Secured PATCH /api/contacts/1/status/admin"}{"timestamp":"2026-06-08 18:20:48","level":"DEBUG","logger":"org.hibernate.SQL","message":"
    select
        c1_0.id,
        c1_0.created_at,
        c1_0.created_by,
        c1_0.email,
        c1_0.message,
        c1_0.name,
        c1_0.status,
        c1_0.subject,
        c1_0.updated_at,
        c1_0.updated_by,
        c1_0.user_type 
    from
        contacts c1_0 
    where
        c1_0.id=?"}{"timestamp":"2026-06-08 18:21:17","level":"DEBUG","logger":"org.springframework.security.web.FilterChainProxy","message":"Securing PATCH /api/contacts/5/status/admin"}{"timestamp":"2026-06-08 18:21:17","level":"DEBUG","logger":"org.springframework.security.web.FilterChainProxy","message":"Secured PATCH /api/contacts/5/status/admin"}{"timestamp":"2026-06-08 18:21:17","level":"DEBUG","logger":"org.hibernate.SQL","message":"
    select
        c1_0.id,
        c1_0.created_at,
        c1_0.created_by,
        c1_0.email,
        c1_0.message,
        c1_0.name,
        c1_0.status,
        c1_0.subject,
        c1_0.updated_at,
        c1_0.updated_by,
        c1_0.user_type 
    from
        contacts c1_0 
    where
        c1_0.id=?"}{"timestamp":"2026-06-08 18:21:56","level":"INFO","logger":"org.springframework.boot.devtools.autoconfigure.LocalDevToolsAutoConfiguration$RestartingClassPathChangeChangedEventListener","message":"Restarting due to 1 class path change (0 additions, 0 deletions, 1 modification)"}{"timestamp":"2026-06-08 18:21:56","level":"INFO","logger":"org.springframework.boot.tomcat.GracefulShutdown","message":"Commencing graceful shutdown. Waiting for active requests to complete"}{"timestamp":"2026-06-08 18:21:56","level":"INFO","logger":"org.apache.coyote.http11.Http11NioProtocol","message":"Pausing ProtocolHandler ["http-nio-8080"]"}{"timestamp":"2026-06-08 18:21:56","level":"INFO","logger":"org.springframework.boot.tomcat.GracefulShutdown","message":"Graceful shutdown complete"}{"timestamp":"2026-06-08 18:21:56","level":"INFO","logger":"org.apache.coyote.http11.Http11NioProtocol","message":"Stopping ProtocolHandler ["http-nio-8080"]"}{"timestamp":"2026-06-08 18:21:56","level":"INFO","logger":"org.springframework.orm.jpa.LocalContainerEntityManagerFactoryBean","message":"Closing JPA EntityManagerFactory for persistence unit 'default'"}{"timestamp":"2026-06-08 18:21:56","level":"INFO","logger":"com.zaxxer.hikari.HikariDataSource","message":"HikariPool-1 - Shutdown initiated..."}{"timestamp":"2026-06-08 18:21:56","level":"INFO","logger":"com.zaxxer.hikari.HikariDataSource","message":"HikariPool-1 - Shutdown completed."}{"timestamp":"2026-06-08 18:21:57","level":"INFO","logger":"org.springframework.data.repository.config.RepositoryConfigurationDelegate","message":"Bootstrapping Spring Data JPA repositories in DEFAULT mode."}{"timestamp":"2026-06-08 18:21:57","level":"INFO","logger":"org.springframework.data.repository.config.RepositoryConfigurationDelegate","message":"Finished Spring Data repository scanning in 48 ms. Found 4 JPA repository interfaces."}{"timestamp":"2026-06-08 18:21:57","level":"INFO","logger":"org.springframework.boot.tomcat.TomcatWebServer","message":"Tomcat initialized with port 8080 (http)"}{"timestamp":"2026-06-08 18:21:57","level":"INFO","logger":"org.apache.coyote.http11.Http11NioProtocol","message":"Initializing ProtocolHandler ["http-nio-8080"]"}{"timestamp":"2026-06-08 18:21:57","level":"INFO","logger":"org.apache.catalina.core.StandardService","message":"Starting service [Tomcat]"}{"timestamp":"2026-06-08 18:21:57","level":"INFO","logger":"org.apache.catalina.core.StandardEngine","message":"Starting Servlet engine: [Apache Tomcat/11.0.20]"}{"timestamp":"2026-06-08 18:21:57","level":"INFO","logger":"org.springframework.boot.web.context.servlet.WebApplicationContextInitializer","message":"Root WebApplicationContext: initialization completed in 929 ms"}{"timestamp":"2026-06-08 18:21:58","level":"INFO","logger":"org.hibernate.orm.jpa","message":"HHH008540: Processing PersistenceUnitInfo [name: default]"}{"timestamp":"2026-06-08 18:21:58","level":"INFO","logger":"org.springframework.orm.jpa.persistenceunit.SpringPersistenceUnitInfo","message":"No LoadTimeWeaver setup: ignoring JPA class transformer"}{"timestamp":"2026-06-08 18:21:58","level":"INFO","logger":"com.zaxxer.hikari.HikariDataSource","message":"HikariPool-2 - Starting..."}{"timestamp":"2026-06-08 18:21:58","level":"INFO","logger":"com.zaxxer.hikari.pool.HikariPool","message":"HikariPool-2 - Added connection com.mysql.cj.jdbc.ConnectionImpl@7e77531b"}{"timestamp":"2026-06-08 18:21:58","level":"INFO","logger":"com.zaxxer.hikari.HikariDataSource","message":"HikariPool-2 - Start completed."}{"timestamp":"2026-06-08 18:21:58","level":"WARN","logger":"org.hibernate.orm.deprecation","message":"HHH90000025: MySQLDialect does not need to be specified explicitly using 'hibernate.dialect' (remove the property setting and it will be selected by default)"}{"timestamp":"2026-06-08 18:21:58","level":"INFO","logger":"org.hibernate.orm.connections.pooling","message":"HHH10001005: Database info:
	Database JDBC URL [jdbc:mysql://localhost:3306/jobportaldb?useSSL=false&serverTimezone=UTC&allowPublicKeyRetrieval=true]
	Database driver: MySQL Connector/J
	Database dialect: MySQLDialect
	Database version: 8.0.46
	Default catalog/schema: jobportaldb/undefined
	Autocommit mode: undefined/unknown
	Isolation level: REPEATABLE_READ [default REPEATABLE_READ]
	JDBC fetch size: none
	Pool: DataSourceConnectionProvider
	Minimum pool size: undefined/unknown
	Maximum pool size: undefined/unknown"}{"timestamp":"2026-06-08 18:21:58","level":"DEBUG","logger":"org.hibernate.tool.schema.spi.SchemaManagementToolCoordinator","message":"No schema actions specified for contributor 'orm'"}{"timestamp":"2026-06-08 18:21:58","level":"INFO","logger":"org.hibernate.orm.core","message":"HHH000489: No JTA platform available (set 'hibernate.transaction.jta.platform' to enable JTA platform integration)"}{"timestamp":"2026-06-08 18:21:58","level":"DEBUG","logger":"org.hibernate.tool.schema.spi.SchemaManagementToolCoordinator","message":"No schema actions specified for contributor 'orm'"}{"timestamp":"2026-06-08 18:21:58","level":"DEBUG","logger":"org.hibernate.tool.schema.spi.SchemaManagementToolCoordinator","message":"No schema management actions found"}{"timestamp":"2026-06-08 18:21:58","level":"INFO","logger":"org.springframework.orm.jpa.LocalContainerEntityManagerFactoryBean","message":"Initialized JPA EntityManagerFactory for persistence unit 'default'"}{"timestamp":"2026-06-08 18:21:59","level":"WARN","logger":"org.springframework.boot.jpa.autoconfigure.JpaBaseConfiguration$JpaWebConfiguration","message":"spring.jpa.open-in-view is enabled by default. Therefore, database queries may be performed during view rendering. Explicitly configure spring.jpa.open-in-view to disable this warning"}{"timestamp":"2026-06-08 18:21:59","level":"INFO","logger":"org.springframework.security.config.annotation.authentication.configuration.InitializeAuthenticationProviderBeanManagerConfigurer$InitializeAuthenticationProviderManagerConfigurer","message":"Global AuthenticationManager configured with AuthenticationProvider bean with name jobPortalUsernamePwdAuthenticationProvider"}{"timestamp":"2026-06-08 18:21:59","level":"DEBUG","logger":"org.springframework.security.web.DefaultSecurityFilterChain","message":"Will secure any request with filters: DisableEncodeUrlFilter, WebAsyncManagerIntegrationFilter, SecurityContextHolderFilter, HeaderWriterFilter, CorsFilter, CsrfFilter, LogoutFilter, JwtTokenValidatorFilter, RequestCacheAwareFilter, SecurityContextHolderAwareRequestFilter, AnonymousAuthenticationFilter, ExceptionTranslationFilter, AuthorizationFilter"}{"timestamp":"2026-06-08 18:22:00","level":"INFO","logger":"org.apache.coyote.http11.Http11NioProtocol","message":"Starting ProtocolHandler ["http-nio-8080"]"}{"timestamp":"2026-06-08 18:22:00","level":"INFO","logger":"org.springframework.boot.tomcat.TomcatWebServer","message":"Tomcat started on port 8080 (http) with context path '/'"}{"timestamp":"2026-06-08 18:22:00","level":"INFO","logger":"org.springframework.boot.devtools.autoconfigure.ConditionEvaluationDeltaLoggingListener","message":"Condition evaluation unchanged"}{"timestamp":"2026-06-08 18:22:15","level":"INFO","logger":"org.springframework.boot.devtools.autoconfigure.LocalDevToolsAutoConfiguration$RestartingClassPathChangeChangedEventListener","message":"Restarting due to 1 class path change (0 additions, 0 deletions, 1 modification)"}{"timestamp":"2026-06-08 18:22:15","level":"INFO","logger":"org.springframework.boot.tomcat.GracefulShutdown","message":"Commencing graceful shutdown. Waiting for active requests to complete"}{"timestamp":"2026-06-08 18:22:15","level":"INFO","logger":"org.apache.coyote.http11.Http11NioProtocol","message":"Pausing ProtocolHandler ["http-nio-8080"]"}{"timestamp":"2026-06-08 18:22:15","level":"INFO","logger":"org.springframework.boot.tomcat.GracefulShutdown","message":"Graceful shutdown complete"}{"timestamp":"2026-06-08 18:22:15","level":"INFO","logger":"org.apache.coyote.http11.Http11NioProtocol","message":"Stopping ProtocolHandler ["http-nio-8080"]"}{"timestamp":"2026-06-08 18:22:15","level":"INFO","logger":"org.springframework.orm.jpa.LocalContainerEntityManagerFactoryBean","message":"Closing JPA EntityManagerFactory for persistence unit 'default'"}{"timestamp":"2026-06-08 18:22:15","level":"INFO","logger":"com.zaxxer.hikari.HikariDataSource","message":"HikariPool-2 - Shutdown initiated..."}{"timestamp":"2026-06-08 18:22:15","level":"INFO","logger":"com.zaxxer.hikari.HikariDataSource","message":"HikariPool-2 - Shutdown completed."}{"timestamp":"2026-06-08 18:22:15","level":"INFO","logger":"org.springframework.data.repository.config.RepositoryConfigurationDelegate","message":"Bootstrapping Spring Data JPA repositories in DEFAULT mode."}{"timestamp":"2026-06-08 18:22:15","level":"INFO","logger":"org.springframework.data.repository.config.RepositoryConfigurationDelegate","message":"Finished Spring Data repository scanning in 37 ms. Found 4 JPA repository interfaces."}{"timestamp":"2026-06-08 18:22:16","level":"INFO","logger":"org.springframework.boot.tomcat.TomcatWebServer","message":"Tomcat initialized with port 8080 (http)"}{"timestamp":"2026-06-08 18:22:16","level":"INFO","logger":"org.apache.coyote.http11.Http11NioProtocol","message":"Initializing ProtocolHandler ["http-nio-8080"]"}{"timestamp":"2026-06-08 18:22:16","level":"INFO","logger":"org.apache.catalina.core.StandardService","message":"Starting service [Tomcat]"}{"timestamp":"2026-06-08 18:22:16","level":"INFO","logger":"org.apache.catalina.core.StandardEngine","message":"Starting Servlet engine: [Apache Tomcat/11.0.20]"}{"timestamp":"2026-06-08 18:22:16","level":"INFO","logger":"org.springframework.boot.web.context.servlet.WebApplicationContextInitializer","message":"Root WebApplicationContext: initialization completed in 607 ms"}{"timestamp":"2026-06-08 18:22:16","level":"INFO","logger":"org.hibernate.orm.jpa","message":"HHH008540: Processing PersistenceUnitInfo [name: default]"}{"timestamp":"2026-06-08 18:22:16","level":"INFO","logger":"org.springframework.orm.jpa.persistenceunit.SpringPersistenceUnitInfo","message":"No LoadTimeWeaver setup: ignoring JPA class transformer"}{"timestamp":"2026-06-08 18:22:16","level":"INFO","logger":"com.zaxxer.hikari.HikariDataSource","message":"HikariPool-3 - Starting..."}{"timestamp":"2026-06-08 18:22:16","level":"INFO","logger":"com.zaxxer.hikari.pool.HikariPool","message":"HikariPool-3 - Added connection com.mysql.cj.jdbc.ConnectionImpl@6f1611f0"}{"timestamp":"2026-06-08 18:22:16","level":"INFO","logger":"com.zaxxer.hikari.HikariDataSource","message":"HikariPool-3 - Start completed."}{"timestamp":"2026-06-08 18:22:16","level":"WARN","logger":"org.hibernate.orm.deprecation","message":"HHH90000025: MySQLDialect does not need to be specified explicitly using 'hibernate.dialect' (remove the property setting and it will be selected by default)"}{"timestamp":"2026-06-08 18:22:16","level":"INFO","logger":"org.hibernate.orm.connections.pooling","message":"HHH10001005: Database info:
	Database JDBC URL [jdbc:mysql://localhost:3306/jobportaldb?useSSL=false&serverTimezone=UTC&allowPublicKeyRetrieval=true]
	Database driver: MySQL Connector/J
	Database dialect: MySQLDialect
	Database version: 8.0.46
	Default catalog/schema: jobportaldb/undefined
	Autocommit mode: undefined/unknown
	Isolation level: REPEATABLE_READ [default REPEATABLE_READ]
	JDBC fetch size: none
	Pool: DataSourceConnectionProvider
	Minimum pool size: undefined/unknown
	Maximum pool size: undefined/unknown"}{"timestamp":"2026-06-08 18:22:16","level":"DEBUG","logger":"org.hibernate.tool.schema.spi.SchemaManagementToolCoordinator","message":"No schema actions specified for contributor 'orm'"}{"timestamp":"2026-06-08 18:22:16","level":"INFO","logger":"org.hibernate.orm.core","message":"HHH000489: No JTA platform available (set 'hibernate.transaction.jta.platform' to enable JTA platform integration)"}{"timestamp":"2026-06-08 18:22:16","level":"DEBUG","logger":"org.hibernate.tool.schema.spi.SchemaManagementToolCoordinator","message":"No schema actions specified for contributor 'orm'"}{"timestamp":"2026-06-08 18:22:16","level":"DEBUG","logger":"org.hibernate.tool.schema.spi.SchemaManagementToolCoordinator","message":"No schema management actions found"}{"timestamp":"2026-06-08 18:22:16","level":"INFO","logger":"org.springframework.orm.jpa.LocalContainerEntityManagerFactoryBean","message":"Initialized JPA EntityManagerFactory for persistence unit 'default'"}{"timestamp":"2026-06-08 18:22:22","level":"INFO","logger":"org.hibernate.validator.internal.util.Version","message":"HV000001: Hibernate Validator 9.0.1.Final"}{"timestamp":"2026-06-08 18:22:22","level":"INFO","logger":"org.springframework.boot.devtools.env.DevToolsPropertyDefaultsPostProcessor","message":"Devtools property defaults active! Set 'spring.devtools.add-properties' to 'false' to disable"}{"timestamp":"2026-06-08 18:22:22","level":"INFO","logger":"org.springframework.boot.devtools.env.DevToolsPropertyDefaultsPostProcessor","message":"For additional web related logging consider setting the 'logging.level.web' property to 'DEBUG'"}{"timestamp":"2026-06-08 18:22:24","level":"INFO","logger":"org.springframework.data.repository.config.RepositoryConfigurationDelegate","message":"Bootstrapping Spring Data JPA repositories in DEFAULT mode."}{"timestamp":"2026-06-08 18:22:24","level":"INFO","logger":"org.springframework.data.repository.config.RepositoryConfigurationDelegate","message":"Finished Spring Data repository scanning in 93 ms. Found 4 JPA repository interfaces."}{"timestamp":"2026-06-08 18:22:25","level":"INFO","logger":"org.springframework.boot.tomcat.TomcatWebServer","message":"Tomcat initialized with port 8080 (http)"}{"timestamp":"2026-06-08 18:22:25","level":"INFO","logger":"org.apache.coyote.http11.Http11NioProtocol","message":"Initializing ProtocolHandler ["http-nio-8080"]"}{"timestamp":"2026-06-08 18:22:25","level":"INFO","logger":"org.apache.catalina.core.StandardService","message":"Starting service [Tomcat]"}{"timestamp":"2026-06-08 18:22:25","level":"INFO","logger":"org.apache.catalina.core.StandardEngine","message":"Starting Servlet engine: [Apache Tomcat/11.0.20]"}{"timestamp":"2026-06-08 18:22:25","level":"INFO","logger":"org.springframework.boot.web.context.servlet.WebApplicationContextInitializer","message":"Root WebApplicationContext: initialization completed in 3069 ms"}{"timestamp":"2026-06-08 18:22:26","level":"INFO","logger":"org.hibernate.orm.jpa","message":"HHH008540: Processing PersistenceUnitInfo [name: default]"}{"timestamp":"2026-06-08 18:22:26","level":"INFO","logger":"org.hibernate.orm.core","message":"HHH000001: Hibernate ORM core version 7.2.7.Final"}{"timestamp":"2026-06-08 18:22:26","level":"INFO","logger":"org.springframework.orm.jpa.persistenceunit.SpringPersistenceUnitInfo","message":"No LoadTimeWeaver setup: ignoring JPA class transformer"}{"timestamp":"2026-06-08 18:22:26","level":"INFO","logger":"com.zaxxer.hikari.HikariDataSource","message":"HikariPool-1 - Starting..."}{"timestamp":"2026-06-08 18:22:27","level":"INFO","logger":"com.zaxxer.hikari.pool.HikariPool","message":"HikariPool-1 - Added connection com.mysql.cj.jdbc.ConnectionImpl@4bac0e9c"}{"timestamp":"2026-06-08 18:22:27","level":"INFO","logger":"com.zaxxer.hikari.HikariDataSource","message":"HikariPool-1 - Start completed."}{"timestamp":"2026-06-08 18:22:27","level":"WARN","logger":"org.hibernate.orm.deprecation","message":"HHH90000025: MySQLDialect does not need to be specified explicitly using 'hibernate.dialect' (remove the property setting and it will be selected by default)"}{"timestamp":"2026-06-08 18:22:27","level":"INFO","logger":"org.hibernate.orm.connections.pooling","message":"HHH10001005: Database info:
	Database JDBC URL [jdbc:mysql://localhost:3306/jobportaldb?useSSL=false&serverTimezone=UTC&allowPublicKeyRetrieval=true]
	Database driver: MySQL Connector/J
	Database dialect: MySQLDialect
	Database version: 8.0.46
	Default catalog/schema: jobportaldb/undefined
	Autocommit mode: undefined/unknown
	Isolation level: REPEATABLE_READ [default REPEATABLE_READ]
	JDBC fetch size: none
	Pool: DataSourceConnectionProvider
	Minimum pool size: undefined/unknown
	Maximum pool size: undefined/unknown"}{"timestamp":"2026-06-08 18:22:27","level":"DEBUG","logger":"org.hibernate.tool.schema.spi.SchemaManagementToolCoordinator","message":"No schema actions specified for contributor 'orm'"}{"timestamp":"2026-06-08 18:22:28","level":"INFO","logger":"org.hibernate.orm.core","message":"HHH000489: No JTA platform available (set 'hibernate.transaction.jta.platform' to enable JTA platform integration)"}{"timestamp":"2026-06-08 18:22:28","level":"DEBUG","logger":"org.hibernate.tool.schema.spi.SchemaManagementToolCoordinator","message":"No schema actions specified for contributor 'orm'"}{"timestamp":"2026-06-08 18:22:28","level":"DEBUG","logger":"org.hibernate.tool.schema.spi.SchemaManagementToolCoordinator","message":"No schema management actions found"}{"timestamp":"2026-06-08 18:22:28","level":"INFO","logger":"org.springframework.orm.jpa.LocalContainerEntityManagerFactoryBean","message":"Initialized JPA EntityManagerFactory for persistence unit 'default'"}{"timestamp":"2026-06-08 18:22:29","level":"INFO","logger":"org.springframework.data.jpa.repository.query.QueryEnhancerFactories","message":"Hibernate is in classpath; If applicable, HQL parser will be used."}{"timestamp":"2026-06-08 18:22:30","level":"WARN","logger":"org.springframework.boot.jpa.autoconfigure.JpaBaseConfiguration$JpaWebConfiguration","message":"spring.jpa.open-in-view is enabled by default. Therefore, database queries may be performed during view rendering. Explicitly configure spring.jpa.open-in-view to disable this warning"}{"timestamp":"2026-06-08 18:22:30","level":"INFO","logger":"org.springframework.security.config.annotation.authentication.configuration.InitializeAuthenticationProviderBeanManagerConfigurer$InitializeAuthenticationProviderManagerConfigurer","message":"Global AuthenticationManager configured with AuthenticationProvider bean with name jobPortalUsernamePwdAuthenticationProvider"}{"timestamp":"2026-06-08 18:22:31","level":"DEBUG","logger":"org.springframework.security.web.DefaultSecurityFilterChain","message":"Will secure any request with filters: DisableEncodeUrlFilter, WebAsyncManagerIntegrationFilter, SecurityContextHolderFilter, HeaderWriterFilter, CorsFilter, CsrfFilter, LogoutFilter, JwtTokenValidatorFilter, RequestCacheAwareFilter, SecurityContextHolderAwareRequestFilter, AnonymousAuthenticationFilter, ExceptionTranslationFilter, AuthorizationFilter"}{"timestamp":"2026-06-08 18:22:32","level":"INFO","logger":"org.apache.coyote.http11.Http11NioProtocol","message":"Starting ProtocolHandler ["http-nio-8080"]"}{"timestamp":"2026-06-08 18:22:32","level":"INFO","logger":"org.springframework.boot.tomcat.TomcatWebServer","message":"Tomcat started on port 8080 (http) with context path '/'"}{"timestamp":"2026-06-08 18:23:17","level":"INFO","logger":"org.apache.catalina.core.ContainerBase.[Tomcat].[localhost].[/]","message":"Initializing Spring DispatcherServlet 'dispatcherServlet'"}{"timestamp":"2026-06-08 18:23:17","level":"INFO","logger":"org.springframework.web.servlet.DispatcherServlet","message":"Initializing Servlet 'dispatcherServlet'"}{"timestamp":"2026-06-08 18:23:17","level":"INFO","logger":"org.springframework.web.servlet.DispatcherServlet","message":"Completed initialization in 2 ms"}{"timestamp":"2026-06-08 18:23:17","level":"DEBUG","logger":"org.springframework.security.web.FilterChainProxy","message":"Securing GET /api/csrf-token/public"}{"timestamp":"2026-06-08 18:23:17","level":"DEBUG","logger":"org.springframework.security.web.FilterChainProxy","message":"Secured GET /api/csrf-token/public"}{"timestamp":"2026-06-08 18:23:17","level":"DEBUG","logger":"org.springframework.security.web.authentication.AnonymousAuthenticationFilter","message":"Set SecurityContextHolder to anonymous SecurityContext"}{"timestamp":"2026-06-08 18:23:33","level":"DEBUG","logger":"org.springframework.security.web.FilterChainProxy","message":"Securing POST /api/auth/login/public"}{"timestamp":"2026-06-08 18:23:33","level":"DEBUG","logger":"org.springframework.security.web.FilterChainProxy","message":"Secured POST /api/auth/login/public"}{"timestamp":"2026-06-08 18:23:33","level":"DEBUG","logger":"org.hibernate.SQL","message":"
    select
        jpu1_0.id,
        jpu1_0.company_id,
        jpu1_0.created_at,
        jpu1_0.created_by,
        jpu1_0.email,
        jpu1_0.mobile_number,
        jpu1_0.name,
        jpu1_0.password_hash,
        jpu1_0.role_id,
        jpu1_0.updated_at,
        jpu1_0.updated_by 
    from
        users jpu1_0 
    where
        jpu1_0.email=?"}{"timestamp":"2026-06-08 18:23:33","level":"DEBUG","logger":"org.hibernate.SQL","message":"
    select
        r1_0.id,
        r1_0.created_at,
        r1_0.created_by,
        r1_0.name,
        r1_0.updated_at,
        r1_0.updated_by 
    from
        roles r1_0 
    where
        r1_0.id=?"}{"timestamp":"2026-06-08 18:23:33","level":"DEBUG","logger":"org.springframework.security.web.authentication.AnonymousAuthenticationFilter","message":"Set SecurityContextHolder to anonymous SecurityContext"}{"timestamp":"2026-06-08 18:23:47","level":"DEBUG","logger":"org.springframework.security.web.FilterChainProxy","message":"Securing PATCH /api/contacts/5/status/admin"}{"timestamp":"2026-06-08 18:23:47","level":"DEBUG","logger":"org.springframework.security.web.FilterChainProxy","message":"Secured PATCH /api/contacts/5/status/admin"}{"timestamp":"2026-06-08 18:23:47","level":"DEBUG","logger":"org.hibernate.SQL","message":"
    select
        c1_0.id,
        c1_0.created_at,
        c1_0.created_by,
        c1_0.email,
        c1_0.message,
        c1_0.name,
        c1_0.status,
        c1_0.subject,
        c1_0.updated_at,
        c1_0.updated_by,
        c1_0.user_type 
    from
        contacts c1_0 
    where
        c1_0.id=?"}{"timestamp":"2026-06-08 18:23:47","level":"DEBUG","logger":"org.hibernate.SQL","message":"
    update
        contacts 
    set
        email=?,
        message=?,
        name=?,
        status=?,
        subject=?,
        updated_at=?,
        updated_by=?,
        user_type=? 
    where
        id=?"}{"timestamp":"2026-06-08 18:28:07","level":"DEBUG","logger":"org.springframework.security.web.FilterChainProxy","message":"Securing PATCH /api/contacts/5/status/admin"}{"timestamp":"2026-06-08 18:28:07","level":"DEBUG","logger":"org.springframework.security.web.FilterChainProxy","message":"Secured PATCH /api/contacts/5/status/admin"}{"timestamp":"2026-06-08 18:28:07","level":"DEBUG","logger":"org.hibernate.SQL","message":"
    select
        c1_0.id,
        c1_0.created_at,
        c1_0.created_by,
        c1_0.email,
        c1_0.message,
        c1_0.name,
        c1_0.status,
        c1_0.subject,
        c1_0.updated_at,
        c1_0.updated_by,
        c1_0.user_type 
    from
        contacts c1_0 
    where
        c1_0.id=?"}{"timestamp":"2026-06-08 18:34:04","level":"WARN","logger":"com.zaxxer.hikari.pool.HikariPool","message":"HikariPool-1 - Thread starvation or clock leap detected (housekeeper delta=1m7s223ms339µs300ns)."}{"timestamp":"2026-06-08 18:34:44","level":"DEBUG","logger":"org.springframework.security.web.FilterChainProxy","message":"Securing GET /api/companies/public"}{"timestamp":"2026-06-08 18:34:44","level":"DEBUG","logger":"org.springframework.security.web.FilterChainProxy","message":"Secured GET /api/companies/public"}{"timestamp":"2026-06-08 18:34:44","level":"DEBUG","logger":"org.hibernate.SQL","message":"
    select
        distinct c1_0.id,
        c1_0.created_at,
        c1_0.created_by,
        c1_0.description,
        c1_0.employees,
        c1_0.founded,
        c1_0.industry,
        j1_0.company_id,
        j1_0.id,
        j1_0.application_deadline,
        j1_0.applications_count,
        j1_0.benefits,
        j1_0.category,
        j1_0.created_at,
        j1_0.created_by,
        j1_0.description,
        j1_0.experience_level,
        j1_0.featured,
        j1_0.job_type,
        j1_0.location,
        j1_0.posted_date,
        j1_0.remote,
        j1_0.requirements,
        j1_0.salary_currency,
        j1_0.salary_max,
        j1_0.salary_min,
        j1_0.salary_period,
        j1_0.status,
        j1_0.title,
        j1_0.updated_at,
        j1_0.updated_by,
        j1_0.urgent,
        j1_0.work_type,
        c1_0.locations,
        c1_0.logo,
        c1_0.name,
        c1_0.rating,
        c1_0.size,
        c1_0.updated_at,
        c1_0.updated_by,
        c1_0.website 
    from
        companies c1_0 
    join
        jobs j1_0 
            on c1_0.id=j1_0.company_id 
    where
        j1_0.status=?"}{"timestamp":"2026-06-08 18:34:44","level":"DEBUG","logger":"org.springframework.security.web.FilterChainProxy","message":"Securing GET /api/companies/public"}{"timestamp":"2026-06-08 18:34:44","level":"DEBUG","logger":"org.springframework.security.web.FilterChainProxy","message":"Secured GET /api/companies/public"}{"timestamp":"2026-06-08 18:34:44","level":"DEBUG","logger":"org.hibernate.SQL","message":"
    select
        distinct c1_0.id,
        c1_0.created_at,
        c1_0.created_by,
        c1_0.description,
        c1_0.employees,
        c1_0.founded,
        c1_0.industry,
        j1_0.company_id,
        j1_0.id,
        j1_0.application_deadline,
        j1_0.applications_count,
        j1_0.benefits,
        j1_0.category,
        j1_0.created_at,
        j1_0.created_by,
        j1_0.description,
        j1_0.experience_level,
        j1_0.featured,
        j1_0.job_type,
        j1_0.location,
        j1_0.posted_date,
        j1_0.remote,
        j1_0.requirements,
        j1_0.salary_currency,
        j1_0.salary_max,
        j1_0.salary_min,
        j1_0.salary_period,
        j1_0.status,
        j1_0.title,
        j1_0.updated_at,
        j1_0.updated_by,
        j1_0.urgent,
        j1_0.work_type,
        c1_0.locations,
        c1_0.logo,
        c1_0.name,
        c1_0.rating,
        c1_0.size,
        c1_0.updated_at,
        c1_0.updated_by,
        c1_0.website 
    from
        companies c1_0 
    join
        jobs j1_0 
            on c1_0.id=j1_0.company_id 
    where
        j1_0.status=?"}{"timestamp":"2026-06-08 18:34:44","level":"DEBUG","logger":"org.springframework.security.web.authentication.AnonymousAuthenticationFilter","message":"Set SecurityContextHolder to anonymous SecurityContext"}{"timestamp":"2026-06-08 18:34:44","level":"DEBUG","logger":"org.springframework.security.web.authentication.AnonymousAuthenticationFilter","message":"Set SecurityContextHolder to anonymous SecurityContext"}{"timestamp":"2026-06-08 18:34:45","level":"DEBUG","logger":"org.springframework.security.web.FilterChainProxy","message":"Securing GET /api/companies/public"}{"timestamp":"2026-06-08 18:34:45","level":"DEBUG","logger":"org.springframework.security.web.FilterChainProxy","message":"Secured GET /api/companies/public"}{"timestamp":"2026-06-08 18:34:45","level":"DEBUG","logger":"org.hibernate.SQL","message":"
    select
        distinct c1_0.id,
        c1_0.created_at,
        c1_0.created_by,
        c1_0.description,
        c1_0.employees,
        c1_0.founded,
        c1_0.industry,
        j1_0.company_id,
        j1_0.id,
        j1_0.application_deadline,
        j1_0.applications_count,
        j1_0.benefits,
        j1_0.category,
        j1_0.created_at,
        j1_0.created_by,
        j1_0.description,
        j1_0.experience_level,
        j1_0.featured,
        j1_0.job_type,
        j1_0.location,
        j1_0.posted_date,
        j1_0.remote,
        j1_0.requirements,
        j1_0.salary_currency,
        j1_0.salary_max,
        j1_0.salary_min,
        j1_0.salary_period,
        j1_0.status,
        j1_0.title,
        j1_0.updated_at,
        j1_0.updated_by,
        j1_0.urgent,
        j1_0.work_type,
        c1_0.locations,
        c1_0.logo,
        c1_0.name,
        c1_0.rating,
        c1_0.size,
        c1_0.updated_at,
        c1_0.updated_by,
        c1_0.website 
    from
        companies c1_0 
    join
        jobs j1_0 
            on c1_0.id=j1_0.company_id 
    where
        j1_0.status=?"}{"timestamp":"2026-06-08 18:34:45","level":"DEBUG","logger":"org.springframework.security.web.FilterChainProxy","message":"Securing GET /api/companies/public"}{"timestamp":"2026-06-08 18:34:45","level":"DEBUG","logger":"org.springframework.security.web.FilterChainProxy","message":"Secured GET /api/companies/public"}{"timestamp":"2026-06-08 18:34:45","level":"DEBUG","logger":"org.hibernate.SQL","message":"
    select
        distinct c1_0.id,
        c1_0.created_at,
        c1_0.created_by,
        c1_0.description,
        c1_0.employees,
        c1_0.founded,
        c1_0.industry,
        j1_0.company_id,
        j1_0.id,
        j1_0.application_deadline,
        j1_0.applications_count,
        j1_0.benefits,
        j1_0.category,
        j1_0.created_at,
        j1_0.created_by,
        j1_0.description,
        j1_0.experience_level,
        j1_0.featured,
        j1_0.job_type,
        j1_0.location,
        j1_0.posted_date,
        j1_0.remote,
        j1_0.requirements,
        j1_0.salary_currency,
        j1_0.salary_max,
        j1_0.salary_min,
        j1_0.salary_period,
        j1_0.status,
        j1_0.title,
        j1_0.updated_at,
        j1_0.updated_by,
        j1_0.urgent,
        j1_0.work_type,
        c1_0.locations,
        c1_0.logo,
        c1_0.name,
        c1_0.rating,
        c1_0.size,
        c1_0.updated_at,
        c1_0.updated_by,
        c1_0.website 
    from
        companies c1_0 
    join
        jobs j1_0 
            on c1_0.id=j1_0.company_id 
    where
        j1_0.status=?"}{"timestamp":"2026-06-08 18:34:45","level":"DEBUG","logger":"org.springframework.security.web.authentication.AnonymousAuthenticationFilter","message":"Set SecurityContextHolder to anonymous SecurityContext"}{"timestamp":"2026-06-08 18:34:45","level":"DEBUG","logger":"org.springframework.security.web.authentication.AnonymousAuthenticationFilter","message":"Set SecurityContextHolder to anonymous SecurityContext"}{"timestamp":"2026-06-08 18:34:47","level":"DEBUG","logger":"org.springframework.security.web.FilterChainProxy","message":"Securing GET /api/companies/public"}{"timestamp":"2026-06-08 18:34:47","level":"DEBUG","logger":"org.springframework.security.web.FilterChainProxy","message":"Secured GET /api/companies/public"}{"timestamp":"2026-06-08 18:34:47","level":"DEBUG","logger":"org.hibernate.SQL","message":"
    select
        distinct c1_0.id,
        c1_0.created_at,
        c1_0.created_by,
        c1_0.description,
        c1_0.employees,
        c1_0.founded,
        c1_0.industry,
        j1_0.company_id,
        j1_0.id,
        j1_0.application_deadline,
        j1_0.applications_count,
        j1_0.benefits,
        j1_0.category,
        j1_0.created_at,
        j1_0.created_by,
        j1_0.description,
        j1_0.experience_level,
        j1_0.featured,
        j1_0.job_type,
        j1_0.location,
        j1_0.posted_date,
        j1_0.remote,
        j1_0.requirements,
        j1_0.salary_currency,
        j1_0.salary_max,
        j1_0.salary_min,
        j1_0.salary_period,
        j1_0.status,
        j1_0.title,
        j1_0.updated_at,
        j1_0.updated_by,
        j1_0.urgent,
        j1_0.work_type,
        c1_0.locations,
        c1_0.logo,
        c1_0.name,
        c1_0.rating,
        c1_0.size,
        c1_0.updated_at,
        c1_0.updated_by,
        c1_0.website 
    from
        companies c1_0 
    join
        jobs j1_0 
            on c1_0.id=j1_0.company_id 
    where
        j1_0.status=?"}{"timestamp":"2026-06-08 18:34:47","level":"DEBUG","logger":"org.springframework.security.web.FilterChainProxy","message":"Securing GET /api/companies/public"}{"timestamp":"2026-06-08 18:34:47","level":"DEBUG","logger":"org.springframework.security.web.FilterChainProxy","message":"Secured GET /api/companies/public"}{"timestamp":"2026-06-08 18:34:47","level":"DEBUG","logger":"org.hibernate.SQL","message":"
    select
        distinct c1_0.id,
        c1_0.created_at,
        c1_0.created_by,
        c1_0.description,
        c1_0.employees,
        c1_0.founded,
        c1_0.industry,
        j1_0.company_id,
        j1_0.id,
        j1_0.application_deadline,
        j1_0.applications_count,
        j1_0.benefits,
        j1_0.category,
        j1_0.created_at,
        j1_0.created_by,
        j1_0.description,
        j1_0.experience_level,
        j1_0.featured,
        j1_0.job_type,
        j1_0.location,
        j1_0.posted_date,
        j1_0.remote,
        j1_0.requirements,
        j1_0.salary_currency,
        j1_0.salary_max,
        j1_0.salary_min,
        j1_0.salary_period,
        j1_0.status,
        j1_0.title,
        j1_0.updated_at,
        j1_0.updated_by,
        j1_0.urgent,
        j1_0.work_type,
        c1_0.locations,
        c1_0.logo,
        c1_0.name,
        c1_0.rating,
        c1_0.size,
        c1_0.updated_at,
        c1_0.updated_by,
        c1_0.website 
    from
        companies c1_0 
    join
        jobs j1_0 
            on c1_0.id=j1_0.company_id 
    where
        j1_0.status=?"}{"timestamp":"2026-06-08 18:34:48","level":"DEBUG","logger":"org.springframework.security.web.authentication.AnonymousAuthenticationFilter","message":"Set SecurityContextHolder to anonymous SecurityContext"}{"timestamp":"2026-06-08 18:34:48","level":"DEBUG","logger":"org.springframework.security.web.authentication.AnonymousAuthenticationFilter","message":"Set SecurityContextHolder to anonymous SecurityContext"}{"timestamp":"2026-06-08 18:34:48","level":"DEBUG","logger":"org.springframework.security.web.FilterChainProxy","message":"Securing GET /api/companies/public"}{"timestamp":"2026-06-08 18:34:48","level":"DEBUG","logger":"org.springframework.security.web.FilterChainProxy","message":"Secured GET /api/companies/public"}{"timestamp":"2026-06-08 18:34:48","level":"DEBUG","logger":"org.hibernate.SQL","message":"
    select
        distinct c1_0.id,
        c1_0.created_at,
        c1_0.created_by,
        c1_0.description,
        c1_0.employees,
        c1_0.founded,
        c1_0.industry,
        j1_0.company_id,
        j1_0.id,
        j1_0.application_deadline,
        j1_0.applications_count,
        j1_0.benefits,
        j1_0.category,
        j1_0.created_at,
        j1_0.created_by,
        j1_0.description,
        j1_0.experience_level,
        j1_0.featured,
        j1_0.job_type,
        j1_0.location,
        j1_0.posted_date,
        j1_0.remote,
        j1_0.requirements,
        j1_0.salary_currency,
        j1_0.salary_max,
        j1_0.salary_min,
        j1_0.salary_period,
        j1_0.status,
        j1_0.title,
        j1_0.updated_at,
        j1_0.updated_by,
        j1_0.urgent,
        j1_0.work_type,
        c1_0.locations,
        c1_0.logo,
        c1_0.name,
        c1_0.rating,
        c1_0.size,
        c1_0.updated_at,
        c1_0.updated_by,
        c1_0.website 
    from
        companies c1_0 
    join
        jobs j1_0 
            on c1_0.id=j1_0.company_id 
    where
        j1_0.status=?"}{"timestamp":"2026-06-08 18:34:48","level":"DEBUG","logger":"org.springframework.security.web.FilterChainProxy","message":"Securing GET /api/companies/public"}{"timestamp":"2026-06-08 18:34:48","level":"DEBUG","logger":"org.springframework.security.web.FilterChainProxy","message":"Secured GET /api/companies/public"}{"timestamp":"2026-06-08 18:34:48","level":"DEBUG","logger":"org.hibernate.SQL","message":"
    select
        distinct c1_0.id,
        c1_0.created_at,
        c1_0.created_by,
        c1_0.description,
        c1_0.employees,
        c1_0.founded,
        c1_0.industry,
        j1_0.company_id,
        j1_0.id,
        j1_0.application_deadline,
        j1_0.applications_count,
        j1_0.benefits,
        j1_0.category,
        j1_0.created_at,
        j1_0.created_by,
        j1_0.description,
        j1_0.experience_level,
        j1_0.featured,
        j1_0.job_type,
        j1_0.location,
        j1_0.posted_date,
        j1_0.remote,
        j1_0.requirements,
        j1_0.salary_currency,
        j1_0.salary_max,
        j1_0.salary_min,
        j1_0.salary_period,
        j1_0.status,
        j1_0.title,
        j1_0.updated_at,
        j1_0.updated_by,
        j1_0.urgent,
        j1_0.work_type,
        c1_0.locations,
        c1_0.logo,
        c1_0.name,
        c1_0.rating,
        c1_0.size,
        c1_0.updated_at,
        c1_0.updated_by,
        c1_0.website 
    from
        companies c1_0 
    join
        jobs j1_0 
            on c1_0.id=j1_0.company_id 
    where
        j1_0.status=?"}{"timestamp":"2026-06-08 18:34:48","level":"DEBUG","logger":"org.springframework.security.web.authentication.AnonymousAuthenticationFilter","message":"Set SecurityContextHolder to anonymous SecurityContext"}{"timestamp":"2026-06-08 18:34:48","level":"DEBUG","logger":"org.springframework.security.web.authentication.AnonymousAuthenticationFilter","message":"Set SecurityContextHolder to anonymous SecurityContext"}{"timestamp":"2026-06-08 18:34:54","level":"DEBUG","logger":"org.springframework.security.web.FilterChainProxy","message":"Securing OPTIONS /api/auth/login/public"}{"timestamp":"2026-06-08 18:34:54","level":"DEBUG","logger":"org.springframework.security.web.FilterChainProxy","message":"Securing POST /api/auth/login/public"}{"timestamp":"2026-06-08 18:34:54","level":"DEBUG","logger":"org.springframework.security.web.FilterChainProxy","message":"Secured POST /api/auth/login/public"}{"timestamp":"2026-06-08 18:34:54","level":"DEBUG","logger":"org.hibernate.SQL","message":"
    select
        jpu1_0.id,
        jpu1_0.company_id,
        jpu1_0.created_at,
        jpu1_0.created_by,
        jpu1_0.email,
        jpu1_0.mobile_number,
        jpu1_0.name,
        jpu1_0.password_hash,
        jpu1_0.role_id,
        jpu1_0.updated_at,
        jpu1_0.updated_by 
    from
        users jpu1_0 
    where
        jpu1_0.email=?"}{"timestamp":"2026-06-08 18:34:54","level":"DEBUG","logger":"org.hibernate.SQL","message":"
    select
        r1_0.id,
        r1_0.created_at,
        r1_0.created_by,
        r1_0.name,
        r1_0.updated_at,
        r1_0.updated_by 
    from
        roles r1_0 
    where
        r1_0.id=?"}{"timestamp":"2026-06-08 18:34:54","level":"DEBUG","logger":"org.springframework.security.web.authentication.AnonymousAuthenticationFilter","message":"Set SecurityContextHolder to anonymous SecurityContext"}{"timestamp":"2026-06-08 18:34:54","level":"DEBUG","logger":"org.springframework.security.web.FilterChainProxy","message":"Securing OPTIONS /api/contacts/page/admin?pageNumber=0&pageSize=10&sortBy=createdAt&sortDir=asc"}{"timestamp":"2026-06-08 18:34:54","level":"DEBUG","logger":"org.springframework.security.web.FilterChainProxy","message":"Securing OPTIONS /api/contacts/page/admin?pageNumber=0&pageSize=10&sortBy=createdAt&sortDir=asc"}{"timestamp":"2026-06-08 18:34:54","level":"DEBUG","logger":"org.springframework.security.web.FilterChainProxy","message":"Securing GET /api/contacts/page/admin?pageNumber=0&pageSize=10&sortBy=createdAt&sortDir=asc"}{"timestamp":"2026-06-08 18:34:54","level":"DEBUG","logger":"org.springframework.security.web.FilterChainProxy","message":"Secured GET /api/contacts/page/admin?pageNumber=0&pageSize=10&sortBy=createdAt&sortDir=asc"}{"timestamp":"2026-06-08 18:34:54","level":"DEBUG","logger":"org.hibernate.SQL","message":"
    select
        c1_0.id,
        c1_0.created_at,
        c1_0.created_by,
        c1_0.email,
        c1_0.message,
        c1_0.name,
        c1_0.status,
        c1_0.subject,
        c1_0.updated_at,
        c1_0.updated_by,
        c1_0.user_type 
    from
        contacts c1_0 
    where
        c1_0.status=? 
    order by
        c1_0.created_at 
    limit
        ?"}{"timestamp":"2026-06-08 18:34:54","level":"DEBUG","logger":"org.hibernate.SQL","message":"
    select
        count(c1_0.id) 
    from
        contacts c1_0 
    where
        c1_0.status=?"}{"timestamp":"2026-06-08 18:34:54","level":"WARN","logger":"org.springframework.data.web.config.SpringDataJackson3Configuration$PageModule$WarningLoggingModifier","message":"Serializing PageImpl instances as-is is not supported, meaning that there is no guarantee about the stability of the resulting JSON structure!
	For a stable JSON structure, please use Spring Data's PagedModel (globally via @EnableSpringDataWebSupport(pageSerializationMode = VIA_DTO))
	or Spring HATEOAS and Spring Data's PagedResourcesAssembler as documented in https://docs.spring.io/spring-data/commons/reference/repositories/core-extensions.html#core.web.pageables.
"}{"timestamp":"2026-06-08 18:34:54","level":"DEBUG","logger":"org.springframework.security.web.FilterChainProxy","message":"Securing GET /api/contacts/page/admin?pageNumber=0&pageSize=10&sortBy=createdAt&sortDir=asc"}{"timestamp":"2026-06-08 18:34:54","level":"DEBUG","logger":"org.springframework.security.web.FilterChainProxy","message":"Secured GET /api/contacts/page/admin?pageNumber=0&pageSize=10&sortBy=createdAt&sortDir=asc"}{"timestamp":"2026-06-08 18:34:54","level":"DEBUG","logger":"org.hibernate.SQL","message":"
    select
        c1_0.id,
        c1_0.created_at,
        c1_0.created_by,
        c1_0.email,
        c1_0.message,
        c1_0.name,
        c1_0.status,
        c1_0.subject,
        c1_0.updated_at,
        c1_0.updated_by,
        c1_0.user_type 
    from
        contacts c1_0 
    where
        c1_0.status=? 
    order by
        c1_0.created_at 
    limit
        ?"}{"timestamp":"2026-06-08 18:34:54","level":"DEBUG","logger":"org.hibernate.SQL","message":"
    select
        count(c1_0.id) 
    from
        contacts c1_0 
    where
        c1_0.status=?"}{"timestamp":"2026-06-08 18:35:03","level":"DEBUG","logger":"org.springframework.security.web.FilterChainProxy","message":"Securing OPTIONS /api/contacts/6/status/admin"}{"timestamp":"2026-06-08 18:35:03","level":"DEBUG","logger":"org.springframework.security.web.FilterChainProxy","message":"Securing PATCH /api/contacts/6/status/admin"}{"timestamp":"2026-06-08 18:35:03","level":"DEBUG","logger":"org.springframework.security.web.FilterChainProxy","message":"Secured PATCH /api/contacts/6/status/admin"}{"timestamp":"2026-06-08 18:35:03","level":"DEBUG","logger":"org.hibernate.SQL","message":"
    select
        c1_0.id,
        c1_0.created_at,
        c1_0.created_by,
        c1_0.email,
        c1_0.message,
        c1_0.name,
        c1_0.status,
        c1_0.subject,
        c1_0.updated_at,
        c1_0.updated_by,
        c1_0.user_type 
    from
        contacts c1_0 
    where
        c1_0.id=?"}{"timestamp":"2026-06-08 18:35:03","level":"DEBUG","logger":"org.hibernate.SQL","message":"
    update
        contacts 
    set
        email=?,
        message=?,
        name=?,
        status=?,
        subject=?,
        updated_at=?,
        updated_by=?,
        user_type=? 
    where
        id=?"}{"timestamp":"2026-06-08 18:35:03","level":"DEBUG","logger":"org.springframework.security.web.FilterChainProxy","message":"Securing GET /api/contacts/page/admin?pageNumber=0&pageSize=10&sortBy=createdAt&sortDir=asc"}{"timestamp":"2026-06-08 18:35:03","level":"DEBUG","logger":"org.springframework.security.web.FilterChainProxy","message":"Secured GET /api/contacts/page/admin?pageNumber=0&pageSize=10&sortBy=createdAt&sortDir=asc"}{"timestamp":"2026-06-08 18:35:03","level":"DEBUG","logger":"org.hibernate.SQL","message":"
    select
        c1_0.id,
        c1_0.created_at,
        c1_0.created_by,
        c1_0.email,
        c1_0.message,
        c1_0.name,
        c1_0.status,
        c1_0.subject,
        c1_0.updated_at,
        c1_0.updated_by,
        c1_0.user_type 
    from
        contacts c1_0 
    where
        c1_0.status=? 
    order by
        c1_0.created_at 
    limit
        ?"}{"timestamp":"2026-06-08 18:35:03","level":"DEBUG","logger":"org.hibernate.SQL","message":"
    select
        count(c1_0.id) 
    from
        contacts c1_0 
    where
        c1_0.status=?"}{"timestamp":"2026-06-08 18:35:15","level":"DEBUG","logger":"org.springframework.security.web.FilterChainProxy","message":"Securing GET /api/companies/public"}{"timestamp":"2026-06-08 18:35:15","level":"DEBUG","logger":"org.springframework.security.web.FilterChainProxy","message":"Secured GET /api/companies/public"}{"timestamp":"2026-06-08 18:35:15","level":"DEBUG","logger":"org.hibernate.SQL","message":"
    select
        distinct c1_0.id,
        c1_0.created_at,
        c1_0.created_by,
        c1_0.description,
        c1_0.employees,
        c1_0.founded,
        c1_0.industry,
        j1_0.company_id,
        j1_0.id,
        j1_0.application_deadline,
        j1_0.applications_count,
        j1_0.benefits,
        j1_0.category,
        j1_0.created_at,
        j1_0.created_by,
        j1_0.description,
        j1_0.experience_level,
        j1_0.featured,
        j1_0.job_type,
        j1_0.location,
        j1_0.posted_date,
        j1_0.remote,
        j1_0.requirements,
        j1_0.salary_currency,
        j1_0.salary_max,
        j1_0.salary_min,
        j1_0.salary_period,
        j1_0.status,
        j1_0.title,
        j1_0.updated_at,
        j1_0.updated_by,
        j1_0.urgent,
        j1_0.work_type,
        c1_0.locations,
        c1_0.logo,
        c1_0.name,
        c1_0.rating,
        c1_0.size,
        c1_0.updated_at,
        c1_0.updated_by,
        c1_0.website 
    from
        companies c1_0 
    join
        jobs j1_0 
            on c1_0.id=j1_0.company_id 
    where
        j1_0.status=?"}{"timestamp":"2026-06-08 18:35:15","level":"DEBUG","logger":"org.springframework.security.web.FilterChainProxy","message":"Securing GET /api/companies/public"}{"timestamp":"2026-06-08 18:35:15","level":"DEBUG","logger":"org.springframework.security.web.FilterChainProxy","message":"Secured GET /api/companies/public"}{"timestamp":"2026-06-08 18:35:15","level":"DEBUG","logger":"org.hibernate.SQL","message":"
    select
        distinct c1_0.id,
        c1_0.created_at,
        c1_0.created_by,
        c1_0.description,
        c1_0.employees,
        c1_0.founded,
        c1_0.industry,
        j1_0.company_id,
        j1_0.id,
        j1_0.application_deadline,
        j1_0.applications_count,
        j1_0.benefits,
        j1_0.category,
        j1_0.created_at,
        j1_0.created_by,
        j1_0.description,
        j1_0.experience_level,
        j1_0.featured,
        j1_0.job_type,
        j1_0.location,
        j1_0.posted_date,
        j1_0.remote,
        j1_0.requirements,
        j1_0.salary_currency,
        j1_0.salary_max,
        j1_0.salary_min,
        j1_0.salary_period,
        j1_0.status,
        j1_0.title,
        j1_0.updated_at,
        j1_0.updated_by,
        j1_0.urgent,
        j1_0.work_type,
        c1_0.locations,
        c1_0.logo,
        c1_0.name,
        c1_0.rating,
        c1_0.size,
        c1_0.updated_at,
        c1_0.updated_by,
        c1_0.website 
    from
        companies c1_0 
    join
        jobs j1_0 
            on c1_0.id=j1_0.company_id 
    where
        j1_0.status=?"}{"timestamp":"2026-06-08 18:35:15","level":"DEBUG","logger":"org.springframework.security.web.authentication.AnonymousAuthenticationFilter","message":"Set SecurityContextHolder to anonymous SecurityContext"}{"timestamp":"2026-06-08 18:35:15","level":"DEBUG","logger":"org.springframework.security.web.authentication.AnonymousAuthenticationFilter","message":"Set SecurityContextHolder to anonymous SecurityContext"}{"timestamp":"2026-06-08 18:35:27","level":"DEBUG","logger":"org.springframework.security.web.FilterChainProxy","message":"Securing GET /api/companies/public"}{"timestamp":"2026-06-08 18:35:27","level":"DEBUG","logger":"org.springframework.security.web.FilterChainProxy","message":"Secured GET /api/companies/public"}{"timestamp":"2026-06-08 18:35:27","level":"DEBUG","logger":"org.hibernate.SQL","message":"
    select
        distinct c1_0.id,
        c1_0.created_at,
        c1_0.created_by,
        c1_0.description,
        c1_0.employees,
        c1_0.founded,
        c1_0.industry,
        j1_0.company_id,
        j1_0.id,
        j1_0.application_deadline,
        j1_0.applications_count,
        j1_0.benefits,
        j1_0.category,
        j1_0.created_at,
        j1_0.created_by,
        j1_0.description,
        j1_0.experience_level,
        j1_0.featured,
        j1_0.job_type,
        j1_0.location,
        j1_0.posted_date,
        j1_0.remote,
        j1_0.requirements,
        j1_0.salary_currency,
        j1_0.salary_max,
        j1_0.salary_min,
        j1_0.salary_period,
        j1_0.status,
        j1_0.title,
        j1_0.updated_at,
        j1_0.updated_by,
        j1_0.urgent,
        j1_0.work_type,
        c1_0.locations,
        c1_0.logo,
        c1_0.name,
        c1_0.rating,
        c1_0.size,
        c1_0.updated_at,
        c1_0.updated_by,
        c1_0.website 
    from
        companies c1_0 
    join
        jobs j1_0 
            on c1_0.id=j1_0.company_id 
    where
        j1_0.status=?"}{"timestamp":"2026-06-08 18:35:27","level":"DEBUG","logger":"org.springframework.security.web.FilterChainProxy","message":"Securing GET /api/companies/public"}{"timestamp":"2026-06-08 18:35:27","level":"DEBUG","logger":"org.springframework.security.web.FilterChainProxy","message":"Secured GET /api/companies/public"}{"timestamp":"2026-06-08 18:35:27","level":"DEBUG","logger":"org.hibernate.SQL","message":"
    select
        distinct c1_0.id,
        c1_0.created_at,
        c1_0.created_by,
        c1_0.description,
        c1_0.employees,
        c1_0.founded,
        c1_0.industry,
        j1_0.company_id,
        j1_0.id,
        j1_0.application_deadline,
        j1_0.applications_count,
        j1_0.benefits,
        j1_0.category,
        j1_0.created_at,
        j1_0.created_by,
        j1_0.description,
        j1_0.experience_level,
        j1_0.featured,
        j1_0.job_type,
        j1_0.location,
        j1_0.posted_date,
        j1_0.remote,
        j1_0.requirements,
        j1_0.salary_currency,
        j1_0.salary_max,
        j1_0.salary_min,
        j1_0.salary_period,
        j1_0.status,
        j1_0.title,
        j1_0.updated_at,
        j1_0.updated_by,
        j1_0.urgent,
        j1_0.work_type,
        c1_0.locations,
        c1_0.logo,
        c1_0.name,
        c1_0.rating,
        c1_0.size,
        c1_0.updated_at,
        c1_0.updated_by,
        c1_0.website 
    from
        companies c1_0 
    join
        jobs j1_0 
            on c1_0.id=j1_0.company_id 
    where
        j1_0.status=?"}{"timestamp":"2026-06-08 18:35:27","level":"DEBUG","logger":"org.springframework.security.web.authentication.AnonymousAuthenticationFilter","message":"Set SecurityContextHolder to anonymous SecurityContext"}{"timestamp":"2026-06-08 18:35:27","level":"DEBUG","logger":"org.springframework.security.web.authentication.AnonymousAuthenticationFilter","message":"Set SecurityContextHolder to anonymous SecurityContext"}{"timestamp":"2026-06-08 18:35:32","level":"DEBUG","logger":"org.springframework.security.web.FilterChainProxy","message":"Securing POST /api/auth/login/public"}{"timestamp":"2026-06-08 18:35:32","level":"DEBUG","logger":"org.springframework.security.web.FilterChainProxy","message":"Secured POST /api/auth/login/public"}{"timestamp":"2026-06-08 18:35:32","level":"DEBUG","logger":"org.hibernate.SQL","message":"
    select
        jpu1_0.id,
        jpu1_0.company_id,
        jpu1_0.created_at,
        jpu1_0.created_by,
        jpu1_0.email,
        jpu1_0.mobile_number,
        jpu1_0.name,
        jpu1_0.password_hash,
        jpu1_0.role_id,
        jpu1_0.updated_at,
        jpu1_0.updated_by 
    from
        users jpu1_0 
    where
        jpu1_0.email=?"}{"timestamp":"2026-06-08 18:35:32","level":"DEBUG","logger":"org.hibernate.SQL","message":"
    select
        r1_0.id,
        r1_0.created_at,
        r1_0.created_by,
        r1_0.name,
        r1_0.updated_at,
        r1_0.updated_by 
    from
        roles r1_0 
    where
        r1_0.id=?"}{"timestamp":"2026-06-08 18:35:32","level":"DEBUG","logger":"org.springframework.security.web.authentication.AnonymousAuthenticationFilter","message":"Set SecurityContextHolder to anonymous SecurityContext"}{"timestamp":"2026-06-08 18:35:32","level":"DEBUG","logger":"org.springframework.security.web.FilterChainProxy","message":"Securing GET /api/contacts/page/admin?pageNumber=0&pageSize=10&sortBy=createdAt&sortDir=asc"}{"timestamp":"2026-06-08 18:35:32","level":"DEBUG","logger":"org.springframework.security.web.FilterChainProxy","message":"Secured GET /api/contacts/page/admin?pageNumber=0&pageSize=10&sortBy=createdAt&sortDir=asc"}{"timestamp":"2026-06-08 18:35:32","level":"DEBUG","logger":"org.hibernate.SQL","message":"
    select
        c1_0.id,
        c1_0.created_at,
        c1_0.created_by,
        c1_0.email,
        c1_0.message,
        c1_0.name,
        c1_0.status,
        c1_0.subject,
        c1_0.updated_at,
        c1_0.updated_by,
        c1_0.user_type 
    from
        contacts c1_0 
    where
        c1_0.status=? 
    order by
        c1_0.created_at 
    limit
        ?"}{"timestamp":"2026-06-08 18:35:32","level":"DEBUG","logger":"org.hibernate.SQL","message":"
    select
        count(c1_0.id) 
    from
        contacts c1_0 
    where
        c1_0.status=?"}{"timestamp":"2026-06-08 18:35:32","level":"DEBUG","logger":"org.springframework.security.web.FilterChainProxy","message":"Securing GET /api/contacts/page/admin?pageNumber=0&pageSize=10&sortBy=createdAt&sortDir=asc"}{"timestamp":"2026-06-08 18:35:32","level":"DEBUG","logger":"org.springframework.security.web.FilterChainProxy","message":"Secured GET /api/contacts/page/admin?pageNumber=0&pageSize=10&sortBy=createdAt&sortDir=asc"}{"timestamp":"2026-06-08 18:35:32","level":"DEBUG","logger":"org.hibernate.SQL","message":"
    select
        c1_0.id,
        c1_0.created_at,
        c1_0.created_by,
        c1_0.email,
        c1_0.message,
        c1_0.name,
        c1_0.status,
        c1_0.subject,
        c1_0.updated_at,
        c1_0.updated_by,
        c1_0.user_type 
    from
        contacts c1_0 
    where
        c1_0.status=? 
    order by
        c1_0.created_at 
    limit
        ?"}{"timestamp":"2026-06-08 18:35:32","level":"DEBUG","logger":"org.hibernate.SQL","message":"
    select
        count(c1_0.id) 
    from
        contacts c1_0 
    where
        c1_0.status=?"}{"timestamp":"2026-06-08 18:36:59","level":"INFO","logger":"org.springframework.boot.devtools.autoconfigure.LocalDevToolsAutoConfiguration$RestartingClassPathChangeChangedEventListener","message":"Restarting due to 1 class path change (1 addition, 0 deletions, 0 modifications)"}{"timestamp":"2026-06-08 18:36:59","level":"INFO","logger":"org.springframework.boot.tomcat.GracefulShutdown","message":"Commencing graceful shutdown. Waiting for active requests to complete"}{"timestamp":"2026-06-08 18:36:59","level":"INFO","logger":"org.apache.coyote.http11.Http11NioProtocol","message":"Pausing ProtocolHandler ["http-nio-8080"]"}{"timestamp":"2026-06-08 18:36:59","level":"INFO","logger":"org.springframework.boot.tomcat.GracefulShutdown","message":"Graceful shutdown complete"}{"timestamp":"2026-06-08 18:36:59","level":"INFO","logger":"org.apache.coyote.http11.Http11NioProtocol","message":"Stopping ProtocolHandler ["http-nio-8080"]"}{"timestamp":"2026-06-08 18:36:59","level":"INFO","logger":"org.springframework.orm.jpa.LocalContainerEntityManagerFactoryBean","message":"Closing JPA EntityManagerFactory for persistence unit 'default'"}{"timestamp":"2026-06-08 18:36:59","level":"INFO","logger":"com.zaxxer.hikari.HikariDataSource","message":"HikariPool-1 - Shutdown initiated..."}{"timestamp":"2026-06-08 18:36:59","level":"INFO","logger":"com.zaxxer.hikari.HikariDataSource","message":"HikariPool-1 - Shutdown completed."}{"timestamp":"2026-06-08 18:37:00","level":"INFO","logger":"org.springframework.data.repository.config.RepositoryConfigurationDelegate","message":"Bootstrapping Spring Data JPA repositories in DEFAULT mode."}{"timestamp":"2026-06-08 18:37:00","level":"INFO","logger":"org.springframework.data.repository.config.RepositoryConfigurationDelegate","message":"Finished Spring Data repository scanning in 30 ms. Found 4 JPA repository interfaces."}{"timestamp":"2026-06-08 18:37:00","level":"INFO","logger":"org.springframework.boot.tomcat.TomcatWebServer","message":"Tomcat initialized with port 8080 (http)"}{"timestamp":"2026-06-08 18:37:00","level":"INFO","logger":"org.apache.coyote.http11.Http11NioProtocol","message":"Initializing ProtocolHandler ["http-nio-8080"]"}{"timestamp":"2026-06-08 18:37:00","level":"INFO","logger":"org.apache.catalina.core.StandardService","message":"Starting service [Tomcat]"}{"timestamp":"2026-06-08 18:37:00","level":"INFO","logger":"org.apache.catalina.core.StandardEngine","message":"Starting Servlet engine: [Apache Tomcat/11.0.20]"}{"timestamp":"2026-06-08 18:37:01","level":"INFO","logger":"org.springframework.boot.web.context.servlet.WebApplicationContextInitializer","message":"Root WebApplicationContext: initialization completed in 745 ms"}{"timestamp":"2026-06-08 18:37:01","level":"INFO","logger":"org.hibernate.orm.jpa","message":"HHH008540: Processing PersistenceUnitInfo [name: default]"}{"timestamp":"2026-06-08 18:37:01","level":"INFO","logger":"org.springframework.orm.jpa.persistenceunit.SpringPersistenceUnitInfo","message":"No LoadTimeWeaver setup: ignoring JPA class transformer"}{"timestamp":"2026-06-08 18:37:01","level":"INFO","logger":"com.zaxxer.hikari.HikariDataSource","message":"HikariPool-2 - Starting..."}{"timestamp":"2026-06-08 18:37:01","level":"INFO","logger":"com.zaxxer.hikari.pool.HikariPool","message":"HikariPool-2 - Added connection com.mysql.cj.jdbc.ConnectionImpl@42ec1739"}{"timestamp":"2026-06-08 18:37:01","level":"INFO","logger":"com.zaxxer.hikari.HikariDataSource","message":"HikariPool-2 - Start completed."}{"timestamp":"2026-06-08 18:37:01","level":"WARN","logger":"org.hibernate.orm.deprecation","message":"HHH90000025: MySQLDialect does not need to be specified explicitly using 'hibernate.dialect' (remove the property setting and it will be selected by default)"}{"timestamp":"2026-06-08 18:37:01","level":"INFO","logger":"org.hibernate.orm.connections.pooling","message":"HHH10001005: Database info:
	Database JDBC URL [jdbc:mysql://localhost:3306/jobportaldb?useSSL=false&serverTimezone=UTC&allowPublicKeyRetrieval=true]
	Database driver: MySQL Connector/J
	Database dialect: MySQLDialect
	Database version: 8.0.46
	Default catalog/schema: jobportaldb/undefined
	Autocommit mode: undefined/unknown
	Isolation level: REPEATABLE_READ [default REPEATABLE_READ]
	JDBC fetch size: none
	Pool: DataSourceConnectionProvider
	Minimum pool size: undefined/unknown
	Maximum pool size: undefined/unknown"}{"timestamp":"2026-06-08 18:37:01","level":"DEBUG","logger":"org.hibernate.tool.schema.spi.SchemaManagementToolCoordinator","message":"No schema actions specified for contributor 'orm'"}{"timestamp":"2026-06-08 18:37:01","level":"INFO","logger":"org.hibernate.orm.core","message":"HHH000489: No JTA platform available (set 'hibernate.transaction.jta.platform' to enable JTA platform integration)"}{"timestamp":"2026-06-08 18:37:01","level":"DEBUG","logger":"org.hibernate.tool.schema.spi.SchemaManagementToolCoordinator","message":"No schema actions specified for contributor 'orm'"}{"timestamp":"2026-06-08 18:37:01","level":"DEBUG","logger":"org.hibernate.tool.schema.spi.SchemaManagementToolCoordinator","message":"No schema management actions found"}{"timestamp":"2026-06-08 18:37:01","level":"INFO","logger":"org.springframework.orm.jpa.LocalContainerEntityManagerFactoryBean","message":"Initialized JPA EntityManagerFactory for persistence unit 'default'"}{"timestamp":"2026-06-08 18:37:01","level":"WARN","logger":"org.springframework.boot.jpa.autoconfigure.JpaBaseConfiguration$JpaWebConfiguration","message":"spring.jpa.open-in-view is enabled by default. Therefore, database queries may be performed during view rendering. Explicitly configure spring.jpa.open-in-view to disable this warning"}{"timestamp":"2026-06-08 18:37:02","level":"INFO","logger":"org.springframework.security.config.annotation.authentication.configuration.InitializeAuthenticationProviderBeanManagerConfigurer$InitializeAuthenticationProviderManagerConfigurer","message":"Global AuthenticationManager configured with AuthenticationProvider bean with name jobPortalUsernamePwdAuthenticationProvider"}{"timestamp":"2026-06-08 18:37:02","level":"DEBUG","logger":"org.springframework.security.web.DefaultSecurityFilterChain","message":"Will secure any request with filters: DisableEncodeUrlFilter, WebAsyncManagerIntegrationFilter, SecurityContextHolderFilter, HeaderWriterFilter, CorsFilter, CsrfFilter, LogoutFilter, JwtTokenValidatorFilter, RequestCacheAwareFilter, SecurityContextHolderAwareRequestFilter, AnonymousAuthenticationFilter, ExceptionTranslationFilter, AuthorizationFilter"}{"timestamp":"2026-06-08 18:37:02","level":"INFO","logger":"org.apache.coyote.http11.Http11NioProtocol","message":"Starting ProtocolHandler ["http-nio-8080"]"}{"timestamp":"2026-06-08 18:37:02","level":"INFO","logger":"org.springframework.boot.tomcat.TomcatWebServer","message":"Tomcat started on port 8080 (http) with context path '/'"}{"timestamp":"2026-06-08 18:37:02","level":"INFO","logger":"org.springframework.boot.devtools.autoconfigure.ConditionEvaluationDeltaLoggingListener","message":"Condition evaluation unchanged"}{"timestamp":"2026-06-08 18:37:06","level":"INFO","logger":"org.springframework.boot.devtools.autoconfigure.LocalDevToolsAutoConfiguration$RestartingClassPathChangeChangedEventListener","message":"Restarting due to 1 class path change (0 additions, 0 deletions, 1 modification)"}{"timestamp":"2026-06-08 18:37:06","level":"INFO","logger":"org.springframework.boot.tomcat.GracefulShutdown","message":"Commencing graceful shutdown. Waiting for active requests to complete"}{"timestamp":"2026-06-08 18:37:06","level":"INFO","logger":"org.apache.coyote.http11.Http11NioProtocol","message":"Pausing ProtocolHandler ["http-nio-8080"]"}{"timestamp":"2026-06-08 18:37:06","level":"INFO","logger":"org.springframework.boot.tomcat.GracefulShutdown","message":"Graceful shutdown complete"}{"timestamp":"2026-06-08 18:37:06","level":"INFO","logger":"org.apache.coyote.http11.Http11NioProtocol","message":"Stopping ProtocolHandler ["http-nio-8080"]"}{"timestamp":"2026-06-08 18:37:06","level":"INFO","logger":"org.springframework.orm.jpa.LocalContainerEntityManagerFactoryBean","message":"Closing JPA EntityManagerFactory for persistence unit 'default'"}{"timestamp":"2026-06-08 18:37:06","level":"INFO","logger":"com.zaxxer.hikari.HikariDataSource","message":"HikariPool-2 - Shutdown initiated..."}{"timestamp":"2026-06-08 18:37:06","level":"INFO","logger":"com.zaxxer.hikari.HikariDataSource","message":"HikariPool-2 - Shutdown completed."}{"timestamp":"2026-06-08 18:37:07","level":"INFO","logger":"org.springframework.data.repository.config.RepositoryConfigurationDelegate","message":"Bootstrapping Spring Data JPA repositories in DEFAULT mode."}{"timestamp":"2026-06-08 18:37:07","level":"INFO","logger":"org.springframework.data.repository.config.RepositoryConfigurationDelegate","message":"Finished Spring Data repository scanning in 32 ms. Found 4 JPA repository interfaces."}{"timestamp":"2026-06-08 18:37:07","level":"INFO","logger":"org.springframework.boot.tomcat.TomcatWebServer","message":"Tomcat initialized with port 8080 (http)"}{"timestamp":"2026-06-08 18:37:07","level":"INFO","logger":"org.apache.coyote.http11.Http11NioProtocol","message":"Initializing ProtocolHandler ["http-nio-8080"]"}{"timestamp":"2026-06-08 18:37:07","level":"INFO","logger":"org.apache.catalina.core.StandardService","message":"Starting service [Tomcat]"}{"timestamp":"2026-06-08 18:37:07","level":"INFO","logger":"org.apache.catalina.core.StandardEngine","message":"Starting Servlet engine: [Apache Tomcat/11.0.20]"}{"timestamp":"2026-06-08 18:37:07","level":"INFO","logger":"org.springframework.boot.web.context.servlet.WebApplicationContextInitializer","message":"Root WebApplicationContext: initialization completed in 710 ms"}{"timestamp":"2026-06-08 18:37:07","level":"INFO","logger":"org.hibernate.orm.jpa","message":"HHH008540: Processing PersistenceUnitInfo [name: default]"}{"timestamp":"2026-06-08 18:37:07","level":"INFO","logger":"org.springframework.orm.jpa.persistenceunit.SpringPersistenceUnitInfo","message":"No LoadTimeWeaver setup: ignoring JPA class transformer"}{"timestamp":"2026-06-08 18:37:07","level":"INFO","logger":"com.zaxxer.hikari.HikariDataSource","message":"HikariPool-3 - Starting..."}{"timestamp":"2026-06-08 18:37:07","level":"INFO","logger":"com.zaxxer.hikari.pool.HikariPool","message":"HikariPool-3 - Added connection com.mysql.cj.jdbc.ConnectionImpl@37c55378"}{"timestamp":"2026-06-08 18:37:07","level":"INFO","logger":"com.zaxxer.hikari.HikariDataSource","message":"HikariPool-3 - Start completed."}{"timestamp":"2026-06-08 18:37:07","level":"WARN","logger":"org.hibernate.orm.deprecation","message":"HHH90000025: MySQLDialect does not need to be specified explicitly using 'hibernate.dialect' (remove the property setting and it will be selected by default)"}{"timestamp":"2026-06-08 18:37:07","level":"INFO","logger":"org.hibernate.orm.connections.pooling","message":"HHH10001005: Database info:
	Database JDBC URL [jdbc:mysql://localhost:3306/jobportaldb?useSSL=false&serverTimezone=UTC&allowPublicKeyRetrieval=true]
	Database driver: MySQL Connector/J
	Database dialect: MySQLDialect
	Database version: 8.0.46
	Default catalog/schema: jobportaldb/undefined
	Autocommit mode: undefined/unknown
	Isolation level: REPEATABLE_READ [default REPEATABLE_READ]
	JDBC fetch size: none
	Pool: DataSourceConnectionProvider
	Minimum pool size: undefined/unknown
	Maximum pool size: undefined/unknown"}{"timestamp":"2026-06-08 18:37:07","level":"DEBUG","logger":"org.hibernate.tool.schema.spi.SchemaManagementToolCoordinator","message":"No schema actions specified for contributor 'orm'"}{"timestamp":"2026-06-08 18:37:08","level":"INFO","logger":"org.hibernate.orm.core","message":"HHH000489: No JTA platform available (set 'hibernate.transaction.jta.platform' to enable JTA platform integration)"}{"timestamp":"2026-06-08 18:37:08","level":"DEBUG","logger":"org.hibernate.tool.schema.spi.SchemaManagementToolCoordinator","message":"No schema actions specified for contributor 'orm'"}{"timestamp":"2026-06-08 18:37:08","level":"DEBUG","logger":"org.hibernate.tool.schema.spi.SchemaManagementToolCoordinator","message":"No schema management actions found"}{"timestamp":"2026-06-08 18:37:08","level":"INFO","logger":"org.springframework.orm.jpa.LocalContainerEntityManagerFactoryBean","message":"Initialized JPA EntityManagerFactory for persistence unit 'default'"}{"timestamp":"2026-06-08 18:37:08","level":"WARN","logger":"org.springframework.boot.jpa.autoconfigure.JpaBaseConfiguration$JpaWebConfiguration","message":"spring.jpa.open-in-view is enabled by default. Therefore, database queries may be performed during view rendering. Explicitly configure spring.jpa.open-in-view to disable this warning"}{"timestamp":"2026-06-08 18:37:08","level":"INFO","logger":"org.springframework.security.config.annotation.authentication.configuration.InitializeAuthenticationProviderBeanManagerConfigurer$InitializeAuthenticationProviderManagerConfigurer","message":"Global AuthenticationManager configured with AuthenticationProvider bean with name jobPortalUsernamePwdAuthenticationProvider"}{"timestamp":"2026-06-08 18:37:08","level":"DEBUG","logger":"org.springframework.security.web.DefaultSecurityFilterChain","message":"Will secure any request with filters: DisableEncodeUrlFilter, WebAsyncManagerIntegrationFilter, SecurityContextHolderFilter, HeaderWriterFilter, CorsFilter, CsrfFilter, LogoutFilter, JwtTokenValidatorFilter, RequestCacheAwareFilter, SecurityContextHolderAwareRequestFilter, AnonymousAuthenticationFilter, ExceptionTranslationFilter, AuthorizationFilter"}{"timestamp":"2026-06-08 18:37:08","level":"INFO","logger":"org.apache.coyote.http11.Http11NioProtocol","message":"Starting ProtocolHandler ["http-nio-8080"]"}{"timestamp":"2026-06-08 18:37:08","level":"INFO","logger":"org.springframework.boot.tomcat.TomcatWebServer","message":"Tomcat started on port 8080 (http) with context path '/'"}{"timestamp":"2026-06-08 18:37:08","level":"INFO","logger":"org.springframework.boot.devtools.autoconfigure.ConditionEvaluationDeltaLoggingListener","message":"Condition evaluation unchanged"}{"timestamp":"2026-06-08 18:37:10","level":"INFO","logger":"org.springframework.boot.devtools.autoconfigure.LocalDevToolsAutoConfiguration$RestartingClassPathChangeChangedEventListener","message":"Restarting due to 1 class path change (0 additions, 0 deletions, 1 modification)"}{"timestamp":"2026-06-08 18:37:10","level":"INFO","logger":"org.springframework.boot.tomcat.GracefulShutdown","message":"Commencing graceful shutdown. Waiting for active requests to complete"}{"timestamp":"2026-06-08 18:37:10","level":"INFO","logger":"org.apache.coyote.http11.Http11NioProtocol","message":"Pausing ProtocolHandler ["http-nio-8080"]"}{"timestamp":"2026-06-08 18:37:10","level":"INFO","logger":"org.springframework.boot.tomcat.GracefulShutdown","message":"Graceful shutdown complete"}{"timestamp":"2026-06-08 18:37:10","level":"INFO","logger":"org.apache.coyote.http11.Http11NioProtocol","message":"Stopping ProtocolHandler ["http-nio-8080"]"}{"timestamp":"2026-06-08 18:37:10","level":"INFO","logger":"org.springframework.orm.jpa.LocalContainerEntityManagerFactoryBean","message":"Closing JPA EntityManagerFactory for persistence unit 'default'"}{"timestamp":"2026-06-08 18:37:10","level":"INFO","logger":"com.zaxxer.hikari.HikariDataSource","message":"HikariPool-3 - Shutdown initiated..."}{"timestamp":"2026-06-08 18:37:10","level":"INFO","logger":"com.zaxxer.hikari.HikariDataSource","message":"HikariPool-3 - Shutdown completed."}{"timestamp":"2026-06-08 18:37:10","level":"INFO","logger":"org.springframework.data.repository.config.RepositoryConfigurationDelegate","message":"Bootstrapping Spring Data JPA repositories in DEFAULT mode."}{"timestamp":"2026-06-08 18:37:10","level":"INFO","logger":"org.springframework.data.repository.config.RepositoryConfigurationDelegate","message":"Finished Spring Data repository scanning in 43 ms. Found 4 JPA repository interfaces."}{"timestamp":"2026-06-08 18:37:10","level":"INFO","logger":"org.springframework.boot.tomcat.TomcatWebServer","message":"Tomcat initialized with port 8080 (http)"}{"timestamp":"2026-06-08 18:37:10","level":"INFO","logger":"org.apache.coyote.http11.Http11NioProtocol","message":"Initializing ProtocolHandler ["http-nio-8080"]"}{"timestamp":"2026-06-08 18:37:10","level":"INFO","logger":"org.apache.catalina.core.StandardService","message":"Starting service [Tomcat]"}{"timestamp":"2026-06-08 18:37:10","level":"INFO","logger":"org.apache.catalina.core.StandardEngine","message":"Starting Servlet engine: [Apache Tomcat/11.0.20]"}{"timestamp":"2026-06-08 18:37:10","level":"INFO","logger":"org.springframework.boot.web.context.servlet.WebApplicationContextInitializer","message":"Root WebApplicationContext: initialization completed in 555 ms"}{"timestamp":"2026-06-08 18:37:11","level":"INFO","logger":"org.hibernate.orm.jpa","message":"HHH008540: Processing PersistenceUnitInfo [name: default]"}{"timestamp":"2026-06-08 18:37:11","level":"INFO","logger":"org.springframework.orm.jpa.persistenceunit.SpringPersistenceUnitInfo","message":"No LoadTimeWeaver setup: ignoring JPA class transformer"}{"timestamp":"2026-06-08 18:37:11","level":"INFO","logger":"com.zaxxer.hikari.HikariDataSource","message":"HikariPool-4 - Starting..."}{"timestamp":"2026-06-08 18:37:11","level":"INFO","logger":"com.zaxxer.hikari.pool.HikariPool","message":"HikariPool-4 - Added connection com.mysql.cj.jdbc.ConnectionImpl@5d6173e3"}{"timestamp":"2026-06-08 18:37:11","level":"INFO","logger":"com.zaxxer.hikari.HikariDataSource","message":"HikariPool-4 - Start completed."}{"timestamp":"2026-06-08 18:37:11","level":"WARN","logger":"org.hibernate.orm.deprecation","message":"HHH90000025: MySQLDialect does not need to be specified explicitly using 'hibernate.dialect' (remove the property setting and it will be selected by default)"}{"timestamp":"2026-06-08 18:37:11","level":"INFO","logger":"org.hibernate.orm.connections.pooling","message":"HHH10001005: Database info:
	Database JDBC URL [jdbc:mysql://localhost:3306/jobportaldb?useSSL=false&serverTimezone=UTC&allowPublicKeyRetrieval=true]
	Database driver: MySQL Connector/J
	Database dialect: MySQLDialect
	Database version: 8.0.46
	Default catalog/schema: jobportaldb/undefined
	Autocommit mode: undefined/unknown
	Isolation level: REPEATABLE_READ [default REPEATABLE_READ]
	JDBC fetch size: none
	Pool: DataSourceConnectionProvider
	Minimum pool size: undefined/unknown
	Maximum pool size: undefined/unknown"}{"timestamp":"2026-06-08 18:37:11","level":"DEBUG","logger":"org.hibernate.tool.schema.spi.SchemaManagementToolCoordinator","message":"No schema actions specified for contributor 'orm'"}{"timestamp":"2026-06-08 18:37:11","level":"INFO","logger":"org.hibernate.orm.core","message":"HHH000489: No JTA platform available (set 'hibernate.transaction.jta.platform' to enable JTA platform integration)"}{"timestamp":"2026-06-08 18:37:11","level":"DEBUG","logger":"org.hibernate.tool.schema.spi.SchemaManagementToolCoordinator","message":"No schema actions specified for contributor 'orm'"}{"timestamp":"2026-06-08 18:37:11","level":"DEBUG","logger":"org.hibernate.tool.schema.spi.SchemaManagementToolCoordinator","message":"No schema management actions found"}{"timestamp":"2026-06-08 18:37:11","level":"INFO","logger":"org.springframework.orm.jpa.LocalContainerEntityManagerFactoryBean","message":"Initialized JPA EntityManagerFactory for persistence unit 'default'"}{"timestamp":"2026-06-08 18:37:12","level":"WARN","logger":"org.springframework.boot.jpa.autoconfigure.JpaBaseConfiguration$JpaWebConfiguration","message":"spring.jpa.open-in-view is enabled by default. Therefore, database queries may be performed during view rendering. Explicitly configure spring.jpa.open-in-view to disable this warning"}{"timestamp":"2026-06-08 18:37:12","level":"INFO","logger":"org.springframework.security.config.annotation.authentication.configuration.InitializeAuthenticationProviderBeanManagerConfigurer$InitializeAuthenticationProviderManagerConfigurer","message":"Global AuthenticationManager configured with AuthenticationProvider bean with name jobPortalUsernamePwdAuthenticationProvider"}{"timestamp":"2026-06-08 18:37:12","level":"DEBUG","logger":"org.springframework.security.web.DefaultSecurityFilterChain","message":"Will secure any request with filters: DisableEncodeUrlFilter, WebAsyncManagerIntegrationFilter, SecurityContextHolderFilter, HeaderWriterFilter, CorsFilter, CsrfFilter, LogoutFilter, JwtTokenValidatorFilter, RequestCacheAwareFilter, SecurityContextHolderAwareRequestFilter, AnonymousAuthenticationFilter, ExceptionTranslationFilter, AuthorizationFilter"}{"timestamp":"2026-06-08 18:37:12","level":"INFO","logger":"org.apache.coyote.http11.Http11NioProtocol","message":"Starting ProtocolHandler ["http-nio-8080"]"}{"timestamp":"2026-06-08 18:37:12","level":"INFO","logger":"org.springframework.boot.tomcat.TomcatWebServer","message":"Tomcat started on port 8080 (http) with context path '/'"}{"timestamp":"2026-06-08 18:37:12","level":"INFO","logger":"org.springframework.boot.devtools.autoconfigure.ConditionEvaluationDeltaLoggingListener","message":"Condition evaluation unchanged"}{"timestamp":"2026-06-08 18:37:14","level":"INFO","logger":"org.springframework.boot.devtools.autoconfigure.LocalDevToolsAutoConfiguration$RestartingClassPathChangeChangedEventListener","message":"Restarting due to 1 class path change (0 additions, 0 deletions, 1 modification)"}{"timestamp":"2026-06-08 18:37:14","level":"INFO","logger":"org.springframework.boot.tomcat.GracefulShutdown","message":"Commencing graceful shutdown. Waiting for active requests to complete"}{"timestamp":"2026-06-08 18:37:14","level":"INFO","logger":"org.apache.coyote.http11.Http11NioProtocol","message":"Pausing ProtocolHandler ["http-nio-8080"]"}{"timestamp":"2026-06-08 18:37:14","level":"INFO","logger":"org.springframework.boot.tomcat.GracefulShutdown","message":"Graceful shutdown complete"}{"timestamp":"2026-06-08 18:37:14","level":"INFO","logger":"org.apache.coyote.http11.Http11NioProtocol","message":"Stopping ProtocolHandler ["http-nio-8080"]"}{"timestamp":"2026-06-08 18:37:14","level":"INFO","logger":"org.springframework.orm.jpa.LocalContainerEntityManagerFactoryBean","message":"Closing JPA EntityManagerFactory for persistence unit 'default'"}{"timestamp":"2026-06-08 18:37:14","level":"INFO","logger":"com.zaxxer.hikari.HikariDataSource","message":"HikariPool-4 - Shutdown initiated..."}{"timestamp":"2026-06-08 18:37:14","level":"INFO","logger":"com.zaxxer.hikari.HikariDataSource","message":"HikariPool-4 - Shutdown completed."}{"timestamp":"2026-06-08 18:37:15","level":"INFO","logger":"org.springframework.data.repository.config.RepositoryConfigurationDelegate","message":"Bootstrapping Spring Data JPA repositories in DEFAULT mode."}{"timestamp":"2026-06-08 18:37:15","level":"INFO","logger":"org.springframework.data.repository.config.RepositoryConfigurationDelegate","message":"Finished Spring Data repository scanning in 34 ms. Found 4 JPA repository interfaces."}{"timestamp":"2026-06-08 18:37:15","level":"INFO","logger":"org.springframework.boot.tomcat.TomcatWebServer","message":"Tomcat initialized with port 8080 (http)"}{"timestamp":"2026-06-08 18:37:15","level":"INFO","logger":"org.apache.coyote.http11.Http11NioProtocol","message":"Initializing ProtocolHandler ["http-nio-8080"]"}{"timestamp":"2026-06-08 18:37:15","level":"INFO","logger":"org.apache.catalina.core.StandardService","message":"Starting service [Tomcat]"}{"timestamp":"2026-06-08 18:37:15","level":"INFO","logger":"org.apache.catalina.core.StandardEngine","message":"Starting Servlet engine: [Apache Tomcat/11.0.20]"}{"timestamp":"2026-06-08 18:37:15","level":"INFO","logger":"org.springframework.boot.web.context.servlet.WebApplicationContextInitializer","message":"Root WebApplicationContext: initialization completed in 468 ms"}{"timestamp":"2026-06-08 18:37:15","level":"INFO","logger":"org.hibernate.orm.jpa","message":"HHH008540: Processing PersistenceUnitInfo [name: default]"}{"timestamp":"2026-06-08 18:37:15","level":"INFO","logger":"org.springframework.orm.jpa.persistenceunit.SpringPersistenceUnitInfo","message":"No LoadTimeWeaver setup: ignoring JPA class transformer"}{"timestamp":"2026-06-08 18:37:15","level":"INFO","logger":"com.zaxxer.hikari.HikariDataSource","message":"HikariPool-5 - Starting..."}{"timestamp":"2026-06-08 18:37:15","level":"INFO","logger":"com.zaxxer.hikari.pool.HikariPool","message":"HikariPool-5 - Added connection com.mysql.cj.jdbc.ConnectionImpl@65b936a4"}{"timestamp":"2026-06-08 18:37:15","level":"INFO","logger":"com.zaxxer.hikari.HikariDataSource","message":"HikariPool-5 - Start completed."}{"timestamp":"2026-06-08 18:37:15","level":"WARN","logger":"org.hibernate.orm.deprecation","message":"HHH90000025: MySQLDialect does not need to be specified explicitly using 'hibernate.dialect' (remove the property setting and it will be selected by default)"}{"timestamp":"2026-06-08 18:37:15","level":"INFO","logger":"org.hibernate.orm.connections.pooling","message":"HHH10001005: Database info:
	Database JDBC URL [jdbc:mysql://localhost:3306/jobportaldb?useSSL=false&serverTimezone=UTC&allowPublicKeyRetrieval=true]
	Database driver: MySQL Connector/J
	Database dialect: MySQLDialect
	Database version: 8.0.46
	Default catalog/schema: jobportaldb/undefined
	Autocommit mode: undefined/unknown
	Isolation level: REPEATABLE_READ [default REPEATABLE_READ]
	JDBC fetch size: none
	Pool: DataSourceConnectionProvider
	Minimum pool size: undefined/unknown
	Maximum pool size: undefined/unknown"}{"timestamp":"2026-06-08 18:37:15","level":"DEBUG","logger":"org.hibernate.tool.schema.spi.SchemaManagementToolCoordinator","message":"No schema actions specified for contributor 'orm'"}{"timestamp":"2026-06-08 18:37:15","level":"INFO","logger":"org.hibernate.orm.core","message":"HHH000489: No JTA platform available (set 'hibernate.transaction.jta.platform' to enable JTA platform integration)"}{"timestamp":"2026-06-08 18:37:15","level":"DEBUG","logger":"org.hibernate.tool.schema.spi.SchemaManagementToolCoordinator","message":"No schema actions specified for contributor 'orm'"}{"timestamp":"2026-06-08 18:37:15","level":"DEBUG","logger":"org.hibernate.tool.schema.spi.SchemaManagementToolCoordinator","message":"No schema management actions found"}{"timestamp":"2026-06-08 18:37:15","level":"INFO","logger":"org.springframework.orm.jpa.LocalContainerEntityManagerFactoryBean","message":"Initialized JPA EntityManagerFactory for persistence unit 'default'"}{"timestamp":"2026-06-08 18:37:16","level":"WARN","logger":"org.springframework.boot.jpa.autoconfigure.JpaBaseConfiguration$JpaWebConfiguration","message":"spring.jpa.open-in-view is enabled by default. Therefore, database queries may be performed during view rendering. Explicitly configure spring.jpa.open-in-view to disable this warning"}{"timestamp":"2026-06-08 18:37:16","level":"INFO","logger":"org.springframework.security.config.annotation.authentication.configuration.InitializeAuthenticationProviderBeanManagerConfigurer$InitializeAuthenticationProviderManagerConfigurer","message":"Global AuthenticationManager configured with AuthenticationProvider bean with name jobPortalUsernamePwdAuthenticationProvider"}{"timestamp":"2026-06-08 18:37:16","level":"DEBUG","logger":"org.springframework.security.web.DefaultSecurityFilterChain","message":"Will secure any request with filters: DisableEncodeUrlFilter, WebAsyncManagerIntegrationFilter, SecurityContextHolderFilter, HeaderWriterFilter, CorsFilter, CsrfFilter, LogoutFilter, JwtTokenValidatorFilter, RequestCacheAwareFilter, SecurityContextHolderAwareRequestFilter, AnonymousAuthenticationFilter, ExceptionTranslationFilter, AuthorizationFilter"}{"timestamp":"2026-06-08 18:37:16","level":"INFO","logger":"org.apache.coyote.http11.Http11NioProtocol","message":"Starting ProtocolHandler ["http-nio-8080"]"}{"timestamp":"2026-06-08 18:37:16","level":"INFO","logger":"org.springframework.boot.tomcat.TomcatWebServer","message":"Tomcat started on port 8080 (http) with context path '/'"}{"timestamp":"2026-06-08 18:37:16","level":"INFO","logger":"org.springframework.boot.devtools.autoconfigure.ConditionEvaluationDeltaLoggingListener","message":"Condition evaluation unchanged"}{"timestamp":"2026-06-08 18:37:22","level":"INFO","logger":"org.springframework.boot.devtools.autoconfigure.LocalDevToolsAutoConfiguration$RestartingClassPathChangeChangedEventListener","message":"Restarting due to 1 class path change (0 additions, 0 deletions, 1 modification)"}{"timestamp":"2026-06-08 18:37:22","level":"INFO","logger":"org.springframework.boot.tomcat.GracefulShutdown","message":"Commencing graceful shutdown. Waiting for active requests to complete"}{"timestamp":"2026-06-08 18:37:22","level":"INFO","logger":"org.apache.coyote.http11.Http11NioProtocol","message":"Pausing ProtocolHandler ["http-nio-8080"]"}{"timestamp":"2026-06-08 18:37:22","level":"INFO","logger":"org.springframework.boot.tomcat.GracefulShutdown","message":"Graceful shutdown complete"}{"timestamp":"2026-06-08 18:37:22","level":"INFO","logger":"org.apache.coyote.http11.Http11NioProtocol","message":"Stopping ProtocolHandler ["http-nio-8080"]"}{"timestamp":"2026-06-08 18:37:22","level":"INFO","logger":"org.springframework.orm.jpa.LocalContainerEntityManagerFactoryBean","message":"Closing JPA EntityManagerFactory for persistence unit 'default'"}{"timestamp":"2026-06-08 18:37:22","level":"INFO","logger":"com.zaxxer.hikari.HikariDataSource","message":"HikariPool-5 - Shutdown initiated..."}{"timestamp":"2026-06-08 18:37:22","level":"INFO","logger":"com.zaxxer.hikari.HikariDataSource","message":"HikariPool-5 - Shutdown completed."}{"timestamp":"2026-06-08 18:37:23","level":"INFO","logger":"org.springframework.data.repository.config.RepositoryConfigurationDelegate","message":"Bootstrapping Spring Data JPA repositories in DEFAULT mode."}{"timestamp":"2026-06-08 18:37:23","level":"INFO","logger":"org.springframework.data.repository.config.RepositoryConfigurationDelegate","message":"Finished Spring Data repository scanning in 27 ms. Found 4 JPA repository interfaces."}{"timestamp":"2026-06-08 18:37:23","level":"INFO","logger":"org.springframework.boot.tomcat.TomcatWebServer","message":"Tomcat initialized with port 8080 (http)"}{"timestamp":"2026-06-08 18:37:23","level":"INFO","logger":"org.apache.coyote.http11.Http11NioProtocol","message":"Initializing ProtocolHandler ["http-nio-8080"]"}{"timestamp":"2026-06-08 18:37:23","level":"INFO","logger":"org.apache.catalina.core.StandardService","message":"Starting service [Tomcat]"}{"timestamp":"2026-06-08 18:37:23","level":"INFO","logger":"org.apache.catalina.core.StandardEngine","message":"Starting Servlet engine: [Apache Tomcat/11.0.20]"}{"timestamp":"2026-06-08 18:37:23","level":"INFO","logger":"org.springframework.boot.web.context.servlet.WebApplicationContextInitializer","message":"Root WebApplicationContext: initialization completed in 609 ms"}{"timestamp":"2026-06-08 18:37:23","level":"INFO","logger":"org.hibernate.orm.jpa","message":"HHH008540: Processing PersistenceUnitInfo [name: default]"}{"timestamp":"2026-06-08 18:37:23","level":"INFO","logger":"org.springframework.orm.jpa.persistenceunit.SpringPersistenceUnitInfo","message":"No LoadTimeWeaver setup: ignoring JPA class transformer"}{"timestamp":"2026-06-08 18:37:23","level":"INFO","logger":"com.zaxxer.hikari.HikariDataSource","message":"HikariPool-6 - Starting..."}{"timestamp":"2026-06-08 18:37:23","level":"INFO","logger":"com.zaxxer.hikari.pool.HikariPool","message":"HikariPool-6 - Added connection com.mysql.cj.jdbc.ConnectionImpl@5f86a057"}{"timestamp":"2026-06-08 18:37:23","level":"INFO","logger":"com.zaxxer.hikari.HikariDataSource","message":"HikariPool-6 - Start completed."}{"timestamp":"2026-06-08 18:37:23","level":"WARN","logger":"org.hibernate.orm.deprecation","message":"HHH90000025: MySQLDialect does not need to be specified explicitly using 'hibernate.dialect' (remove the property setting and it will be selected by default)"}{"timestamp":"2026-06-08 18:37:23","level":"INFO","logger":"org.hibernate.orm.connections.pooling","message":"HHH10001005: Database info:
	Database JDBC URL [jdbc:mysql://localhost:3306/jobportaldb?useSSL=false&serverTimezone=UTC&allowPublicKeyRetrieval=true]
	Database driver: MySQL Connector/J
	Database dialect: MySQLDialect
	Database version: 8.0.46
	Default catalog/schema: jobportaldb/undefined
	Autocommit mode: undefined/unknown
	Isolation level: REPEATABLE_READ [default REPEATABLE_READ]
	JDBC fetch size: none
	Pool: DataSourceConnectionProvider
	Minimum pool size: undefined/unknown
	Maximum pool size: undefined/unknown"}{"timestamp":"2026-06-08 18:37:23","level":"DEBUG","logger":"org.hibernate.tool.schema.spi.SchemaManagementToolCoordinator","message":"No schema actions specified for contributor 'orm'"}{"timestamp":"2026-06-08 18:37:23","level":"INFO","logger":"org.hibernate.orm.core","message":"HHH000489: No JTA platform available (set 'hibernate.transaction.jta.platform' to enable JTA platform integration)"}{"timestamp":"2026-06-08 18:37:23","level":"DEBUG","logger":"org.hibernate.tool.schema.spi.SchemaManagementToolCoordinator","message":"No schema actions specified for contributor 'orm'"}{"timestamp":"2026-06-08 18:37:23","level":"DEBUG","logger":"org.hibernate.tool.schema.spi.SchemaManagementToolCoordinator","message":"No schema management actions found"}{"timestamp":"2026-06-08 18:37:23","level":"INFO","logger":"org.springframework.orm.jpa.LocalContainerEntityManagerFactoryBean","message":"Initialized JPA EntityManagerFactory for persistence unit 'default'"}{"timestamp":"2026-06-08 18:37:24","level":"WARN","logger":"org.springframework.boot.jpa.autoconfigure.JpaBaseConfiguration$JpaWebConfiguration","message":"spring.jpa.open-in-view is enabled by default. Therefore, database queries may be performed during view rendering. Explicitly configure spring.jpa.open-in-view to disable this warning"}{"timestamp":"2026-06-08 18:37:24","level":"INFO","logger":"org.springframework.security.config.annotation.authentication.configuration.InitializeAuthenticationProviderBeanManagerConfigurer$InitializeAuthenticationProviderManagerConfigurer","message":"Global AuthenticationManager configured with AuthenticationProvider bean with name jobPortalUsernamePwdAuthenticationProvider"}{"timestamp":"2026-06-08 18:37:24","level":"DEBUG","logger":"org.springframework.security.web.DefaultSecurityFilterChain","message":"Will secure any request with filters: DisableEncodeUrlFilter, WebAsyncManagerIntegrationFilter, SecurityContextHolderFilter, HeaderWriterFilter, CorsFilter, CsrfFilter, LogoutFilter, JwtTokenValidatorFilter, RequestCacheAwareFilter, SecurityContextHolderAwareRequestFilter, AnonymousAuthenticationFilter, ExceptionTranslationFilter, AuthorizationFilter"}{"timestamp":"2026-06-08 18:37:24","level":"INFO","logger":"org.apache.coyote.http11.Http11NioProtocol","message":"Starting ProtocolHandler ["http-nio-8080"]"}{"timestamp":"2026-06-08 18:37:24","level":"INFO","logger":"org.springframework.boot.tomcat.TomcatWebServer","message":"Tomcat started on port 8080 (http) with context path '/'"}{"timestamp":"2026-06-08 18:37:24","level":"INFO","logger":"org.springframework.boot.devtools.autoconfigure.ConditionEvaluationDeltaLoggingListener","message":"Condition evaluation unchanged"}{"timestamp":"2026-06-08 18:37:26","level":"INFO","logger":"org.springframework.boot.devtools.autoconfigure.LocalDevToolsAutoConfiguration$RestartingClassPathChangeChangedEventListener","message":"Restarting due to 1 class path change (0 additions, 0 deletions, 1 modification)"}{"timestamp":"2026-06-08 18:37:26","level":"INFO","logger":"org.springframework.boot.tomcat.GracefulShutdown","message":"Commencing graceful shutdown. Waiting for active requests to complete"}{"timestamp":"2026-06-08 18:37:26","level":"INFO","logger":"org.apache.coyote.http11.Http11NioProtocol","message":"Pausing ProtocolHandler ["http-nio-8080"]"}{"timestamp":"2026-06-08 18:37:26","level":"INFO","logger":"org.springframework.boot.tomcat.GracefulShutdown","message":"Graceful shutdown complete"}{"timestamp":"2026-06-08 18:37:26","level":"INFO","logger":"org.apache.coyote.http11.Http11NioProtocol","message":"Stopping ProtocolHandler ["http-nio-8080"]"}{"timestamp":"2026-06-08 18:37:26","level":"INFO","logger":"org.springframework.orm.jpa.LocalContainerEntityManagerFactoryBean","message":"Closing JPA EntityManagerFactory for persistence unit 'default'"}{"timestamp":"2026-06-08 18:37:26","level":"INFO","logger":"com.zaxxer.hikari.HikariDataSource","message":"HikariPool-6 - Shutdown initiated..."}{"timestamp":"2026-06-08 18:37:26","level":"INFO","logger":"com.zaxxer.hikari.HikariDataSource","message":"HikariPool-6 - Shutdown completed."}{"timestamp":"2026-06-08 18:37:26","level":"INFO","logger":"org.springframework.data.repository.config.RepositoryConfigurationDelegate","message":"Bootstrapping Spring Data JPA repositories in DEFAULT mode."}{"timestamp":"2026-06-08 18:37:26","level":"INFO","logger":"org.springframework.data.repository.config.RepositoryConfigurationDelegate","message":"Finished Spring Data repository scanning in 39 ms. Found 4 JPA repository interfaces."}{"timestamp":"2026-06-08 18:37:26","level":"INFO","logger":"org.springframework.boot.tomcat.TomcatWebServer","message":"Tomcat initialized with port 8080 (http)"}{"timestamp":"2026-06-08 18:37:26","level":"INFO","logger":"org.apache.coyote.http11.Http11NioProtocol","message":"Initializing ProtocolHandler ["http-nio-8080"]"}{"timestamp":"2026-06-08 18:37:26","level":"INFO","logger":"org.apache.catalina.core.StandardService","message":"Starting service [Tomcat]"}{"timestamp":"2026-06-08 18:37:26","level":"INFO","logger":"org.apache.catalina.core.StandardEngine","message":"Starting Servlet engine: [Apache Tomcat/11.0.20]"}{"timestamp":"2026-06-08 18:37:26","level":"INFO","logger":"org.springframework.boot.web.context.servlet.WebApplicationContextInitializer","message":"Root WebApplicationContext: initialization completed in 512 ms"}{"timestamp":"2026-06-08 18:37:26","level":"INFO","logger":"org.hibernate.orm.jpa","message":"HHH008540: Processing PersistenceUnitInfo [name: default]"}{"timestamp":"2026-06-08 18:37:26","level":"INFO","logger":"org.springframework.orm.jpa.persistenceunit.SpringPersistenceUnitInfo","message":"No LoadTimeWeaver setup: ignoring JPA class transformer"}{"timestamp":"2026-06-08 18:37:26","level":"INFO","logger":"com.zaxxer.hikari.HikariDataSource","message":"HikariPool-7 - Starting..."}{"timestamp":"2026-06-08 18:37:26","level":"INFO","logger":"com.zaxxer.hikari.pool.HikariPool","message":"HikariPool-7 - Added connection com.mysql.cj.jdbc.ConnectionImpl@4b95cbf8"}{"timestamp":"2026-06-08 18:37:26","level":"INFO","logger":"com.zaxxer.hikari.HikariDataSource","message":"HikariPool-7 - Start completed."}{"timestamp":"2026-06-08 18:37:26","level":"WARN","logger":"org.hibernate.orm.deprecation","message":"HHH90000025: MySQLDialect does not need to be specified explicitly using 'hibernate.dialect' (remove the property setting and it will be selected by default)"}{"timestamp":"2026-06-08 18:37:26","level":"INFO","logger":"org.hibernate.orm.connections.pooling","message":"HHH10001005: Database info:
	Database JDBC URL [jdbc:mysql://localhost:3306/jobportaldb?useSSL=false&serverTimezone=UTC&allowPublicKeyRetrieval=true]
	Database driver: MySQL Connector/J
	Database dialect: MySQLDialect
	Database version: 8.0.46
	Default catalog/schema: jobportaldb/undefined
	Autocommit mode: undefined/unknown
	Isolation level: REPEATABLE_READ [default REPEATABLE_READ]
	JDBC fetch size: none
	Pool: DataSourceConnectionProvider
	Minimum pool size: undefined/unknown
	Maximum pool size: undefined/unknown"}{"timestamp":"2026-06-08 18:37:26","level":"DEBUG","logger":"org.hibernate.tool.schema.spi.SchemaManagementToolCoordinator","message":"No schema actions specified for contributor 'orm'"}{"timestamp":"2026-06-08 18:37:26","level":"INFO","logger":"org.hibernate.orm.core","message":"HHH000489: No JTA platform available (set 'hibernate.transaction.jta.platform' to enable JTA platform integration)"}{"timestamp":"2026-06-08 18:37:26","level":"DEBUG","logger":"org.hibernate.tool.schema.spi.SchemaManagementToolCoordinator","message":"No schema actions specified for contributor 'orm'"}{"timestamp":"2026-06-08 18:37:26","level":"DEBUG","logger":"org.hibernate.tool.schema.spi.SchemaManagementToolCoordinator","message":"No schema management actions found"}{"timestamp":"2026-06-08 18:37:26","level":"INFO","logger":"org.springframework.orm.jpa.LocalContainerEntityManagerFactoryBean","message":"Initialized JPA EntityManagerFactory for persistence unit 'default'"}{"timestamp":"2026-06-08 18:37:27","level":"WARN","logger":"org.springframework.boot.jpa.autoconfigure.JpaBaseConfiguration$JpaWebConfiguration","message":"spring.jpa.open-in-view is enabled by default. Therefore, database queries may be performed during view rendering. Explicitly configure spring.jpa.open-in-view to disable this warning"}{"timestamp":"2026-06-08 18:37:27","level":"INFO","logger":"org.springframework.security.config.annotation.authentication.configuration.InitializeAuthenticationProviderBeanManagerConfigurer$InitializeAuthenticationProviderManagerConfigurer","message":"Global AuthenticationManager configured with AuthenticationProvider bean with name jobPortalUsernamePwdAuthenticationProvider"}{"timestamp":"2026-06-08 18:37:27","level":"DEBUG","logger":"org.springframework.security.web.DefaultSecurityFilterChain","message":"Will secure any request with filters: DisableEncodeUrlFilter, WebAsyncManagerIntegrationFilter, SecurityContextHolderFilter, HeaderWriterFilter, CorsFilter, CsrfFilter, LogoutFilter, JwtTokenValidatorFilter, RequestCacheAwareFilter, SecurityContextHolderAwareRequestFilter, AnonymousAuthenticationFilter, ExceptionTranslationFilter, AuthorizationFilter"}{"timestamp":"2026-06-08 18:37:27","level":"INFO","logger":"org.apache.coyote.http11.Http11NioProtocol","message":"Starting ProtocolHandler ["http-nio-8080"]"}{"timestamp":"2026-06-08 18:37:27","level":"INFO","logger":"org.springframework.boot.tomcat.TomcatWebServer","message":"Tomcat started on port 8080 (http) with context path '/'"}{"timestamp":"2026-06-08 18:58:14","level":"INFO","logger":"org.hibernate.validator.internal.util.Version","message":"HV000001: Hibernate Validator 9.0.1.Final"}{"timestamp":"2026-06-08 18:58:14","level":"INFO","logger":"org.springframework.boot.devtools.env.DevToolsPropertyDefaultsPostProcessor","message":"Devtools property defaults active! Set 'spring.devtools.add-properties' to 'false' to disable"}{"timestamp":"2026-06-08 18:58:14","level":"INFO","logger":"org.springframework.boot.devtools.env.DevToolsPropertyDefaultsPostProcessor","message":"For additional web related logging consider setting the 'logging.level.web' property to 'DEBUG'"}{"timestamp":"2026-06-08 18:58:16","level":"INFO","logger":"org.springframework.data.repository.config.RepositoryConfigurationDelegate","message":"Bootstrapping Spring Data JPA repositories in DEFAULT mode."}{"timestamp":"2026-06-08 18:58:16","level":"INFO","logger":"org.springframework.data.repository.config.RepositoryConfigurationDelegate","message":"Finished Spring Data repository scanning in 76 ms. Found 4 JPA repository interfaces."}{"timestamp":"2026-06-08 18:58:17","level":"INFO","logger":"org.springframework.boot.tomcat.TomcatWebServer","message":"Tomcat initialized with port 8080 (http)"}{"timestamp":"2026-06-08 18:58:17","level":"INFO","logger":"org.apache.coyote.http11.Http11NioProtocol","message":"Initializing ProtocolHandler ["http-nio-8080"]"}{"timestamp":"2026-06-08 18:58:17","level":"INFO","logger":"org.apache.catalina.core.StandardService","message":"Starting service [Tomcat]"}{"timestamp":"2026-06-08 18:58:17","level":"INFO","logger":"org.apache.catalina.core.StandardEngine","message":"Starting Servlet engine: [Apache Tomcat/11.0.20]"}{"timestamp":"2026-06-08 18:58:17","level":"INFO","logger":"org.springframework.boot.web.context.servlet.WebApplicationContextInitializer","message":"Root WebApplicationContext: initialization completed in 2491 ms"}{"timestamp":"2026-06-08 18:58:17","level":"INFO","logger":"org.hibernate.orm.jpa","message":"HHH008540: Processing PersistenceUnitInfo [name: default]"}{"timestamp":"2026-06-08 18:58:17","level":"INFO","logger":"org.hibernate.orm.core","message":"HHH000001: Hibernate ORM core version 7.2.7.Final"}{"timestamp":"2026-06-08 18:58:18","level":"INFO","logger":"org.springframework.orm.jpa.persistenceunit.SpringPersistenceUnitInfo","message":"No LoadTimeWeaver setup: ignoring JPA class transformer"}{"timestamp":"2026-06-08 18:58:18","level":"INFO","logger":"com.zaxxer.hikari.HikariDataSource","message":"HikariPool-1 - Starting..."}{"timestamp":"2026-06-08 18:58:18","level":"INFO","logger":"com.zaxxer.hikari.pool.HikariPool","message":"HikariPool-1 - Added connection com.mysql.cj.jdbc.ConnectionImpl@7f07c65e"}{"timestamp":"2026-06-08 18:58:18","level":"INFO","logger":"com.zaxxer.hikari.HikariDataSource","message":"HikariPool-1 - Start completed."}{"timestamp":"2026-06-08 18:58:18","level":"WARN","logger":"org.hibernate.orm.deprecation","message":"HHH90000025: MySQLDialect does not need to be specified explicitly using 'hibernate.dialect' (remove the property setting and it will be selected by default)"}{"timestamp":"2026-06-08 18:58:18","level":"INFO","logger":"org.hibernate.orm.connections.pooling","message":"HHH10001005: Database info:
	Database JDBC URL [jdbc:mysql://localhost:3306/jobportaldb?useSSL=false&serverTimezone=UTC&allowPublicKeyRetrieval=true]
	Database driver: MySQL Connector/J
	Database dialect: MySQLDialect
	Database version: 8.0.46
	Default catalog/schema: jobportaldb/undefined
	Autocommit mode: undefined/unknown
	Isolation level: REPEATABLE_READ [default REPEATABLE_READ]
	JDBC fetch size: none
	Pool: DataSourceConnectionProvider
	Minimum pool size: undefined/unknown
	Maximum pool size: undefined/unknown"}{"timestamp":"2026-06-08 18:58:18","level":"DEBUG","logger":"org.hibernate.tool.schema.spi.SchemaManagementToolCoordinator","message":"No schema actions specified for contributor 'orm'"}{"timestamp":"2026-06-08 18:58:19","level":"INFO","logger":"org.hibernate.orm.core","message":"HHH000489: No JTA platform available (set 'hibernate.transaction.jta.platform' to enable JTA platform integration)"}{"timestamp":"2026-06-08 18:58:19","level":"DEBUG","logger":"org.hibernate.tool.schema.spi.SchemaManagementToolCoordinator","message":"No schema actions specified for contributor 'orm'"}{"timestamp":"2026-06-08 18:58:19","level":"DEBUG","logger":"org.hibernate.tool.schema.spi.SchemaManagementToolCoordinator","message":"No schema management actions found"}{"timestamp":"2026-06-08 18:58:19","level":"INFO","logger":"org.springframework.orm.jpa.LocalContainerEntityManagerFactoryBean","message":"Initialized JPA EntityManagerFactory for persistence unit 'default'"}{"timestamp":"2026-06-08 18:58:20","level":"INFO","logger":"org.springframework.data.jpa.repository.query.QueryEnhancerFactories","message":"Hibernate is in classpath; If applicable, HQL parser will be used."}{"timestamp":"2026-06-08 18:58:21","level":"WARN","logger":"org.springframework.boot.jpa.autoconfigure.JpaBaseConfiguration$JpaWebConfiguration","message":"spring.jpa.open-in-view is enabled by default. Therefore, database queries may be performed during view rendering. Explicitly configure spring.jpa.open-in-view to disable this warning"}{"timestamp":"2026-06-08 18:58:21","level":"INFO","logger":"org.springframework.security.config.annotation.authentication.configuration.InitializeAuthenticationProviderBeanManagerConfigurer$InitializeAuthenticationProviderManagerConfigurer","message":"Global AuthenticationManager configured with AuthenticationProvider bean with name jobPortalUsernamePwdAuthenticationProvider"}{"timestamp":"2026-06-08 18:58:21","level":"DEBUG","logger":"org.springframework.security.web.DefaultSecurityFilterChain","message":"Will secure any request with filters: DisableEncodeUrlFilter, WebAsyncManagerIntegrationFilter, SecurityContextHolderFilter, HeaderWriterFilter, CorsFilter, CsrfFilter, LogoutFilter, JwtTokenValidatorFilter, RequestCacheAwareFilter, SecurityContextHolderAwareRequestFilter, AnonymousAuthenticationFilter, ExceptionTranslationFilter, AuthorizationFilter"}{"timestamp":"2026-06-08 18:58:22","level":"INFO","logger":"org.apache.coyote.http11.Http11NioProtocol","message":"Starting ProtocolHandler ["http-nio-8080"]"}{"timestamp":"2026-06-08 18:58:22","level":"INFO","logger":"org.springframework.boot.tomcat.TomcatWebServer","message":"Tomcat started on port 8080 (http) with context path '/'"}{"timestamp":"2026-06-08 18:58:29","level":"INFO","logger":"org.apache.catalina.core.ContainerBase.[Tomcat].[localhost].[/]","message":"Initializing Spring DispatcherServlet 'dispatcherServlet'"}{"timestamp":"2026-06-08 18:58:29","level":"INFO","logger":"org.springframework.web.servlet.DispatcherServlet","message":"Initializing Servlet 'dispatcherServlet'"}{"timestamp":"2026-06-08 18:58:29","level":"INFO","logger":"org.springframework.web.servlet.DispatcherServlet","message":"Completed initialization in 4 ms"}{"timestamp":"2026-06-08 18:58:29","level":"DEBUG","logger":"org.springframework.security.web.FilterChainProxy","message":"Securing PATCH /api/contacts/5/status/admin"}{"timestamp":"2026-06-08 18:58:29","level":"DEBUG","logger":"org.springframework.security.web.FilterChainProxy","message":"Secured PATCH /api/contacts/5/status/admin"}{"timestamp":"2026-06-08 18:58:29","level":"DEBUG","logger":"org.hibernate.SQL","message":"
    select
        c1_0.id,
        c1_0.created_at,
        c1_0.created_by,
        c1_0.email,
        c1_0.message,
        c1_0.name,
        c1_0.status,
        c1_0.subject,
        c1_0.updated_at,
        c1_0.updated_by,
        c1_0.user_type 
    from
        contacts c1_0 
    where
        c1_0.id=?"}{"timestamp":"2026-06-08 18:58:40","level":"DEBUG","logger":"org.springframework.security.web.FilterChainProxy","message":"Securing PATCH /api/contacts/1/status/admin"}{"timestamp":"2026-06-08 18:58:40","level":"DEBUG","logger":"org.springframework.security.web.FilterChainProxy","message":"Secured PATCH /api/contacts/1/status/admin"}{"timestamp":"2026-06-08 18:58:40","level":"DEBUG","logger":"org.hibernate.SQL","message":"
    select
        c1_0.id,
        c1_0.created_at,
        c1_0.created_by,
        c1_0.email,
        c1_0.message,
        c1_0.name,
        c1_0.status,
        c1_0.subject,
        c1_0.updated_at,
        c1_0.updated_by,
        c1_0.user_type 
    from
        contacts c1_0 
    where
        c1_0.id=?"}{"timestamp":"2026-06-08 18:58:40","level":"DEBUG","logger":"org.hibernate.SQL","message":"
    update
        contacts 
    set
        email=?,
        message=?,
        name=?,
        status=?,
        subject=?,
        updated_at=?,
        updated_by=?,
        user_type=? 
    where
        id=?"}{"timestamp":"2026-06-08 18:59:22","level":"DEBUG","logger":"org.springframework.security.web.FilterChainProxy","message":"Securing GET /api/companies/public"}{"timestamp":"2026-06-08 18:59:22","level":"DEBUG","logger":"org.springframework.security.web.FilterChainProxy","message":"Secured GET /api/companies/public"}{"timestamp":"2026-06-08 18:59:22","level":"DEBUG","logger":"org.hibernate.SQL","message":"
    select
        distinct c1_0.id,
        c1_0.created_at,
        c1_0.created_by,
        c1_0.description,
        c1_0.employees,
        c1_0.founded,
        c1_0.industry,
        j1_0.company_id,
        j1_0.id,
        j1_0.application_deadline,
        j1_0.applications_count,
        j1_0.benefits,
        j1_0.category,
        j1_0.created_at,
        j1_0.created_by,
        j1_0.description,
        j1_0.experience_level,
        j1_0.featured,
        j1_0.job_type,
        j1_0.location,
        j1_0.posted_date,
        j1_0.remote,
        j1_0.requirements,
        j1_0.salary_currency,
        j1_0.salary_max,
        j1_0.salary_min,
        j1_0.salary_period,
        j1_0.status,
        j1_0.title,
        j1_0.updated_at,
        j1_0.updated_by,
        j1_0.urgent,
        j1_0.work_type,
        c1_0.locations,
        c1_0.logo,
        c1_0.name,
        c1_0.rating,
        c1_0.size,
        c1_0.updated_at,
        c1_0.updated_by,
        c1_0.website 
    from
        companies c1_0 
    join
        jobs j1_0 
            on c1_0.id=j1_0.company_id 
    where
        j1_0.status=?"}{"timestamp":"2026-06-08 18:59:22","level":"DEBUG","logger":"org.springframework.security.web.FilterChainProxy","message":"Securing GET /api/companies/public"}{"timestamp":"2026-06-08 18:59:22","level":"DEBUG","logger":"org.springframework.security.web.FilterChainProxy","message":"Secured GET /api/companies/public"}{"timestamp":"2026-06-08 18:59:22","level":"DEBUG","logger":"org.hibernate.SQL","message":"
    select
        distinct c1_0.id,
        c1_0.created_at,
        c1_0.created_by,
        c1_0.description,
        c1_0.employees,
        c1_0.founded,
        c1_0.industry,
        j1_0.company_id,
        j1_0.id,
        j1_0.application_deadline,
        j1_0.applications_count,
        j1_0.benefits,
        j1_0.category,
        j1_0.created_at,
        j1_0.created_by,
        j1_0.description,
        j1_0.experience_level,
        j1_0.featured,
        j1_0.job_type,
        j1_0.location,
        j1_0.posted_date,
        j1_0.remote,
        j1_0.requirements,
        j1_0.salary_currency,
        j1_0.salary_max,
        j1_0.salary_min,
        j1_0.salary_period,
        j1_0.status,
        j1_0.title,
        j1_0.updated_at,
        j1_0.updated_by,
        j1_0.urgent,
        j1_0.work_type,
        c1_0.locations,
        c1_0.logo,
        c1_0.name,
        c1_0.rating,
        c1_0.size,
        c1_0.updated_at,
        c1_0.updated_by,
        c1_0.website 
    from
        companies c1_0 
    join
        jobs j1_0 
            on c1_0.id=j1_0.company_id 
    where
        j1_0.status=?"}{"timestamp":"2026-06-08 18:59:22","level":"DEBUG","logger":"org.springframework.security.web.authentication.AnonymousAuthenticationFilter","message":"Set SecurityContextHolder to anonymous SecurityContext"}{"timestamp":"2026-06-08 18:59:22","level":"DEBUG","logger":"org.springframework.security.web.authentication.AnonymousAuthenticationFilter","message":"Set SecurityContextHolder to anonymous SecurityContext"}{"timestamp":"2026-06-08 18:59:24","level":"DEBUG","logger":"org.springframework.security.web.FilterChainProxy","message":"Securing GET /api/companies/public"}{"timestamp":"2026-06-08 18:59:24","level":"DEBUG","logger":"org.springframework.security.web.FilterChainProxy","message":"Secured GET /api/companies/public"}{"timestamp":"2026-06-08 18:59:24","level":"DEBUG","logger":"org.hibernate.SQL","message":"
    select
        distinct c1_0.id,
        c1_0.created_at,
        c1_0.created_by,
        c1_0.description,
        c1_0.employees,
        c1_0.founded,
        c1_0.industry,
        j1_0.company_id,
        j1_0.id,
        j1_0.application_deadline,
        j1_0.applications_count,
        j1_0.benefits,
        j1_0.category,
        j1_0.created_at,
        j1_0.created_by,
        j1_0.description,
        j1_0.experience_level,
        j1_0.featured,
        j1_0.job_type,
        j1_0.location,
        j1_0.posted_date,
        j1_0.remote,
        j1_0.requirements,
        j1_0.salary_currency,
        j1_0.salary_max,
        j1_0.salary_min,
        j1_0.salary_period,
        j1_0.status,
        j1_0.title,
        j1_0.updated_at,
        j1_0.updated_by,
        j1_0.urgent,
        j1_0.work_type,
        c1_0.locations,
        c1_0.logo,
        c1_0.name,
        c1_0.rating,
        c1_0.size,
        c1_0.updated_at,
        c1_0.updated_by,
        c1_0.website 
    from
        companies c1_0 
    join
        jobs j1_0 
            on c1_0.id=j1_0.company_id 
    where
        j1_0.status=?"}{"timestamp":"2026-06-08 18:59:24","level":"DEBUG","logger":"org.springframework.security.web.FilterChainProxy","message":"Securing GET /api/companies/public"}{"timestamp":"2026-06-08 18:59:24","level":"DEBUG","logger":"org.springframework.security.web.FilterChainProxy","message":"Secured GET /api/companies/public"}{"timestamp":"2026-06-08 18:59:24","level":"DEBUG","logger":"org.hibernate.SQL","message":"
    select
        distinct c1_0.id,
        c1_0.created_at,
        c1_0.created_by,
        c1_0.description,
        c1_0.employees,
        c1_0.founded,
        c1_0.industry,
        j1_0.company_id,
        j1_0.id,
        j1_0.application_deadline,
        j1_0.applications_count,
        j1_0.benefits,
        j1_0.category,
        j1_0.created_at,
        j1_0.created_by,
        j1_0.description,
        j1_0.experience_level,
        j1_0.featured,
        j1_0.job_type,
        j1_0.location,
        j1_0.posted_date,
        j1_0.remote,
        j1_0.requirements,
        j1_0.salary_currency,
        j1_0.salary_max,
        j1_0.salary_min,
        j1_0.salary_period,
        j1_0.status,
        j1_0.title,
        j1_0.updated_at,
        j1_0.updated_by,
        j1_0.urgent,
        j1_0.work_type,
        c1_0.locations,
        c1_0.logo,
        c1_0.name,
        c1_0.rating,
        c1_0.size,
        c1_0.updated_at,
        c1_0.updated_by,
        c1_0.website 
    from
        companies c1_0 
    join
        jobs j1_0 
            on c1_0.id=j1_0.company_id 
    where
        j1_0.status=?"}{"timestamp":"2026-06-08 18:59:24","level":"DEBUG","logger":"org.springframework.security.web.authentication.AnonymousAuthenticationFilter","message":"Set SecurityContextHolder to anonymous SecurityContext"}{"timestamp":"2026-06-08 18:59:24","level":"DEBUG","logger":"org.springframework.security.web.authentication.AnonymousAuthenticationFilter","message":"Set SecurityContextHolder to anonymous SecurityContext"}{"timestamp":"2026-06-08 18:59:24","level":"DEBUG","logger":"org.springframework.security.web.FilterChainProxy","message":"Securing GET /api/companies/public"}{"timestamp":"2026-06-08 18:59:24","level":"DEBUG","logger":"org.springframework.security.web.FilterChainProxy","message":"Secured GET /api/companies/public"}{"timestamp":"2026-06-08 18:59:24","level":"DEBUG","logger":"org.hibernate.SQL","message":"
    select
        distinct c1_0.id,
        c1_0.created_at,
        c1_0.created_by,
        c1_0.description,
        c1_0.employees,
        c1_0.founded,
        c1_0.industry,
        j1_0.company_id,
        j1_0.id,
        j1_0.application_deadline,
        j1_0.applications_count,
        j1_0.benefits,
        j1_0.category,
        j1_0.created_at,
        j1_0.created_by,
        j1_0.description,
        j1_0.experience_level,
        j1_0.featured,
        j1_0.job_type,
        j1_0.location,
        j1_0.posted_date,
        j1_0.remote,
        j1_0.requirements,
        j1_0.salary_currency,
        j1_0.salary_max,
        j1_0.salary_min,
        j1_0.salary_period,
        j1_0.status,
        j1_0.title,
        j1_0.updated_at,
        j1_0.updated_by,
        j1_0.urgent,
        j1_0.work_type,
        c1_0.locations,
        c1_0.logo,
        c1_0.name,
        c1_0.rating,
        c1_0.size,
        c1_0.updated_at,
        c1_0.updated_by,
        c1_0.website 
    from
        companies c1_0 
    join
        jobs j1_0 
            on c1_0.id=j1_0.company_id 
    where
        j1_0.status=?"}{"timestamp":"2026-06-08 18:59:24","level":"DEBUG","logger":"org.springframework.security.web.authentication.AnonymousAuthenticationFilter","message":"Set SecurityContextHolder to anonymous SecurityContext"}{"timestamp":"2026-06-08 18:59:24","level":"DEBUG","logger":"org.springframework.security.web.FilterChainProxy","message":"Securing GET /api/companies/public"}{"timestamp":"2026-06-08 18:59:24","level":"DEBUG","logger":"org.springframework.security.web.FilterChainProxy","message":"Secured GET /api/companies/public"}{"timestamp":"2026-06-08 18:59:24","level":"DEBUG","logger":"org.hibernate.SQL","message":"
    select
        distinct c1_0.id,
        c1_0.created_at,
        c1_0.created_by,
        c1_0.description,
        c1_0.employees,
        c1_0.founded,
        c1_0.industry,
        j1_0.company_id,
        j1_0.id,
        j1_0.application_deadline,
        j1_0.applications_count,
        j1_0.benefits,
        j1_0.category,
        j1_0.created_at,
        j1_0.created_by,
        j1_0.description,
        j1_0.experience_level,
        j1_0.featured,
        j1_0.job_type,
        j1_0.location,
        j1_0.posted_date,
        j1_0.remote,
        j1_0.requirements,
        j1_0.salary_currency,
        j1_0.salary_max,
        j1_0.salary_min,
        j1_0.salary_period,
        j1_0.status,
        j1_0.title,
        j1_0.updated_at,
        j1_0.updated_by,
        j1_0.urgent,
        j1_0.work_type,
        c1_0.locations,
        c1_0.logo,
        c1_0.name,
        c1_0.rating,
        c1_0.size,
        c1_0.updated_at,
        c1_0.updated_by,
        c1_0.website 
    from
        companies c1_0 
    join
        jobs j1_0 
            on c1_0.id=j1_0.company_id 
    where
        j1_0.status=?"}{"timestamp":"2026-06-08 18:59:24","level":"DEBUG","logger":"org.springframework.security.web.FilterChainProxy","message":"Securing GET /api/companies/public"}{"timestamp":"2026-06-08 18:59:24","level":"DEBUG","logger":"org.springframework.security.web.FilterChainProxy","message":"Secured GET /api/companies/public"}{"timestamp":"2026-06-08 18:59:24","level":"DEBUG","logger":"org.hibernate.SQL","message":"
    select
        distinct c1_0.id,
        c1_0.created_at,
        c1_0.created_by,
        c1_0.description,
        c1_0.employees,
        c1_0.founded,
        c1_0.industry,
        j1_0.company_id,
        j1_0.id,
        j1_0.application_deadline,
        j1_0.applications_count,
        j1_0.benefits,
        j1_0.category,
        j1_0.created_at,
        j1_0.created_by,
        j1_0.description,
        j1_0.experience_level,
        j1_0.featured,
        j1_0.job_type,
        j1_0.location,
        j1_0.posted_date,
        j1_0.remote,
        j1_0.requirements,
        j1_0.salary_currency,
        j1_0.salary_max,
        j1_0.salary_min,
        j1_0.salary_period,
        j1_0.status,
        j1_0.title,
        j1_0.updated_at,
        j1_0.updated_by,
        j1_0.urgent,
        j1_0.work_type,
        c1_0.locations,
        c1_0.logo,
        c1_0.name,
        c1_0.rating,
        c1_0.size,
        c1_0.updated_at,
        c1_0.updated_by,
        c1_0.website 
    from
        companies c1_0 
    join
        jobs j1_0 
            on c1_0.id=j1_0.company_id 
    where
        j1_0.status=?"}{"timestamp":"2026-06-08 18:59:24","level":"DEBUG","logger":"org.springframework.security.web.authentication.AnonymousAuthenticationFilter","message":"Set SecurityContextHolder to anonymous SecurityContext"}{"timestamp":"2026-06-08 18:59:24","level":"DEBUG","logger":"org.springframework.security.web.authentication.AnonymousAuthenticationFilter","message":"Set SecurityContextHolder to anonymous SecurityContext"}{"timestamp":"2026-06-08 18:59:30","level":"DEBUG","logger":"org.springframework.security.web.FilterChainProxy","message":"Securing POST /api/auth/login/public"}{"timestamp":"2026-06-08 18:59:30","level":"DEBUG","logger":"org.springframework.security.web.FilterChainProxy","message":"Secured POST /api/auth/login/public"}{"timestamp":"2026-06-08 18:59:30","level":"DEBUG","logger":"org.hibernate.SQL","message":"
    select
        jpu1_0.id,
        jpu1_0.company_id,
        jpu1_0.created_at,
        jpu1_0.created_by,
        jpu1_0.email,
        jpu1_0.mobile_number,
        jpu1_0.name,
        jpu1_0.password_hash,
        jpu1_0.role_id,
        jpu1_0.updated_at,
        jpu1_0.updated_by 
    from
        users jpu1_0 
    where
        jpu1_0.email=?"}{"timestamp":"2026-06-08 18:59:30","level":"DEBUG","logger":"org.hibernate.SQL","message":"
    select
        r1_0.id,
        r1_0.created_at,
        r1_0.created_by,
        r1_0.name,
        r1_0.updated_at,
        r1_0.updated_by 
    from
        roles r1_0 
    where
        r1_0.id=?"}{"timestamp":"2026-06-08 18:59:31","level":"DEBUG","logger":"org.springframework.security.web.authentication.AnonymousAuthenticationFilter","message":"Set SecurityContextHolder to anonymous SecurityContext"}{"timestamp":"2026-06-08 18:59:31","level":"DEBUG","logger":"org.springframework.security.web.FilterChainProxy","message":"Securing GET /api/contacts/page/admin?pageNumber=0&pageSize=10&sortBy=createdAt&sortDir=asc"}{"timestamp":"2026-06-08 18:59:31","level":"DEBUG","logger":"org.springframework.security.web.FilterChainProxy","message":"Secured GET /api/contacts/page/admin?pageNumber=0&pageSize=10&sortBy=createdAt&sortDir=asc"}{"timestamp":"2026-06-08 18:59:31","level":"DEBUG","logger":"org.hibernate.SQL","message":"
    select
        c1_0.id,
        c1_0.created_at,
        c1_0.created_by,
        c1_0.email,
        c1_0.message,
        c1_0.name,
        c1_0.status,
        c1_0.subject,
        c1_0.updated_at,
        c1_0.updated_by,
        c1_0.user_type 
    from
        contacts c1_0 
    where
        c1_0.status=? 
    order by
        c1_0.created_at 
    limit
        ?"}{"timestamp":"2026-06-08 18:59:31","level":"DEBUG","logger":"org.hibernate.SQL","message":"
    select
        count(c1_0.id) 
    from
        contacts c1_0 
    where
        c1_0.status=?"}{"timestamp":"2026-06-08 18:59:31","level":"WARN","logger":"org.springframework.data.web.config.SpringDataJackson3Configuration$PageModule$WarningLoggingModifier","message":"Serializing PageImpl instances as-is is not supported, meaning that there is no guarantee about the stability of the resulting JSON structure!
	For a stable JSON structure, please use Spring Data's PagedModel (globally via @EnableSpringDataWebSupport(pageSerializationMode = VIA_DTO))
	or Spring HATEOAS and Spring Data's PagedResourcesAssembler as documented in https://docs.spring.io/spring-data/commons/reference/repositories/core-extensions.html#core.web.pageables.
"}{"timestamp":"2026-06-08 18:59:31","level":"DEBUG","logger":"org.springframework.security.web.FilterChainProxy","message":"Securing GET /api/contacts/page/admin?pageNumber=0&pageSize=10&sortBy=createdAt&sortDir=asc"}{"timestamp":"2026-06-08 18:59:31","level":"DEBUG","logger":"org.springframework.security.web.FilterChainProxy","message":"Secured GET /api/contacts/page/admin?pageNumber=0&pageSize=10&sortBy=createdAt&sortDir=asc"}{"timestamp":"2026-06-08 18:59:31","level":"DEBUG","logger":"org.hibernate.SQL","message":"
    select
        c1_0.id,
        c1_0.created_at,
        c1_0.created_by,
        c1_0.email,
        c1_0.message,
        c1_0.name,
        c1_0.status,
        c1_0.subject,
        c1_0.updated_at,
        c1_0.updated_by,
        c1_0.user_type 
    from
        contacts c1_0 
    where
        c1_0.status=? 
    order by
        c1_0.created_at 
    limit
        ?"}{"timestamp":"2026-06-08 18:59:31","level":"DEBUG","logger":"org.hibernate.SQL","message":"
    select
        count(c1_0.id) 
    from
        contacts c1_0 
    where
        c1_0.status=?"}{"timestamp":"2026-06-08 18:59:39","level":"DEBUG","logger":"org.springframework.security.web.FilterChainProxy","message":"Securing OPTIONS /api/contacts/7/status/admin"}{"timestamp":"2026-06-08 18:59:39","level":"DEBUG","logger":"org.springframework.security.web.FilterChainProxy","message":"Securing PATCH /api/contacts/7/status/admin"}{"timestamp":"2026-06-08 18:59:39","level":"DEBUG","logger":"org.springframework.security.web.FilterChainProxy","message":"Secured PATCH /api/contacts/7/status/admin"}{"timestamp":"2026-06-08 18:59:39","level":"DEBUG","logger":"org.hibernate.SQL","message":"
    select
        c1_0.id,
        c1_0.created_at,
        c1_0.created_by,
        c1_0.email,
        c1_0.message,
        c1_0.name,
        c1_0.status,
        c1_0.subject,
        c1_0.updated_at,
        c1_0.updated_by,
        c1_0.user_type 
    from
        contacts c1_0 
    where
        c1_0.id=?"}{"timestamp":"2026-06-08 18:59:39","level":"DEBUG","logger":"org.hibernate.SQL","message":"
    update
        contacts 
    set
        email=?,
        message=?,
        name=?,
        status=?,
        subject=?,
        updated_at=?,
        updated_by=?,
        user_type=? 
    where
        id=?"}{"timestamp":"2026-06-08 18:59:39","level":"DEBUG","logger":"org.springframework.security.web.FilterChainProxy","message":"Securing GET /api/contacts/page/admin?pageNumber=0&pageSize=10&sortBy=createdAt&sortDir=asc"}{"timestamp":"2026-06-08 18:59:39","level":"DEBUG","logger":"org.springframework.security.web.FilterChainProxy","message":"Secured GET /api/contacts/page/admin?pageNumber=0&pageSize=10&sortBy=createdAt&sortDir=asc"}{"timestamp":"2026-06-08 18:59:39","level":"DEBUG","logger":"org.hibernate.SQL","message":"
    select
        c1_0.id,
        c1_0.created_at,
        c1_0.created_by,
        c1_0.email,
        c1_0.message,
        c1_0.name,
        c1_0.status,
        c1_0.subject,
        c1_0.updated_at,
        c1_0.updated_by,
        c1_0.user_type 
    from
        contacts c1_0 
    where
        c1_0.status=? 
    order by
        c1_0.created_at 
    limit
        ?"}{"timestamp":"2026-06-08 18:59:39","level":"DEBUG","logger":"org.hibernate.SQL","message":"
    select
        count(c1_0.id) 
    from
        contacts c1_0 
    where
        c1_0.status=?"}{"timestamp":"2026-06-08 18:59:52","level":"DEBUG","logger":"org.springframework.security.web.FilterChainProxy","message":"Securing GET /api/companies/public"}{"timestamp":"2026-06-08 18:59:52","level":"DEBUG","logger":"org.springframework.security.web.FilterChainProxy","message":"Secured GET /api/companies/public"}{"timestamp":"2026-06-08 18:59:52","level":"DEBUG","logger":"org.hibernate.SQL","message":"
    select
        distinct c1_0.id,
        c1_0.created_at,
        c1_0.created_by,
        c1_0.description,
        c1_0.employees,
        c1_0.founded,
        c1_0.industry,
        j1_0.company_id,
        j1_0.id,
        j1_0.application_deadline,
        j1_0.applications_count,
        j1_0.benefits,
        j1_0.category,
        j1_0.created_at,
        j1_0.created_by,
        j1_0.description,
        j1_0.experience_level,
        j1_0.featured,
        j1_0.job_type,
        j1_0.location,
        j1_0.posted_date,
        j1_0.remote,
        j1_0.requirements,
        j1_0.salary_currency,
        j1_0.salary_max,
        j1_0.salary_min,
        j1_0.salary_period,
        j1_0.status,
        j1_0.title,
        j1_0.updated_at,
        j1_0.updated_by,
        j1_0.urgent,
        j1_0.work_type,
        c1_0.locations,
        c1_0.logo,
        c1_0.name,
        c1_0.rating,
        c1_0.size,
        c1_0.updated_at,
        c1_0.updated_by,
        c1_0.website 
    from
        companies c1_0 
    join
        jobs j1_0 
            on c1_0.id=j1_0.company_id 
    where
        j1_0.status=?"}{"timestamp":"2026-06-08 18:59:53","level":"DEBUG","logger":"org.springframework.security.web.FilterChainProxy","message":"Securing GET /api/companies/public"}{"timestamp":"2026-06-08 18:59:53","level":"DEBUG","logger":"org.springframework.security.web.FilterChainProxy","message":"Secured GET /api/companies/public"}{"timestamp":"2026-06-08 18:59:53","level":"DEBUG","logger":"org.hibernate.SQL","message":"
    select
        distinct c1_0.id,
        c1_0.created_at,
        c1_0.created_by,
        c1_0.description,
        c1_0.employees,
        c1_0.founded,
        c1_0.industry,
        j1_0.company_id,
        j1_0.id,
        j1_0.application_deadline,
        j1_0.applications_count,
        j1_0.benefits,
        j1_0.category,
        j1_0.created_at,
        j1_0.created_by,
        j1_0.description,
        j1_0.experience_level,
        j1_0.featured,
        j1_0.job_type,
        j1_0.location,
        j1_0.posted_date,
        j1_0.remote,
        j1_0.requirements,
        j1_0.salary_currency,
        j1_0.salary_max,
        j1_0.salary_min,
        j1_0.salary_period,
        j1_0.status,
        j1_0.title,
        j1_0.updated_at,
        j1_0.updated_by,
        j1_0.urgent,
        j1_0.work_type,
        c1_0.locations,
        c1_0.logo,
        c1_0.name,
        c1_0.rating,
        c1_0.size,
        c1_0.updated_at,
        c1_0.updated_by,
        c1_0.website 
    from
        companies c1_0 
    join
        jobs j1_0 
            on c1_0.id=j1_0.company_id 
    where
        j1_0.status=?"}{"timestamp":"2026-06-08 18:59:53","level":"DEBUG","logger":"org.springframework.security.web.authentication.AnonymousAuthenticationFilter","message":"Set SecurityContextHolder to anonymous SecurityContext"}{"timestamp":"2026-06-08 18:59:53","level":"DEBUG","logger":"org.springframework.security.web.authentication.AnonymousAuthenticationFilter","message":"Set SecurityContextHolder to anonymous SecurityContext"}{"timestamp":"2026-06-08 18:59:56","level":"DEBUG","logger":"org.springframework.security.web.FilterChainProxy","message":"Securing GET /api/companies/public"}{"timestamp":"2026-06-08 18:59:56","level":"DEBUG","logger":"org.springframework.security.web.FilterChainProxy","message":"Secured GET /api/companies/public"}{"timestamp":"2026-06-08 18:59:56","level":"DEBUG","logger":"org.hibernate.SQL","message":"
    select
        distinct c1_0.id,
        c1_0.created_at,
        c1_0.created_by,
        c1_0.description,
        c1_0.employees,
        c1_0.founded,
        c1_0.industry,
        j1_0.company_id,
        j1_0.id,
        j1_0.application_deadline,
        j1_0.applications_count,
        j1_0.benefits,
        j1_0.category,
        j1_0.created_at,
        j1_0.created_by,
        j1_0.description,
        j1_0.experience_level,
        j1_0.featured,
        j1_0.job_type,
        j1_0.location,
        j1_0.posted_date,
        j1_0.remote,
        j1_0.requirements,
        j1_0.salary_currency,
        j1_0.salary_max,
        j1_0.salary_min,
        j1_0.salary_period,
        j1_0.status,
        j1_0.title,
        j1_0.updated_at,
        j1_0.updated_by,
        j1_0.urgent,
        j1_0.work_type,
        c1_0.locations,
        c1_0.logo,
        c1_0.name,
        c1_0.rating,
        c1_0.size,
        c1_0.updated_at,
        c1_0.updated_by,
        c1_0.website 
    from
        companies c1_0 
    join
        jobs j1_0 
            on c1_0.id=j1_0.company_id 
    where
        j1_0.status=?"}{"timestamp":"2026-06-08 18:59:56","level":"DEBUG","logger":"org.springframework.security.web.FilterChainProxy","message":"Securing GET /api/companies/public"}{"timestamp":"2026-06-08 18:59:56","level":"DEBUG","logger":"org.springframework.security.web.FilterChainProxy","message":"Secured GET /api/companies/public"}{"timestamp":"2026-06-08 18:59:56","level":"DEBUG","logger":"org.hibernate.SQL","message":"
    select
        distinct c1_0.id,
        c1_0.created_at,
        c1_0.created_by,
        c1_0.description,
        c1_0.employees,
        c1_0.founded,
        c1_0.industry,
        j1_0.company_id,
        j1_0.id,
        j1_0.application_deadline,
        j1_0.applications_count,
        j1_0.benefits,
        j1_0.category,
        j1_0.created_at,
        j1_0.created_by,
        j1_0.description,
        j1_0.experience_level,
        j1_0.featured,
        j1_0.job_type,
        j1_0.location,
        j1_0.posted_date,
        j1_0.remote,
        j1_0.requirements,
        j1_0.salary_currency,
        j1_0.salary_max,
        j1_0.salary_min,
        j1_0.salary_period,
        j1_0.status,
        j1_0.title,
        j1_0.updated_at,
        j1_0.updated_by,
        j1_0.urgent,
        j1_0.work_type,
        c1_0.locations,
        c1_0.logo,
        c1_0.name,
        c1_0.rating,
        c1_0.size,
        c1_0.updated_at,
        c1_0.updated_by,
        c1_0.website 
    from
        companies c1_0 
    join
        jobs j1_0 
            on c1_0.id=j1_0.company_id 
    where
        j1_0.status=?"}{"timestamp":"2026-06-08 18:59:56","level":"DEBUG","logger":"org.springframework.security.web.authentication.AnonymousAuthenticationFilter","message":"Set SecurityContextHolder to anonymous SecurityContext"}{"timestamp":"2026-06-08 18:59:56","level":"DEBUG","logger":"org.springframework.security.web.authentication.AnonymousAuthenticationFilter","message":"Set SecurityContextHolder to anonymous SecurityContext"}{"timestamp":"2026-06-08 19:00:02","level":"DEBUG","logger":"org.springframework.security.web.FilterChainProxy","message":"Securing POST /api/auth/login/public"}{"timestamp":"2026-06-08 19:00:02","level":"DEBUG","logger":"org.springframework.security.web.FilterChainProxy","message":"Secured POST /api/auth/login/public"}{"timestamp":"2026-06-08 19:00:02","level":"DEBUG","logger":"org.hibernate.SQL","message":"
    select
        jpu1_0.id,
        jpu1_0.company_id,
        jpu1_0.created_at,
        jpu1_0.created_by,
        jpu1_0.email,
        jpu1_0.mobile_number,
        jpu1_0.name,
        jpu1_0.password_hash,
        jpu1_0.role_id,
        jpu1_0.updated_at,
        jpu1_0.updated_by 
    from
        users jpu1_0 
    where
        jpu1_0.email=?"}{"timestamp":"2026-06-08 19:00:02","level":"DEBUG","logger":"org.hibernate.SQL","message":"
    select
        r1_0.id,
        r1_0.created_at,
        r1_0.created_by,
        r1_0.name,
        r1_0.updated_at,
        r1_0.updated_by 
    from
        roles r1_0 
    where
        r1_0.id=?"}{"timestamp":"2026-06-08 19:00:02","level":"DEBUG","logger":"org.springframework.security.web.authentication.AnonymousAuthenticationFilter","message":"Set SecurityContextHolder to anonymous SecurityContext"}{"timestamp":"2026-06-08 19:00:02","level":"DEBUG","logger":"org.springframework.security.web.FilterChainProxy","message":"Securing GET /api/contacts/page/admin?pageNumber=0&pageSize=10&sortBy=createdAt&sortDir=asc"}{"timestamp":"2026-06-08 19:00:02","level":"DEBUG","logger":"org.springframework.security.web.FilterChainProxy","message":"Secured GET /api/contacts/page/admin?pageNumber=0&pageSize=10&sortBy=createdAt&sortDir=asc"}{"timestamp":"2026-06-08 19:00:02","level":"DEBUG","logger":"org.hibernate.SQL","message":"
    select
        c1_0.id,
        c1_0.created_at,
        c1_0.created_by,
        c1_0.email,
        c1_0.message,
        c1_0.name,
        c1_0.status,
        c1_0.subject,
        c1_0.updated_at,
        c1_0.updated_by,
        c1_0.user_type 
    from
        contacts c1_0 
    where
        c1_0.status=? 
    order by
        c1_0.created_at 
    limit
        ?"}{"timestamp":"2026-06-08 19:00:02","level":"DEBUG","logger":"org.hibernate.SQL","message":"
    select
        count(c1_0.id) 
    from
        contacts c1_0 
    where
        c1_0.status=?"}{"timestamp":"2026-06-08 19:00:02","level":"DEBUG","logger":"org.springframework.security.web.FilterChainProxy","message":"Securing GET /api/contacts/page/admin?pageNumber=0&pageSize=10&sortBy=createdAt&sortDir=asc"}{"timestamp":"2026-06-08 19:00:02","level":"DEBUG","logger":"org.springframework.security.web.FilterChainProxy","message":"Secured GET /api/contacts/page/admin?pageNumber=0&pageSize=10&sortBy=createdAt&sortDir=asc"}{"timestamp":"2026-06-08 19:00:02","level":"DEBUG","logger":"org.hibernate.SQL","message":"
    select
        c1_0.id,
        c1_0.created_at,
        c1_0.created_by,
        c1_0.email,
        c1_0.message,
        c1_0.name,
        c1_0.status,
        c1_0.subject,
        c1_0.updated_at,
        c1_0.updated_by,
        c1_0.user_type 
    from
        contacts c1_0 
    where
        c1_0.status=? 
    order by
        c1_0.created_at 
    limit
        ?"}{"timestamp":"2026-06-08 19:00:02","level":"DEBUG","logger":"org.hibernate.SQL","message":"
    select
        count(c1_0.id) 
    from
        contacts c1_0 
    where
        c1_0.status=?"}{"timestamp":"2026-06-08 19:00:15","level":"DEBUG","logger":"org.springframework.security.web.FilterChainProxy","message":"Securing OPTIONS /api/contacts/page/admin?pageNumber=1&pageSize=10&sortBy=createdAt&sortDir=asc"}{"timestamp":"2026-06-08 19:00:15","level":"DEBUG","logger":"org.springframework.security.web.FilterChainProxy","message":"Securing GET /api/contacts/page/admin?pageNumber=1&pageSize=10&sortBy=createdAt&sortDir=asc"}{"timestamp":"2026-06-08 19:00:15","level":"DEBUG","logger":"org.springframework.security.web.FilterChainProxy","message":"Secured GET /api/contacts/page/admin?pageNumber=1&pageSize=10&sortBy=createdAt&sortDir=asc"}{"timestamp":"2026-06-08 19:00:15","level":"DEBUG","logger":"org.hibernate.SQL","message":"
    select
        c1_0.id,
        c1_0.created_at,
        c1_0.created_by,
        c1_0.email,
        c1_0.message,
        c1_0.name,
        c1_0.status,
        c1_0.subject,
        c1_0.updated_at,
        c1_0.updated_by,
        c1_0.user_type 
    from
        contacts c1_0 
    where
        c1_0.status=? 
    order by
        c1_0.created_at 
    limit
        ?"}{"timestamp":"2026-06-08 19:00:15","level":"DEBUG","logger":"org.hibernate.SQL","message":"
    select
        count(c1_0.id) 
    from
        contacts c1_0 
    where
        c1_0.status=?"}{"timestamp":"2026-06-08 19:00:27","level":"DEBUG","logger":"org.springframework.security.web.FilterChainProxy","message":"Securing OPTIONS /api/contacts/page/admin?pageNumber=1&pageSize=10&sortBy=email&sortDir=asc"}{"timestamp":"2026-06-08 19:00:27","level":"DEBUG","logger":"org.springframework.security.web.FilterChainProxy","message":"Securing GET /api/contacts/page/admin?pageNumber=1&pageSize=10&sortBy=email&sortDir=asc"}{"timestamp":"2026-06-08 19:00:27","level":"DEBUG","logger":"org.springframework.security.web.FilterChainProxy","message":"Secured GET /api/contacts/page/admin?pageNumber=1&pageSize=10&sortBy=email&sortDir=asc"}{"timestamp":"2026-06-08 19:00:27","level":"DEBUG","logger":"org.hibernate.SQL","message":"
    select
        c1_0.id,
        c1_0.created_at,
        c1_0.created_by,
        c1_0.email,
        c1_0.message,
        c1_0.name,
        c1_0.status,
        c1_0.subject,
        c1_0.updated_at,
        c1_0.updated_by,
        c1_0.user_type 
    from
        contacts c1_0 
    where
        c1_0.status=? 
    order by
        c1_0.email 
    limit
        ?"}{"timestamp":"2026-06-08 19:00:27","level":"DEBUG","logger":"org.hibernate.SQL","message":"
    select
        count(c1_0.id) 
    from
        contacts c1_0 
    where
        c1_0.status=?"}{"timestamp":"2026-06-08 21:59:02","level":"WARN","logger":"com.zaxxer.hikari.pool.HikariPool","message":"HikariPool-1 - Thread starvation or clock leap detected (housekeeper delta=1h26m12s559ms288µs200ns)."}