{"timestamp":"2026-06-05 12:11:36","level":"INFO","logger":"org.hibernate.validator.internal.util.Version","message":"HV000001: Hibernate Validator 9.0.1.Final"}{"timestamp":"2026-06-05 12:11:36","level":"INFO","logger":"org.springframework.boot.devtools.env.DevToolsPropertyDefaultsPostProcessor","message":"Devtools property defaults active! Set 'spring.devtools.add-properties' to 'false' to disable"}{"timestamp":"2026-06-05 12:11:36","level":"INFO","logger":"org.springframework.boot.devtools.env.DevToolsPropertyDefaultsPostProcessor","message":"For additional web related logging consider setting the 'logging.level.web' property to 'DEBUG'"}{"timestamp":"2026-06-05 12:11:38","level":"INFO","logger":"org.springframework.data.repository.config.RepositoryConfigurationDelegate","message":"Bootstrapping Spring Data JPA repositories in DEFAULT mode."}{"timestamp":"2026-06-05 12:11:38","level":"INFO","logger":"org.springframework.data.repository.config.RepositoryConfigurationDelegate","message":"Finished Spring Data repository scanning in 85 ms. Found 4 JPA repository interfaces."}{"timestamp":"2026-06-05 12:11:39","level":"INFO","logger":"org.springframework.boot.tomcat.TomcatWebServer","message":"Tomcat initialized with port 8080 (http)"}{"timestamp":"2026-06-05 12:11:39","level":"INFO","logger":"org.apache.coyote.http11.Http11NioProtocol","message":"Initializing ProtocolHandler ["http-nio-8080"]"}{"timestamp":"2026-06-05 12:11:39","level":"INFO","logger":"org.apache.catalina.core.StandardService","message":"Starting service [Tomcat]"}{"timestamp":"2026-06-05 12:11:39","level":"INFO","logger":"org.apache.catalina.core.StandardEngine","message":"Starting Servlet engine: [Apache Tomcat/11.0.20]"}{"timestamp":"2026-06-05 12:11:39","level":"INFO","logger":"org.springframework.boot.web.context.servlet.WebApplicationContextInitializer","message":"Root WebApplicationContext: initialization completed in 2674 ms"}{"timestamp":"2026-06-05 12:11:39","level":"INFO","logger":"org.hibernate.orm.jpa","message":"HHH008540: Processing PersistenceUnitInfo [name: default]"}{"timestamp":"2026-06-05 12:11:39","level":"INFO","logger":"org.hibernate.orm.core","message":"HHH000001: Hibernate ORM core version 7.2.7.Final"}{"timestamp":"2026-06-05 12:11:40","level":"INFO","logger":"org.springframework.orm.jpa.persistenceunit.SpringPersistenceUnitInfo","message":"No LoadTimeWeaver setup: ignoring JPA class transformer"}{"timestamp":"2026-06-05 12:11:40","level":"INFO","logger":"com.zaxxer.hikari.HikariDataSource","message":"HikariPool-1 - Starting..."}{"timestamp":"2026-06-05 12:11:40","level":"INFO","logger":"com.zaxxer.hikari.pool.HikariPool","message":"HikariPool-1 - Added connection com.mysql.cj.jdbc.ConnectionImpl@636703ab"}{"timestamp":"2026-06-05 12:11:40","level":"INFO","logger":"com.zaxxer.hikari.HikariDataSource","message":"HikariPool-1 - Start completed."}{"timestamp":"2026-06-05 12:11:40","level":"WARN","logger":"org.hibernate.orm.deprecation","message":"HHH90000025: MySQLDialect does not need to be specified explicitly using 'hibernate.dialect' (remove the property setting and it will be selected by default)"}{"timestamp":"2026-06-05 12:11:40","level":"INFO","logger":"org.hibernate.orm.connections.pooling","message":"HHH10001005: Database info:
	Database JDBC URL [jdbc:mysql://localhost:3306/jobportaldb?useSSL=false&serverTimezone=UTC&allowPublicKeyRetrieval=true]
	Database driver: MySQL Connector/J
	Database dialect: MySQLDialect
	Database version: 8.0.46
	Default catalog/schema: jobportaldb/undefined
	Autocommit mode: undefined/unknown
	Isolation level: REPEATABLE_READ [default REPEATABLE_READ]
	JDBC fetch size: none
	Pool: DataSourceConnectionProvider
	Minimum pool size: undefined/unknown
	Maximum pool size: undefined/unknown"}{"timestamp":"2026-06-05 12:11:41","level":"DEBUG","logger":"org.hibernate.tool.schema.spi.SchemaManagementToolCoordinator","message":"No schema actions specified for contributor 'orm'"}{"timestamp":"2026-06-05 12:11:41","level":"INFO","logger":"org.hibernate.orm.core","message":"HHH000489: No JTA platform available (set 'hibernate.transaction.jta.platform' to enable JTA platform integration)"}{"timestamp":"2026-06-05 12:11:41","level":"DEBUG","logger":"org.hibernate.tool.schema.spi.SchemaManagementToolCoordinator","message":"No schema actions specified for contributor 'orm'"}{"timestamp":"2026-06-05 12:11:41","level":"DEBUG","logger":"org.hibernate.tool.schema.spi.SchemaManagementToolCoordinator","message":"No schema management actions found"}{"timestamp":"2026-06-05 12:11:41","level":"INFO","logger":"org.springframework.orm.jpa.LocalContainerEntityManagerFactoryBean","message":"Initialized JPA EntityManagerFactory for persistence unit 'default'"}{"timestamp":"2026-06-05 12:11:42","level":"INFO","logger":"org.springframework.data.jpa.repository.query.QueryEnhancerFactories","message":"Hibernate is in classpath; If applicable, HQL parser will be used."}{"timestamp":"2026-06-05 12:11:45","level":"WARN","logger":"org.springframework.boot.jpa.autoconfigure.JpaBaseConfiguration$JpaWebConfiguration","message":"spring.jpa.open-in-view is enabled by default. Therefore, database queries may be performed during view rendering. Explicitly configure spring.jpa.open-in-view to disable this warning"}{"timestamp":"2026-06-05 12:11:45","level":"INFO","logger":"org.springframework.security.config.annotation.authentication.configuration.InitializeAuthenticationProviderBeanManagerConfigurer$InitializeAuthenticationProviderManagerConfigurer","message":"Global AuthenticationManager configured with AuthenticationProvider bean with name jobPortalUsernamePwdAuthenticationProvider"}{"timestamp":"2026-06-05 12:11:45","level":"DEBUG","logger":"org.springframework.security.web.DefaultSecurityFilterChain","message":"Will secure any request with filters: DisableEncodeUrlFilter, WebAsyncManagerIntegrationFilter, SecurityContextHolderFilter, HeaderWriterFilter, CorsFilter, CsrfFilter, LogoutFilter, JwtTokenValidatorFilter, RequestCacheAwareFilter, SecurityContextHolderAwareRequestFilter, AnonymousAuthenticationFilter, ExceptionTranslationFilter, AuthorizationFilter"}{"timestamp":"2026-06-05 12:11:47","level":"INFO","logger":"org.apache.coyote.http11.Http11NioProtocol","message":"Starting ProtocolHandler ["http-nio-8080"]"}{"timestamp":"2026-06-05 12:11:47","level":"INFO","logger":"org.springframework.boot.tomcat.TomcatWebServer","message":"Tomcat started on port 8080 (http) with context path '/'"}{"timestamp":"2026-06-05 12:12:06","level":"INFO","logger":"org.apache.catalina.core.ContainerBase.[Tomcat].[localhost].[/]","message":"Initializing Spring DispatcherServlet 'dispatcherServlet'"}{"timestamp":"2026-06-05 12:12:06","level":"INFO","logger":"org.springframework.web.servlet.DispatcherServlet","message":"Initializing Servlet 'dispatcherServlet'"}{"timestamp":"2026-06-05 12:12:06","level":"INFO","logger":"org.springframework.web.servlet.DispatcherServlet","message":"Completed initialization in 5 ms"}{"timestamp":"2026-06-05 12:12:06","level":"DEBUG","logger":"org.springframework.security.web.FilterChainProxy","message":"Securing GET /api/csrf-token/public"}{"timestamp":"2026-06-05 12:12:06","level":"DEBUG","logger":"org.springframework.security.web.FilterChainProxy","message":"Secured GET /api/csrf-token/public"}{"timestamp":"2026-06-05 12:12:06","level":"DEBUG","logger":"org.springframework.security.web.authentication.AnonymousAuthenticationFilter","message":"Set SecurityContextHolder to anonymous SecurityContext"}{"timestamp":"2026-06-05 12:12:33","level":"DEBUG","logger":"org.springframework.security.web.FilterChainProxy","message":"Securing POST /api/auth/login/public"}{"timestamp":"2026-06-05 12:12:33","level":"DEBUG","logger":"org.springframework.security.web.FilterChainProxy","message":"Secured POST /api/auth/login/public"}{"timestamp":"2026-06-05 12:12:33","level":"DEBUG","logger":"org.hibernate.SQL","message":"
    select
        jpu1_0.id,
        jpu1_0.company_id,
        jpu1_0.created_at,
        jpu1_0.created_by,
        jpu1_0.email,
        jpu1_0.mobile_number,
        jpu1_0.name,
        jpu1_0.password_hash,
        jpu1_0.role_id,
        jpu1_0.updated_at,
        jpu1_0.updated_by 
    from
        users jpu1_0 
    where
        jpu1_0.email=?"}{"timestamp":"2026-06-05 12:12:33","level":"DEBUG","logger":"org.hibernate.SQL","message":"
    select
        r1_0.id,
        r1_0.created_at,
        r1_0.created_by,
        r1_0.name,
        r1_0.updated_at,
        r1_0.updated_by 
    from
        roles r1_0 
    where
        r1_0.id=?"}{"timestamp":"2026-06-05 12:12:34","level":"DEBUG","logger":"org.springframework.security.web.authentication.AnonymousAuthenticationFilter","message":"Set SecurityContextHolder to anonymous SecurityContext"}{"timestamp":"2026-06-05 12:13:24","level":"DEBUG","logger":"org.springframework.security.web.FilterChainProxy","message":"Securing GET /api/contacts/admin"}{"timestamp":"2026-06-05 12:15:04","level":"INFO","logger":"org.springframework.boot.devtools.autoconfigure.LocalDevToolsAutoConfiguration$RestartingClassPathChangeChangedEventListener","message":"Restarting due to 1 class path change (0 additions, 0 deletions, 1 modification)"}{"timestamp":"2026-06-05 12:15:04","level":"INFO","logger":"org.springframework.boot.tomcat.GracefulShutdown","message":"Commencing graceful shutdown. Waiting for active requests to complete"}{"timestamp":"2026-06-05 12:15:04","level":"INFO","logger":"org.apache.coyote.http11.Http11NioProtocol","message":"Pausing ProtocolHandler ["http-nio-8080"]"}{"timestamp":"2026-06-05 12:15:04","level":"INFO","logger":"org.springframework.boot.tomcat.GracefulShutdown","message":"Graceful shutdown complete"}{"timestamp":"2026-06-05 12:15:04","level":"INFO","logger":"org.apache.coyote.http11.Http11NioProtocol","message":"Stopping ProtocolHandler ["http-nio-8080"]"}{"timestamp":"2026-06-05 12:15:04","level":"INFO","logger":"org.springframework.orm.jpa.LocalContainerEntityManagerFactoryBean","message":"Closing JPA EntityManagerFactory for persistence unit 'default'"}{"timestamp":"2026-06-05 12:15:04","level":"INFO","logger":"com.zaxxer.hikari.HikariDataSource","message":"HikariPool-1 - Shutdown initiated..."}{"timestamp":"2026-06-05 12:15:04","level":"INFO","logger":"com.zaxxer.hikari.HikariDataSource","message":"HikariPool-1 - Shutdown completed."}{"timestamp":"2026-06-05 12:15:05","level":"INFO","logger":"org.springframework.data.repository.config.RepositoryConfigurationDelegate","message":"Bootstrapping Spring Data JPA repositories in DEFAULT mode."}{"timestamp":"2026-06-05 12:15:05","level":"INFO","logger":"org.springframework.data.repository.config.RepositoryConfigurationDelegate","message":"Finished Spring Data repository scanning in 57 ms. Found 4 JPA repository interfaces."}{"timestamp":"2026-06-05 12:15:05","level":"INFO","logger":"org.springframework.boot.tomcat.TomcatWebServer","message":"Tomcat initialized with port 8080 (http)"}{"timestamp":"2026-06-05 12:15:05","level":"INFO","logger":"org.apache.coyote.http11.Http11NioProtocol","message":"Initializing ProtocolHandler ["http-nio-8080"]"}{"timestamp":"2026-06-05 12:15:05","level":"INFO","logger":"org.apache.catalina.core.StandardService","message":"Starting service [Tomcat]"}{"timestamp":"2026-06-05 12:15:05","level":"INFO","logger":"org.apache.catalina.core.StandardEngine","message":"Starting Servlet engine: [Apache Tomcat/11.0.20]"}{"timestamp":"2026-06-05 12:15:05","level":"INFO","logger":"org.springframework.boot.web.context.servlet.WebApplicationContextInitializer","message":"Root WebApplicationContext: initialization completed in 884 ms"}{"timestamp":"2026-06-05 12:15:05","level":"INFO","logger":"org.hibernate.orm.jpa","message":"HHH008540: Processing PersistenceUnitInfo [name: default]"}{"timestamp":"2026-06-05 12:15:05","level":"INFO","logger":"org.springframework.orm.jpa.persistenceunit.SpringPersistenceUnitInfo","message":"No LoadTimeWeaver setup: ignoring JPA class transformer"}{"timestamp":"2026-06-05 12:15:05","level":"INFO","logger":"com.zaxxer.hikari.HikariDataSource","message":"HikariPool-2 - Starting..."}{"timestamp":"2026-06-05 12:15:05","level":"INFO","logger":"com.zaxxer.hikari.pool.HikariPool","message":"HikariPool-2 - Added connection com.mysql.cj.jdbc.ConnectionImpl@10a436e1"}{"timestamp":"2026-06-05 12:15:05","level":"INFO","logger":"com.zaxxer.hikari.HikariDataSource","message":"HikariPool-2 - Start completed."}{"timestamp":"2026-06-05 12:15:05","level":"WARN","logger":"org.hibernate.orm.deprecation","message":"HHH90000025: MySQLDialect does not need to be specified explicitly using 'hibernate.dialect' (remove the property setting and it will be selected by default)"}{"timestamp":"2026-06-05 12:15:05","level":"INFO","logger":"org.hibernate.orm.connections.pooling","message":"HHH10001005: Database info:
	Database JDBC URL [jdbc:mysql://localhost:3306/jobportaldb?useSSL=false&serverTimezone=UTC&allowPublicKeyRetrieval=true]
	Database driver: MySQL Connector/J
	Database dialect: MySQLDialect
	Database version: 8.0.46
	Default catalog/schema: jobportaldb/undefined
	Autocommit mode: undefined/unknown
	Isolation level: REPEATABLE_READ [default REPEATABLE_READ]
	JDBC fetch size: none
	Pool: DataSourceConnectionProvider
	Minimum pool size: undefined/unknown
	Maximum pool size: undefined/unknown"}{"timestamp":"2026-06-05 12:15:05","level":"DEBUG","logger":"org.hibernate.tool.schema.spi.SchemaManagementToolCoordinator","message":"No schema actions specified for contributor 'orm'"}{"timestamp":"2026-06-05 12:15:05","level":"INFO","logger":"org.hibernate.orm.core","message":"HHH000489: No JTA platform available (set 'hibernate.transaction.jta.platform' to enable JTA platform integration)"}{"timestamp":"2026-06-05 12:15:05","level":"DEBUG","logger":"org.hibernate.tool.schema.spi.SchemaManagementToolCoordinator","message":"No schema actions specified for contributor 'orm'"}{"timestamp":"2026-06-05 12:15:05","level":"DEBUG","logger":"org.hibernate.tool.schema.spi.SchemaManagementToolCoordinator","message":"No schema management actions found"}{"timestamp":"2026-06-05 12:15:05","level":"INFO","logger":"org.springframework.orm.jpa.LocalContainerEntityManagerFactoryBean","message":"Initialized JPA EntityManagerFactory for persistence unit 'default'"}{"timestamp":"2026-06-05 12:15:06","level":"WARN","logger":"org.springframework.boot.jpa.autoconfigure.JpaBaseConfiguration$JpaWebConfiguration","message":"spring.jpa.open-in-view is enabled by default. Therefore, database queries may be performed during view rendering. Explicitly configure spring.jpa.open-in-view to disable this warning"}{"timestamp":"2026-06-05 12:15:06","level":"INFO","logger":"org.springframework.security.config.annotation.authentication.configuration.InitializeAuthenticationProviderBeanManagerConfigurer$InitializeAuthenticationProviderManagerConfigurer","message":"Global AuthenticationManager configured with AuthenticationProvider bean with name jobPortalUsernamePwdAuthenticationProvider"}{"timestamp":"2026-06-05 12:15:06","level":"WARN","logger":"org.springframework.boot.web.server.servlet.context.AnnotationConfigServletWebServerApplicationContext","message":"Exception encountered during context initialization - cancelling refresh attempt: org.springframework.beans.factory.UnsatisfiedDependencyException: Error creating bean with name 'org.springframework.security.config.annotation.web.configuration.WebSecurityConfiguration': Unsatisfied dependency expressed through method 'setFilterChains' parameter 0: Error creating bean with name 'defaultSecurityFilterChain' defined in class path resource [com/eazybytes/jobportal/security/JobPortalSecurityConfig.class]: Failed to instantiate [org.springframework.security.web.SecurityFilterChain]: Factory method 'defaultSecurityFilterChain' threw exception with message: Unresolved compilation problems: 
	The left-hand side of an assignment must be a variable
	Syntax error on token "Invalid Character", invalid AssignmentOperator
"}{"timestamp":"2026-06-05 12:15:06","level":"INFO","logger":"org.springframework.orm.jpa.LocalContainerEntityManagerFactoryBean","message":"Closing JPA EntityManagerFactory for persistence unit 'default'"}{"timestamp":"2026-06-05 12:15:06","level":"INFO","logger":"com.zaxxer.hikari.HikariDataSource","message":"HikariPool-2 - Shutdown initiated..."}{"timestamp":"2026-06-05 12:15:06","level":"INFO","logger":"com.zaxxer.hikari.HikariDataSource","message":"HikariPool-2 - Shutdown completed."}{"timestamp":"2026-06-05 12:15:06","level":"INFO","logger":"org.apache.catalina.core.StandardService","message":"Stopping service [Tomcat]"}{"timestamp":"2026-06-05 12:15:06","level":"INFO","logger":"org.springframework.boot.autoconfigure.logging.ConditionEvaluationReportLogger","message":"

Error starting ApplicationContext. To display the condition evaluation report re-run your application with 'debug' enabled."}{"timestamp":"2026-06-05 12:15:06","level":"ERROR","logger":"org.springframework.boot.SpringApplication","message":"Application run failed"}org.springframework.beans.factory.UnsatisfiedDependencyException: Error creating bean with name 'org.springframework.security.config.annotation.web.configuration.WebSecurityConfiguration': Unsatisfied dependency expressed through method 'setFilterChains' parameter 0: Error creating bean with name 'defaultSecurityFilterChain' defined in class path resource [com/eazybytes/jobportal/security/JobPortalSecurityConfig.class]: Failed to instantiate [org.springframework.security.web.SecurityFilterChain]: Factory method 'defaultSecurityFilterChain' threw exception with message: Unresolved compilation problems: 
	The left-hand side of an assignment must be a variable
	Syntax error on token "Invalid Character", invalid AssignmentOperator

	at org.springframework.beans.factory.annotation.AutowiredAnnotationBeanPostProcessor$AutowiredMethodElement.resolveMethodArguments(AutowiredAnnotationBeanPostProcessor.java:872)
	at org.springframework.beans.factory.annotation.AutowiredAnnotationBeanPostProcessor$AutowiredMethodElement.inject(AutowiredAnnotationBeanPostProcessor.java:827)
	at org.springframework.beans.factory.annotation.InjectionMetadata.inject(InjectionMetadata.java:146)
	at org.springframework.beans.factory.annotation.AutowiredAnnotationBeanPostProcessor.postProcessProperties(AutowiredAnnotationBeanPostProcessor.java:493)
	at org.springframework.beans.factory.support.AbstractAutowireCapableBeanFactory.populateBean(AbstractAutowireCapableBeanFactory.java:1446)
	at org.springframework.beans.factory.support.AbstractAutowireCapableBeanFactory.doCreateBean(AbstractAutowireCapableBeanFactory.java:602)
	at org.springframework.beans.factory.support.AbstractAutowireCapableBeanFactory.createBean(AbstractAutowireCapableBeanFactory.java:525)
	at org.springframework.beans.factory.support.AbstractBeanFactory.lambda$doGetBean$0(AbstractBeanFactory.java:333)
	at org.springframework.beans.factory.support.DefaultSingletonBeanRegistry.getSingleton(DefaultSingletonBeanRegistry.java:371)
	at org.springframework.beans.factory.support.AbstractBeanFactory.doGetBean(AbstractBeanFactory.java:331)
	at org.springframework.beans.factory.support.AbstractBeanFactory.getBean(AbstractBeanFactory.java:196)
	at org.springframework.beans.factory.support.DefaultListableBeanFactory.instantiateSingleton(DefaultListableBeanFactory.java:1218)
	at org.springframework.beans.factory.support.DefaultListableBeanFactory.preInstantiateSingleton(DefaultListableBeanFactory.java:1184)
	at org.springframework.beans.factory.support.DefaultListableBeanFactory.preInstantiateSingletons(DefaultListableBeanFactory.java:1121)
	at org.springframework.context.support.AbstractApplicationContext.finishBeanFactoryInitialization(AbstractApplicationContext.java:994)
	at org.springframework.context.support.AbstractApplicationContext.refresh(AbstractApplicationContext.java:621)
	at org.springframework.boot.web.server.servlet.context.ServletWebServerApplicationContext.refresh(ServletWebServerApplicationContext.java:143)
	at org.springframework.boot.SpringApplication.refresh(SpringApplication.java:756)
	at org.springframework.boot.SpringApplication.refreshContext(SpringApplication.java:445)
	at org.springframework.boot.SpringApplication.run(SpringApplication.java:321)
	at org.springframework.boot.SpringApplication.run(SpringApplication.java:1365)
	at org.springframework.boot.SpringApplication.run(SpringApplication.java:1354)
	at com.eazybytes.jobportal.JobportalApplication.main(JobportalApplication.java:12)
	at java.base/jdk.internal.reflect.DirectMethodHandleAccessor.invoke(DirectMethodHandleAccessor.java:104)
	at java.base/java.lang.reflect.Method.invoke(Method.java:565)
	at org.springframework.boot.devtools.restart.RestartLauncher.run(RestartLauncher.java:52)
Caused by: org.springframework.beans.factory.BeanCreationException: Error creating bean with name 'defaultSecurityFilterChain' defined in class path resource [com/eazybytes/jobportal/security/JobPortalSecurityConfig.class]: Failed to instantiate [org.springframework.security.web.SecurityFilterChain]: Factory method 'defaultSecurityFilterChain' threw exception with message: Unresolved compilation problems: 
	The left-hand side of an assignment must be a variable
	Syntax error on token "Invalid Character", invalid AssignmentOperator

	at org.springframework.beans.factory.support.ConstructorResolver.instantiate(ConstructorResolver.java:657)
	at org.springframework.beans.factory.support.ConstructorResolver.instantiateUsingFactoryMethod(ConstructorResolver.java:645)
	at org.springframework.beans.factory.support.AbstractAutowireCapableBeanFactory.instantiateUsingFactoryMethod(AbstractAutowireCapableBeanFactory.java:1362)
	at org.springframework.beans.factory.support.AbstractAutowireCapableBeanFactory.createBeanInstance(AbstractAutowireCapableBeanFactory.java:1194)
	at org.springframework.beans.factory.support.AbstractAutowireCapableBeanFactory.doCreateBean(AbstractAutowireCapableBeanFactory.java:565)
	at org.springframework.beans.factory.support.AbstractAutowireCapableBeanFactory.createBean(AbstractAutowireCapableBeanFactory.java:525)
	at org.springframework.beans.factory.support.AbstractBeanFactory.lambda$doGetBean$0(AbstractBeanFactory.java:333)
	at org.springframework.beans.factory.support.DefaultSingletonBeanRegistry.getSingleton(DefaultSingletonBeanRegistry.java:371)
	at org.springframework.beans.factory.support.AbstractBeanFactory.doGetBean(AbstractBeanFactory.java:331)
	at org.springframework.beans.factory.support.AbstractBeanFactory.getBean(AbstractBeanFactory.java:201)
	at org.springframework.beans.factory.config.DependencyDescriptor.resolveCandidate(DependencyDescriptor.java:229)
	at org.springframework.beans.factory.support.DefaultListableBeanFactory.addCandidateEntry(DefaultListableBeanFactory.java:2008)
	at org.springframework.beans.factory.support.DefaultListableBeanFactory.findAutowireCandidates(DefaultListableBeanFactory.java:1971)
	at org.springframework.beans.factory.support.DefaultListableBeanFactory.resolveMultipleBeanCollection(DefaultListableBeanFactory.java:1863)
	at org.springframework.beans.factory.support.DefaultListableBeanFactory.resolveMultipleBeans(DefaultListableBeanFactory.java:1833)
	at org.springframework.beans.factory.support.DefaultListableBeanFactory.doResolveDependency(DefaultListableBeanFactory.java:1711)
	at org.springframework.beans.factory.support.DefaultListableBeanFactory.resolveDependency(DefaultListableBeanFactory.java:1651)
	at org.springframework.beans.factory.annotation.AutowiredAnnotationBeanPostProcessor$AutowiredMethodElement.resolveMethodArguments(AutowiredAnnotationBeanPostProcessor.java:864)
	... 25 common frames omitted
Caused by: org.springframework.beans.BeanInstantiationException: Failed to instantiate [org.springframework.security.web.SecurityFilterChain]: Factory method 'defaultSecurityFilterChain' threw exception with message: Unresolved compilation problems: 
	The left-hand side of an assignment must be a variable
	Syntax error on token "Invalid Character", invalid AssignmentOperator

	at org.springframework.beans.factory.support.SimpleInstantiationStrategy.lambda$instantiate$0(SimpleInstantiationStrategy.java:183)
	at org.springframework.beans.factory.support.SimpleInstantiationStrategy.instantiateWithFactoryMethod(SimpleInstantiationStrategy.java:72)
	at org.springframework.beans.factory.support.SimpleInstantiationStrategy.instantiate(SimpleInstantiationStrategy.java:152)
	at org.springframework.beans.factory.support.ConstructorResolver.instantiate(ConstructorResolver.java:653)
	... 42 common frames omitted
Caused by: java.lang.Error: Unresolved compilation problems: 
	The left-hand side of an assignment must be a variable
	Syntax error on token "Invalid Character", invalid AssignmentOperator

	at com.eazybytes.jobportal.security.JobPortalSecurityConfig.defaultSecurityFilterChain(JobPortalSecurityConfig.java:69)
	at com.eazybytes.jobportal.security.JobPortalSecurityConfig$$SpringCGLIB$$0.CGLIB$defaultSecurityFilterChain$2(<generated>)
	at com.eazybytes.jobportal.security.JobPortalSecurityConfig$$SpringCGLIB$$FastClass$$1.invoke(<generated>)
	at org.springframework.cglib.proxy.MethodProxy.invokeSuper(MethodProxy.java:258)
	at org.springframework.context.annotation.ConfigurationClassEnhancer$BeanMethodInterceptor.intercept(ConfigurationClassEnhancer.java:398)
	at com.eazybytes.jobportal.security.JobPortalSecurityConfig$$SpringCGLIB$$0.defaultSecurityFilterChain(<generated>)
	at java.base/jdk.internal.reflect.DirectMethodHandleAccessor.invoke(DirectMethodHandleAccessor.java:104)
	at java.base/java.lang.reflect.Method.invoke(Method.java:565)
	at org.springframework.aop.support.AopUtils.invokeJoinpointUsingReflection(AopUtils.java:359)
	at org.springframework.aop.framework.ReflectiveMethodInvocation.invokeJoinpoint(ReflectiveMethodInvocation.java:190)
	at org.springframework.aop.framework.ReflectiveMethodInvocation.proceed(ReflectiveMethodInvocation.java:158)
	at org.springframework.aop.aspectj.AspectJAfterThrowingAdvice.invoke(AspectJAfterThrowingAdvice.java:63)
	at org.springframework.aop.framework.ReflectiveMethodInvocation.proceed(ReflectiveMethodInvocation.java:179)
	at org.springframework.aop.interceptor.ExposeInvocationInterceptor.invoke(ExposeInvocationInterceptor.java:96)
	at org.springframework.aop.framework.ReflectiveMethodInvocation.proceed(ReflectiveMethodInvocation.java:179)
	at org.springframework.aop.framework.CglibAopProxy$DynamicAdvisedInterceptor.intercept(CglibAopProxy.java:719)
	at com.eazybytes.jobportal.security.JobPortalSecurityConfig$$SpringCGLIB$$1.defaultSecurityFilterChain(<generated>)
	at java.base/jdk.internal.reflect.DirectMethodHandleAccessor.invoke(DirectMethodHandleAccessor.java:104)
	at java.base/java.lang.reflect.Method.invoke(Method.java:565)
	at org.springframework.beans.factory.support.SimpleInstantiationStrategy.lambda$instantiate$0(SimpleInstantiationStrategy.java:155)
	... 45 common frames omitted
{"timestamp":"2026-06-05 12:15:14","level":"INFO","logger":"org.springframework.data.repository.config.RepositoryConfigurationDelegate","message":"Bootstrapping Spring Data JPA repositories in DEFAULT mode."}{"timestamp":"2026-06-05 12:15:14","level":"INFO","logger":"org.springframework.data.repository.config.RepositoryConfigurationDelegate","message":"Finished Spring Data repository scanning in 118 ms. Found 4 JPA repository interfaces."}{"timestamp":"2026-06-05 12:15:14","level":"INFO","logger":"org.springframework.boot.tomcat.TomcatWebServer","message":"Tomcat initialized with port 8080 (http)"}{"timestamp":"2026-06-05 12:15:14","level":"INFO","logger":"org.apache.coyote.http11.Http11NioProtocol","message":"Initializing ProtocolHandler ["http-nio-8080"]"}{"timestamp":"2026-06-05 12:15:14","level":"INFO","logger":"org.apache.catalina.core.StandardService","message":"Starting service [Tomcat]"}{"timestamp":"2026-06-05 12:15:14","level":"INFO","logger":"org.apache.catalina.core.StandardEngine","message":"Starting Servlet engine: [Apache Tomcat/11.0.20]"}{"timestamp":"2026-06-05 12:15:14","level":"INFO","logger":"org.springframework.boot.web.context.servlet.WebApplicationContextInitializer","message":"Root WebApplicationContext: initialization completed in 1156 ms"}{"timestamp":"2026-06-05 12:15:14","level":"INFO","logger":"org.hibernate.orm.jpa","message":"HHH008540: Processing PersistenceUnitInfo [name: default]"}{"timestamp":"2026-06-05 12:15:14","level":"INFO","logger":"org.springframework.orm.jpa.persistenceunit.SpringPersistenceUnitInfo","message":"No LoadTimeWeaver setup: ignoring JPA class transformer"}{"timestamp":"2026-06-05 12:15:14","level":"INFO","logger":"com.zaxxer.hikari.HikariDataSource","message":"HikariPool-3 - Starting..."}{"timestamp":"2026-06-05 12:15:14","level":"INFO","logger":"com.zaxxer.hikari.pool.HikariPool","message":"HikariPool-3 - Added connection com.mysql.cj.jdbc.ConnectionImpl@1281afb3"}{"timestamp":"2026-06-05 12:15:14","level":"INFO","logger":"com.zaxxer.hikari.HikariDataSource","message":"HikariPool-3 - Start completed."}{"timestamp":"2026-06-05 12:15:14","level":"WARN","logger":"org.hibernate.orm.deprecation","message":"HHH90000025: MySQLDialect does not need to be specified explicitly using 'hibernate.dialect' (remove the property setting and it will be selected by default)"}{"timestamp":"2026-06-05 12:15:14","level":"INFO","logger":"org.hibernate.orm.connections.pooling","message":"HHH10001005: Database info:
	Database JDBC URL [jdbc:mysql://localhost:3306/jobportaldb?useSSL=false&serverTimezone=UTC&allowPublicKeyRetrieval=true]
	Database driver: MySQL Connector/J
	Database dialect: MySQLDialect
	Database version: 8.0.46
	Default catalog/schema: jobportaldb/undefined
	Autocommit mode: undefined/unknown
	Isolation level: REPEATABLE_READ [default REPEATABLE_READ]
	JDBC fetch size: none
	Pool: DataSourceConnectionProvider
	Minimum pool size: undefined/unknown
	Maximum pool size: undefined/unknown"}{"timestamp":"2026-06-05 12:15:14","level":"DEBUG","logger":"org.hibernate.tool.schema.spi.SchemaManagementToolCoordinator","message":"No schema actions specified for contributor 'orm'"}{"timestamp":"2026-06-05 12:15:14","level":"INFO","logger":"org.hibernate.orm.core","message":"HHH000489: No JTA platform available (set 'hibernate.transaction.jta.platform' to enable JTA platform integration)"}{"timestamp":"2026-06-05 12:15:14","level":"DEBUG","logger":"org.hibernate.tool.schema.spi.SchemaManagementToolCoordinator","message":"No schema actions specified for contributor 'orm'"}{"timestamp":"2026-06-05 12:15:14","level":"DEBUG","logger":"org.hibernate.tool.schema.spi.SchemaManagementToolCoordinator","message":"No schema management actions found"}{"timestamp":"2026-06-05 12:15:14","level":"INFO","logger":"org.springframework.orm.jpa.LocalContainerEntityManagerFactoryBean","message":"Initialized JPA EntityManagerFactory for persistence unit 'default'"}{"timestamp":"2026-06-05 12:15:15","level":"WARN","logger":"org.springframework.boot.jpa.autoconfigure.JpaBaseConfiguration$JpaWebConfiguration","message":"spring.jpa.open-in-view is enabled by default. Therefore, database queries may be performed during view rendering. Explicitly configure spring.jpa.open-in-view to disable this warning"}{"timestamp":"2026-06-05 12:15:15","level":"INFO","logger":"org.springframework.security.config.annotation.authentication.configuration.InitializeAuthenticationProviderBeanManagerConfigurer$InitializeAuthenticationProviderManagerConfigurer","message":"Global AuthenticationManager configured with AuthenticationProvider bean with name jobPortalUsernamePwdAuthenticationProvider"}{"timestamp":"2026-06-05 12:15:15","level":"WARN","logger":"org.springframework.boot.web.server.servlet.context.AnnotationConfigServletWebServerApplicationContext","message":"Exception encountered during context initialization - cancelling refresh attempt: org.springframework.beans.factory.UnsatisfiedDependencyException: Error creating bean with name 'org.springframework.security.config.annotation.web.configuration.WebSecurityConfiguration': Unsatisfied dependency expressed through method 'setFilterChains' parameter 0: Error creating bean with name 'defaultSecurityFilterChain' defined in class path resource [com/eazybytes/jobportal/security/JobPortalSecurityConfig.class]: Failed to instantiate [org.springframework.security.web.SecurityFilterChain]: Factory method 'defaultSecurityFilterChain' threw exception with message: Unresolved compilation problem: 
	Syntax error on tokens, delete these tokens
"}{"timestamp":"2026-06-05 12:15:15","level":"INFO","logger":"org.springframework.orm.jpa.LocalContainerEntityManagerFactoryBean","message":"Closing JPA EntityManagerFactory for persistence unit 'default'"}{"timestamp":"2026-06-05 12:15:15","level":"INFO","logger":"com.zaxxer.hikari.HikariDataSource","message":"HikariPool-3 - Shutdown initiated..."}{"timestamp":"2026-06-05 12:15:15","level":"INFO","logger":"com.zaxxer.hikari.HikariDataSource","message":"HikariPool-3 - Shutdown completed."}{"timestamp":"2026-06-05 12:15:15","level":"INFO","logger":"org.apache.catalina.core.StandardService","message":"Stopping service [Tomcat]"}{"timestamp":"2026-06-05 12:15:15","level":"INFO","logger":"org.springframework.boot.autoconfigure.logging.ConditionEvaluationReportLogger","message":"

Error starting ApplicationContext. To display the condition evaluation report re-run your application with 'debug' enabled."}{"timestamp":"2026-06-05 12:15:15","level":"ERROR","logger":"org.springframework.boot.SpringApplication","message":"Application run failed"}org.springframework.beans.factory.UnsatisfiedDependencyException: Error creating bean with name 'org.springframework.security.config.annotation.web.configuration.WebSecurityConfiguration': Unsatisfied dependency expressed through method 'setFilterChains' parameter 0: Error creating bean with name 'defaultSecurityFilterChain' defined in class path resource [com/eazybytes/jobportal/security/JobPortalSecurityConfig.class]: Failed to instantiate [org.springframework.security.web.SecurityFilterChain]: Factory method 'defaultSecurityFilterChain' threw exception with message: Unresolved compilation problem: 
	Syntax error on tokens, delete these tokens

	at org.springframework.beans.factory.annotation.AutowiredAnnotationBeanPostProcessor$AutowiredMethodElement.resolveMethodArguments(AutowiredAnnotationBeanPostProcessor.java:872)
	at org.springframework.beans.factory.annotation.AutowiredAnnotationBeanPostProcessor$AutowiredMethodElement.inject(AutowiredAnnotationBeanPostProcessor.java:827)
	at org.springframework.beans.factory.annotation.InjectionMetadata.inject(InjectionMetadata.java:146)
	at org.springframework.beans.factory.annotation.AutowiredAnnotationBeanPostProcessor.postProcessProperties(AutowiredAnnotationBeanPostProcessor.java:493)
	at org.springframework.beans.factory.support.AbstractAutowireCapableBeanFactory.populateBean(AbstractAutowireCapableBeanFactory.java:1446)
	at org.springframework.beans.factory.support.AbstractAutowireCapableBeanFactory.doCreateBean(AbstractAutowireCapableBeanFactory.java:602)
	at org.springframework.beans.factory.support.AbstractAutowireCapableBeanFactory.createBean(AbstractAutowireCapableBeanFactory.java:525)
	at org.springframework.beans.factory.support.AbstractBeanFactory.lambda$doGetBean$0(AbstractBeanFactory.java:333)
	at org.springframework.beans.factory.support.DefaultSingletonBeanRegistry.getSingleton(DefaultSingletonBeanRegistry.java:371)
	at org.springframework.beans.factory.support.AbstractBeanFactory.doGetBean(AbstractBeanFactory.java:331)
	at org.springframework.beans.factory.support.AbstractBeanFactory.getBean(AbstractBeanFactory.java:196)
	at org.springframework.beans.factory.support.DefaultListableBeanFactory.instantiateSingleton(DefaultListableBeanFactory.java:1218)
	at org.springframework.beans.factory.support.DefaultListableBeanFactory.preInstantiateSingleton(DefaultListableBeanFactory.java:1184)
	at org.springframework.beans.factory.support.DefaultListableBeanFactory.preInstantiateSingletons(DefaultListableBeanFactory.java:1121)
	at org.springframework.context.support.AbstractApplicationContext.finishBeanFactoryInitialization(AbstractApplicationContext.java:994)
	at org.springframework.context.support.AbstractApplicationContext.refresh(AbstractApplicationContext.java:621)
	at org.springframework.boot.web.server.servlet.context.ServletWebServerApplicationContext.refresh(ServletWebServerApplicationContext.java:143)
	at org.springframework.boot.SpringApplication.refresh(SpringApplication.java:756)
	at org.springframework.boot.SpringApplication.refreshContext(SpringApplication.java:445)
	at org.springframework.boot.SpringApplication.run(SpringApplication.java:321)
	at org.springframework.boot.SpringApplication.run(SpringApplication.java:1365)
	at org.springframework.boot.SpringApplication.run(SpringApplication.java:1354)
	at com.eazybytes.jobportal.JobportalApplication.main(JobportalApplication.java:12)
	at java.base/jdk.internal.reflect.DirectMethodHandleAccessor.invoke(DirectMethodHandleAccessor.java:104)
	at java.base/java.lang.reflect.Method.invoke(Method.java:565)
	at org.springframework.boot.devtools.restart.RestartLauncher.run(RestartLauncher.java:52)
Caused by: org.springframework.beans.factory.BeanCreationException: Error creating bean with name 'defaultSecurityFilterChain' defined in class path resource [com/eazybytes/jobportal/security/JobPortalSecurityConfig.class]: Failed to instantiate [org.springframework.security.web.SecurityFilterChain]: Factory method 'defaultSecurityFilterChain' threw exception with message: Unresolved compilation problem: 
	Syntax error on tokens, delete these tokens

	at org.springframework.beans.factory.support.ConstructorResolver.instantiate(ConstructorResolver.java:657)
	at org.springframework.beans.factory.support.ConstructorResolver.instantiateUsingFactoryMethod(ConstructorResolver.java:645)
	at org.springframework.beans.factory.support.AbstractAutowireCapableBeanFactory.instantiateUsingFactoryMethod(AbstractAutowireCapableBeanFactory.java:1362)
	at org.springframework.beans.factory.support.AbstractAutowireCapableBeanFactory.createBeanInstance(AbstractAutowireCapableBeanFactory.java:1194)
	at org.springframework.beans.factory.support.AbstractAutowireCapableBeanFactory.doCreateBean(AbstractAutowireCapableBeanFactory.java:565)
	at org.springframework.beans.factory.support.AbstractAutowireCapableBeanFactory.createBean(AbstractAutowireCapableBeanFactory.java:525)
	at org.springframework.beans.factory.support.AbstractBeanFactory.lambda$doGetBean$0(AbstractBeanFactory.java:333)
	at org.springframework.beans.factory.support.DefaultSingletonBeanRegistry.getSingleton(DefaultSingletonBeanRegistry.java:371)
	at org.springframework.beans.factory.support.AbstractBeanFactory.doGetBean(AbstractBeanFactory.java:331)
	at org.springframework.beans.factory.support.AbstractBeanFactory.getBean(AbstractBeanFactory.java:201)
	at org.springframework.beans.factory.config.DependencyDescriptor.resolveCandidate(DependencyDescriptor.java:229)
	at org.springframework.beans.factory.support.DefaultListableBeanFactory.addCandidateEntry(DefaultListableBeanFactory.java:2008)
	at org.springframework.beans.factory.support.DefaultListableBeanFactory.findAutowireCandidates(DefaultListableBeanFactory.java:1971)
	at org.springframework.beans.factory.support.DefaultListableBeanFactory.resolveMultipleBeanCollection(DefaultListableBeanFactory.java:1863)
	at org.springframework.beans.factory.support.DefaultListableBeanFactory.resolveMultipleBeans(DefaultListableBeanFactory.java:1833)
	at org.springframework.beans.factory.support.DefaultListableBeanFactory.doResolveDependency(DefaultListableBeanFactory.java:1711)
	at org.springframework.beans.factory.support.DefaultListableBeanFactory.resolveDependency(DefaultListableBeanFactory.java:1651)
	at org.springframework.beans.factory.annotation.AutowiredAnnotationBeanPostProcessor$AutowiredMethodElement.resolveMethodArguments(AutowiredAnnotationBeanPostProcessor.java:864)
	... 25 common frames omitted
Caused by: org.springframework.beans.BeanInstantiationException: Failed to instantiate [org.springframework.security.web.SecurityFilterChain]: Factory method 'defaultSecurityFilterChain' threw exception with message: Unresolved compilation problem: 
	Syntax error on tokens, delete these tokens

	at org.springframework.beans.factory.support.SimpleInstantiationStrategy.lambda$instantiate$0(SimpleInstantiationStrategy.java:183)
	at org.springframework.beans.factory.support.SimpleInstantiationStrategy.instantiateWithFactoryMethod(SimpleInstantiationStrategy.java:72)
	at org.springframework.beans.factory.support.SimpleInstantiationStrategy.instantiate(SimpleInstantiationStrategy.java:152)
	at org.springframework.beans.factory.support.ConstructorResolver.instantiate(ConstructorResolver.java:653)
	... 42 common frames omitted
Caused by: java.lang.Error: Unresolved compilation problem: 
	Syntax error on tokens, delete these tokens

	at com.eazybytes.jobportal.security.JobPortalSecurityConfig.defaultSecurityFilterChain(JobPortalSecurityConfig.java:69)
	at com.eazybytes.jobportal.security.JobPortalSecurityConfig$$SpringCGLIB$$0.CGLIB$defaultSecurityFilterChain$2(<generated>)
	at com.eazybytes.jobportal.security.JobPortalSecurityConfig$$SpringCGLIB$$FastClass$$1.invoke(<generated>)
	at org.springframework.cglib.proxy.MethodProxy.invokeSuper(MethodProxy.java:258)
	at org.springframework.context.annotation.ConfigurationClassEnhancer$BeanMethodInterceptor.intercept(ConfigurationClassEnhancer.java:398)
	at com.eazybytes.jobportal.security.JobPortalSecurityConfig$$SpringCGLIB$$0.defaultSecurityFilterChain(<generated>)
	at java.base/jdk.internal.reflect.DirectMethodHandleAccessor.invoke(DirectMethodHandleAccessor.java:104)
	at java.base/java.lang.reflect.Method.invoke(Method.java:565)
	at org.springframework.aop.support.AopUtils.invokeJoinpointUsingReflection(AopUtils.java:359)
	at org.springframework.aop.framework.ReflectiveMethodInvocation.invokeJoinpoint(ReflectiveMethodInvocation.java:190)
	at org.springframework.aop.framework.ReflectiveMethodInvocation.proceed(ReflectiveMethodInvocation.java:158)
	at org.springframework.aop.aspectj.AspectJAfterThrowingAdvice.invoke(AspectJAfterThrowingAdvice.java:63)
	at org.springframework.aop.framework.ReflectiveMethodInvocation.proceed(ReflectiveMethodInvocation.java:179)
	at org.springframework.aop.interceptor.ExposeInvocationInterceptor.invoke(ExposeInvocationInterceptor.java:96)
	at org.springframework.aop.framework.ReflectiveMethodInvocation.proceed(ReflectiveMethodInvocation.java:179)
	at org.springframework.aop.framework.CglibAopProxy$DynamicAdvisedInterceptor.intercept(CglibAopProxy.java:719)
	at com.eazybytes.jobportal.security.JobPortalSecurityConfig$$SpringCGLIB$$1.defaultSecurityFilterChain(<generated>)
	at java.base/jdk.internal.reflect.DirectMethodHandleAccessor.invoke(DirectMethodHandleAccessor.java:104)
	at java.base/java.lang.reflect.Method.invoke(Method.java:565)
	at org.springframework.beans.factory.support.SimpleInstantiationStrategy.lambda$instantiate$0(SimpleInstantiationStrategy.java:155)
	... 45 common frames omitted
{"timestamp":"2026-06-05 12:15:19","level":"INFO","logger":"org.springframework.data.repository.config.RepositoryConfigurationDelegate","message":"Bootstrapping Spring Data JPA repositories in DEFAULT mode."}{"timestamp":"2026-06-05 12:15:19","level":"INFO","logger":"org.springframework.data.repository.config.RepositoryConfigurationDelegate","message":"Finished Spring Data repository scanning in 47 ms. Found 4 JPA repository interfaces."}{"timestamp":"2026-06-05 12:15:19","level":"INFO","logger":"org.springframework.boot.tomcat.TomcatWebServer","message":"Tomcat initialized with port 8080 (http)"}{"timestamp":"2026-06-05 12:15:19","level":"INFO","logger":"org.apache.coyote.http11.Http11NioProtocol","message":"Initializing ProtocolHandler ["http-nio-8080"]"}{"timestamp":"2026-06-05 12:15:19","level":"INFO","logger":"org.apache.catalina.core.StandardService","message":"Starting service [Tomcat]"}{"timestamp":"2026-06-05 12:15:19","level":"INFO","logger":"org.apache.catalina.core.StandardEngine","message":"Starting Servlet engine: [Apache Tomcat/11.0.20]"}{"timestamp":"2026-06-05 12:15:19","level":"INFO","logger":"org.springframework.boot.web.context.servlet.WebApplicationContextInitializer","message":"Root WebApplicationContext: initialization completed in 855 ms"}{"timestamp":"2026-06-05 12:15:20","level":"INFO","logger":"org.hibernate.orm.jpa","message":"HHH008540: Processing PersistenceUnitInfo [name: default]"}{"timestamp":"2026-06-05 12:15:20","level":"INFO","logger":"org.springframework.orm.jpa.persistenceunit.SpringPersistenceUnitInfo","message":"No LoadTimeWeaver setup: ignoring JPA class transformer"}{"timestamp":"2026-06-05 12:15:20","level":"INFO","logger":"com.zaxxer.hikari.HikariDataSource","message":"HikariPool-4 - Starting..."}{"timestamp":"2026-06-05 12:15:20","level":"INFO","logger":"com.zaxxer.hikari.pool.HikariPool","message":"HikariPool-4 - Added connection com.mysql.cj.jdbc.ConnectionImpl@2acdbae5"}{"timestamp":"2026-06-05 12:15:20","level":"INFO","logger":"com.zaxxer.hikari.HikariDataSource","message":"HikariPool-4 - Start completed."}{"timestamp":"2026-06-05 12:15:20","level":"WARN","logger":"org.hibernate.orm.deprecation","message":"HHH90000025: MySQLDialect does not need to be specified explicitly using 'hibernate.dialect' (remove the property setting and it will be selected by default)"}{"timestamp":"2026-06-05 12:15:20","level":"INFO","logger":"org.hibernate.orm.connections.pooling","message":"HHH10001005: Database info:
	Database JDBC URL [jdbc:mysql://localhost:3306/jobportaldb?useSSL=false&serverTimezone=UTC&allowPublicKeyRetrieval=true]
	Database driver: MySQL Connector/J
	Database dialect: MySQLDialect
	Database version: 8.0.46
	Default catalog/schema: jobportaldb/undefined
	Autocommit mode: undefined/unknown
	Isolation level: REPEATABLE_READ [default REPEATABLE_READ]
	JDBC fetch size: none
	Pool: DataSourceConnectionProvider
	Minimum pool size: undefined/unknown
	Maximum pool size: undefined/unknown"}{"timestamp":"2026-06-05 12:15:20","level":"DEBUG","logger":"org.hibernate.tool.schema.spi.SchemaManagementToolCoordinator","message":"No schema actions specified for contributor 'orm'"}{"timestamp":"2026-06-05 12:15:20","level":"INFO","logger":"org.hibernate.orm.core","message":"HHH000489: No JTA platform available (set 'hibernate.transaction.jta.platform' to enable JTA platform integration)"}{"timestamp":"2026-06-05 12:15:20","level":"DEBUG","logger":"org.hibernate.tool.schema.spi.SchemaManagementToolCoordinator","message":"No schema actions specified for contributor 'orm'"}{"timestamp":"2026-06-05 12:15:20","level":"DEBUG","logger":"org.hibernate.tool.schema.spi.SchemaManagementToolCoordinator","message":"No schema management actions found"}{"timestamp":"2026-06-05 12:15:20","level":"INFO","logger":"org.springframework.orm.jpa.LocalContainerEntityManagerFactoryBean","message":"Initialized JPA EntityManagerFactory for persistence unit 'default'"}{"timestamp":"2026-06-05 12:15:21","level":"WARN","logger":"org.springframework.boot.jpa.autoconfigure.JpaBaseConfiguration$JpaWebConfiguration","message":"spring.jpa.open-in-view is enabled by default. Therefore, database queries may be performed during view rendering. Explicitly configure spring.jpa.open-in-view to disable this warning"}{"timestamp":"2026-06-05 12:15:21","level":"INFO","logger":"org.springframework.security.config.annotation.authentication.configuration.InitializeAuthenticationProviderBeanManagerConfigurer$InitializeAuthenticationProviderManagerConfigurer","message":"Global AuthenticationManager configured with AuthenticationProvider bean with name jobPortalUsernamePwdAuthenticationProvider"}{"timestamp":"2026-06-05 12:15:21","level":"WARN","logger":"org.springframework.boot.web.server.servlet.context.AnnotationConfigServletWebServerApplicationContext","message":"Exception encountered during context initialization - cancelling refresh attempt: org.springframework.beans.factory.UnsatisfiedDependencyException: Error creating bean with name 'org.springframework.security.config.annotation.web.configuration.WebSecurityConfiguration': Unsatisfied dependency expressed through method 'setFilterChains' parameter 0: Error creating bean with name 'defaultSecurityFilterChain' defined in class path resource [com/eazybytes/jobportal/security/JobPortalSecurityConfig.class]: Failed to instantiate [org.springframework.security.web.SecurityFilterChain]: Factory method 'defaultSecurityFilterChain' threw exception with message: Unresolved compilation problems: 
	response cannot be resolved
	response cannot be resolved
	Syntax error on token "You", instanceof expected
	Invalid character constant
	Invalid character constant
	Syntax error on token "permission", instanceof expected
	Syntax error on tokens, delete these tokens
"}{"timestamp":"2026-06-05 12:15:21","level":"INFO","logger":"org.springframework.orm.jpa.LocalContainerEntityManagerFactoryBean","message":"Closing JPA EntityManagerFactory for persistence unit 'default'"}{"timestamp":"2026-06-05 12:15:21","level":"INFO","logger":"com.zaxxer.hikari.HikariDataSource","message":"HikariPool-4 - Shutdown initiated..."}{"timestamp":"2026-06-05 12:15:21","level":"INFO","logger":"com.zaxxer.hikari.HikariDataSource","message":"HikariPool-4 - Shutdown completed."}{"timestamp":"2026-06-05 12:15:21","level":"INFO","logger":"org.apache.catalina.core.StandardService","message":"Stopping service [Tomcat]"}{"timestamp":"2026-06-05 12:15:21","level":"INFO","logger":"org.springframework.boot.autoconfigure.logging.ConditionEvaluationReportLogger","message":"

Error starting ApplicationContext. To display the condition evaluation report re-run your application with 'debug' enabled."}{"timestamp":"2026-06-05 12:15:21","level":"ERROR","logger":"org.springframework.boot.SpringApplication","message":"Application run failed"}org.springframework.beans.factory.UnsatisfiedDependencyException: Error creating bean with name 'org.springframework.security.config.annotation.web.configuration.WebSecurityConfiguration': Unsatisfied dependency expressed through method 'setFilterChains' parameter 0: Error creating bean with name 'defaultSecurityFilterChain' defined in class path resource [com/eazybytes/jobportal/security/JobPortalSecurityConfig.class]: Failed to instantiate [org.springframework.security.web.SecurityFilterChain]: Factory method 'defaultSecurityFilterChain' threw exception with message: Unresolved compilation problems: 
	response cannot be resolved
	response cannot be resolved
	Syntax error on token "You", instanceof expected
	Invalid character constant
	Invalid character constant
	Syntax error on token "permission", instanceof expected
	Syntax error on tokens, delete these tokens

	at org.springframework.beans.factory.annotation.AutowiredAnnotationBeanPostProcessor$AutowiredMethodElement.resolveMethodArguments(AutowiredAnnotationBeanPostProcessor.java:872)
	at org.springframework.beans.factory.annotation.AutowiredAnnotationBeanPostProcessor$AutowiredMethodElement.inject(AutowiredAnnotationBeanPostProcessor.java:827)
	at org.springframework.beans.factory.annotation.InjectionMetadata.inject(InjectionMetadata.java:146)
	at org.springframework.beans.factory.annotation.AutowiredAnnotationBeanPostProcessor.postProcessProperties(AutowiredAnnotationBeanPostProcessor.java:493)
	at org.springframework.beans.factory.support.AbstractAutowireCapableBeanFactory.populateBean(AbstractAutowireCapableBeanFactory.java:1446)
	at org.springframework.beans.factory.support.AbstractAutowireCapableBeanFactory.doCreateBean(AbstractAutowireCapableBeanFactory.java:602)
	at org.springframework.beans.factory.support.AbstractAutowireCapableBeanFactory.createBean(AbstractAutowireCapableBeanFactory.java:525)
	at org.springframework.beans.factory.support.AbstractBeanFactory.lambda$doGetBean$0(AbstractBeanFactory.java:333)
	at org.springframework.beans.factory.support.DefaultSingletonBeanRegistry.getSingleton(DefaultSingletonBeanRegistry.java:371)
	at org.springframework.beans.factory.support.AbstractBeanFactory.doGetBean(AbstractBeanFactory.java:331)
	at org.springframework.beans.factory.support.AbstractBeanFactory.getBean(AbstractBeanFactory.java:196)
	at org.springframework.beans.factory.support.DefaultListableBeanFactory.instantiateSingleton(DefaultListableBeanFactory.java:1218)
	at org.springframework.beans.factory.support.DefaultListableBeanFactory.preInstantiateSingleton(DefaultListableBeanFactory.java:1184)
	at org.springframework.beans.factory.support.DefaultListableBeanFactory.preInstantiateSingletons(DefaultListableBeanFactory.java:1121)
	at org.springframework.context.support.AbstractApplicationContext.finishBeanFactoryInitialization(AbstractApplicationContext.java:994)
	at org.springframework.context.support.AbstractApplicationContext.refresh(AbstractApplicationContext.java:621)
	at org.springframework.boot.web.server.servlet.context.ServletWebServerApplicationContext.refresh(ServletWebServerApplicationContext.java:143)
	at org.springframework.boot.SpringApplication.refresh(SpringApplication.java:756)
	at org.springframework.boot.SpringApplication.refreshContext(SpringApplication.java:445)
	at org.springframework.boot.SpringApplication.run(SpringApplication.java:321)
	at org.springframework.boot.SpringApplication.run(SpringApplication.java:1365)
	at org.springframework.boot.SpringApplication.run(SpringApplication.java:1354)
	at com.eazybytes.jobportal.JobportalApplication.main(JobportalApplication.java:12)
	at java.base/jdk.internal.reflect.DirectMethodHandleAccessor.invoke(DirectMethodHandleAccessor.java:104)
	at java.base/java.lang.reflect.Method.invoke(Method.java:565)
	at org.springframework.boot.devtools.restart.RestartLauncher.run(RestartLauncher.java:52)
Caused by: org.springframework.beans.factory.BeanCreationException: Error creating bean with name 'defaultSecurityFilterChain' defined in class path resource [com/eazybytes/jobportal/security/JobPortalSecurityConfig.class]: Failed to instantiate [org.springframework.security.web.SecurityFilterChain]: Factory method 'defaultSecurityFilterChain' threw exception with message: Unresolved compilation problems: 
	response cannot be resolved
	response cannot be resolved
	Syntax error on token "You", instanceof expected
	Invalid character constant
	Invalid character constant
	Syntax error on token "permission", instanceof expected
	Syntax error on tokens, delete these tokens

	at org.springframework.beans.factory.support.ConstructorResolver.instantiate(ConstructorResolver.java:657)
	at org.springframework.beans.factory.support.ConstructorResolver.instantiateUsingFactoryMethod(ConstructorResolver.java:645)
	at org.springframework.beans.factory.support.AbstractAutowireCapableBeanFactory.instantiateUsingFactoryMethod(AbstractAutowireCapableBeanFactory.java:1362)
	at org.springframework.beans.factory.support.AbstractAutowireCapableBeanFactory.createBeanInstance(AbstractAutowireCapableBeanFactory.java:1194)
	at org.springframework.beans.factory.support.AbstractAutowireCapableBeanFactory.doCreateBean(AbstractAutowireCapableBeanFactory.java:565)
	at org.springframework.beans.factory.support.AbstractAutowireCapableBeanFactory.createBean(AbstractAutowireCapableBeanFactory.java:525)
	at org.springframework.beans.factory.support.AbstractBeanFactory.lambda$doGetBean$0(AbstractBeanFactory.java:333)
	at org.springframework.beans.factory.support.DefaultSingletonBeanRegistry.getSingleton(DefaultSingletonBeanRegistry.java:371)
	at org.springframework.beans.factory.support.AbstractBeanFactory.doGetBean(AbstractBeanFactory.java:331)
	at org.springframework.beans.factory.support.AbstractBeanFactory.getBean(AbstractBeanFactory.java:201)
	at org.springframework.beans.factory.config.DependencyDescriptor.resolveCandidate(DependencyDescriptor.java:229)
	at org.springframework.beans.factory.support.DefaultListableBeanFactory.addCandidateEntry(DefaultListableBeanFactory.java:2008)
	at org.springframework.beans.factory.support.DefaultListableBeanFactory.findAutowireCandidates(DefaultListableBeanFactory.java:1971)
	at org.springframework.beans.factory.support.DefaultListableBeanFactory.resolveMultipleBeanCollection(DefaultListableBeanFactory.java:1863)
	at org.springframework.beans.factory.support.DefaultListableBeanFactory.resolveMultipleBeans(DefaultListableBeanFactory.java:1833)
	at org.springframework.beans.factory.support.DefaultListableBeanFactory.doResolveDependency(DefaultListableBeanFactory.java:1711)
	at org.springframework.beans.factory.support.DefaultListableBeanFactory.resolveDependency(DefaultListableBeanFactory.java:1651)
	at org.springframework.beans.factory.annotation.AutowiredAnnotationBeanPostProcessor$AutowiredMethodElement.resolveMethodArguments(AutowiredAnnotationBeanPostProcessor.java:864)
	... 25 common frames omitted
Caused by: org.springframework.beans.BeanInstantiationException: Failed to instantiate [org.springframework.security.web.SecurityFilterChain]: Factory method 'defaultSecurityFilterChain' threw exception with message: Unresolved compilation problems: 
	response cannot be resolved
	response cannot be resolved
	Syntax error on token "You", instanceof expected
	Invalid character constant
	Invalid character constant
	Syntax error on token "permission", instanceof expected
	Syntax error on tokens, delete these tokens

	at org.springframework.beans.factory.support.SimpleInstantiationStrategy.lambda$instantiate$0(SimpleInstantiationStrategy.java:183)
	at org.springframework.beans.factory.support.SimpleInstantiationStrategy.instantiateWithFactoryMethod(SimpleInstantiationStrategy.java:72)
	at org.springframework.beans.factory.support.SimpleInstantiationStrategy.instantiate(SimpleInstantiationStrategy.java:152)
	at org.springframework.beans.factory.support.ConstructorResolver.instantiate(ConstructorResolver.java:653)
	... 42 common frames omitted
Caused by: java.lang.Error: Unresolved compilation problems: 
	response cannot be resolved
	response cannot be resolved
	Syntax error on token "You", instanceof expected
	Invalid character constant
	Invalid character constant
	Syntax error on token "permission", instanceof expected
	Syntax error on tokens, delete these tokens

	at com.eazybytes.jobportal.security.JobPortalSecurityConfig.defaultSecurityFilterChain(JobPortalSecurityConfig.java:67)
	at com.eazybytes.jobportal.security.JobPortalSecurityConfig$$SpringCGLIB$$0.CGLIB$defaultSecurityFilterChain$2(<generated>)
	at com.eazybytes.jobportal.security.JobPortalSecurityConfig$$SpringCGLIB$$FastClass$$1.invoke(<generated>)
	at org.springframework.cglib.proxy.MethodProxy.invokeSuper(MethodProxy.java:258)
	at org.springframework.context.annotation.ConfigurationClassEnhancer$BeanMethodInterceptor.intercept(ConfigurationClassEnhancer.java:398)
	at com.eazybytes.jobportal.security.JobPortalSecurityConfig$$SpringCGLIB$$0.defaultSecurityFilterChain(<generated>)
	at java.base/jdk.internal.reflect.DirectMethodHandleAccessor.invoke(DirectMethodHandleAccessor.java:104)
	at java.base/java.lang.reflect.Method.invoke(Method.java:565)
	at org.springframework.aop.support.AopUtils.invokeJoinpointUsingReflection(AopUtils.java:359)
	at org.springframework.aop.framework.ReflectiveMethodInvocation.invokeJoinpoint(ReflectiveMethodInvocation.java:190)
	at org.springframework.aop.framework.ReflectiveMethodInvocation.proceed(ReflectiveMethodInvocation.java:158)
	at org.springframework.aop.aspectj.AspectJAfterThrowingAdvice.invoke(AspectJAfterThrowingAdvice.java:63)
	at org.springframework.aop.framework.ReflectiveMethodInvocation.proceed(ReflectiveMethodInvocation.java:179)
	at org.springframework.aop.interceptor.ExposeInvocationInterceptor.invoke(ExposeInvocationInterceptor.java:96)
	at org.springframework.aop.framework.ReflectiveMethodInvocation.proceed(ReflectiveMethodInvocation.java:179)
	at org.springframework.aop.framework.CglibAopProxy$DynamicAdvisedInterceptor.intercept(CglibAopProxy.java:719)
	at com.eazybytes.jobportal.security.JobPortalSecurityConfig$$SpringCGLIB$$1.defaultSecurityFilterChain(<generated>)
	at java.base/jdk.internal.reflect.DirectMethodHandleAccessor.invoke(DirectMethodHandleAccessor.java:104)
	at java.base/java.lang.reflect.Method.invoke(Method.java:565)
	at org.springframework.beans.factory.support.SimpleInstantiationStrategy.lambda$instantiate$0(SimpleInstantiationStrategy.java:155)
	... 45 common frames omitted
{"timestamp":"2026-06-05 12:15:32","level":"INFO","logger":"org.springframework.data.repository.config.RepositoryConfigurationDelegate","message":"Bootstrapping Spring Data JPA repositories in DEFAULT mode."}{"timestamp":"2026-06-05 12:15:32","level":"INFO","logger":"org.springframework.data.repository.config.RepositoryConfigurationDelegate","message":"Finished Spring Data repository scanning in 55 ms. Found 4 JPA repository interfaces."}{"timestamp":"2026-06-05 12:15:32","level":"INFO","logger":"org.springframework.boot.tomcat.TomcatWebServer","message":"Tomcat initialized with port 8080 (http)"}{"timestamp":"2026-06-05 12:15:32","level":"INFO","logger":"org.apache.coyote.http11.Http11NioProtocol","message":"Initializing ProtocolHandler ["http-nio-8080"]"}{"timestamp":"2026-06-05 12:15:32","level":"INFO","logger":"org.apache.catalina.core.StandardService","message":"Starting service [Tomcat]"}{"timestamp":"2026-06-05 12:15:32","level":"INFO","logger":"org.apache.catalina.core.StandardEngine","message":"Starting Servlet engine: [Apache Tomcat/11.0.20]"}{"timestamp":"2026-06-05 12:15:32","level":"INFO","logger":"org.springframework.boot.web.context.servlet.WebApplicationContextInitializer","message":"Root WebApplicationContext: initialization completed in 859 ms"}{"timestamp":"2026-06-05 12:15:32","level":"INFO","logger":"org.hibernate.orm.jpa","message":"HHH008540: Processing PersistenceUnitInfo [name: default]"}{"timestamp":"2026-06-05 12:15:32","level":"INFO","logger":"org.springframework.orm.jpa.persistenceunit.SpringPersistenceUnitInfo","message":"No LoadTimeWeaver setup: ignoring JPA class transformer"}{"timestamp":"2026-06-05 12:15:32","level":"INFO","logger":"com.zaxxer.hikari.HikariDataSource","message":"HikariPool-5 - Starting..."}{"timestamp":"2026-06-05 12:15:32","level":"INFO","logger":"com.zaxxer.hikari.pool.HikariPool","message":"HikariPool-5 - Added connection com.mysql.cj.jdbc.ConnectionImpl@13de3adb"}{"timestamp":"2026-06-05 12:15:32","level":"INFO","logger":"com.zaxxer.hikari.HikariDataSource","message":"HikariPool-5 - Start completed."}{"timestamp":"2026-06-05 12:15:32","level":"WARN","logger":"org.hibernate.orm.deprecation","message":"HHH90000025: MySQLDialect does not need to be specified explicitly using 'hibernate.dialect' (remove the property setting and it will be selected by default)"}{"timestamp":"2026-06-05 12:15:32","level":"INFO","logger":"org.hibernate.orm.connections.pooling","message":"HHH10001005: Database info:
	Database JDBC URL [jdbc:mysql://localhost:3306/jobportaldb?useSSL=false&serverTimezone=UTC&allowPublicKeyRetrieval=true]
	Database driver: MySQL Connector/J
	Database dialect: MySQLDialect
	Database version: 8.0.46
	Default catalog/schema: jobportaldb/undefined
	Autocommit mode: undefined/unknown
	Isolation level: REPEATABLE_READ [default REPEATABLE_READ]
	JDBC fetch size: none
	Pool: DataSourceConnectionProvider
	Minimum pool size: undefined/unknown
	Maximum pool size: undefined/unknown"}{"timestamp":"2026-06-05 12:15:33","level":"DEBUG","logger":"org.hibernate.tool.schema.spi.SchemaManagementToolCoordinator","message":"No schema actions specified for contributor 'orm'"}{"timestamp":"2026-06-05 12:15:33","level":"INFO","logger":"org.hibernate.orm.core","message":"HHH000489: No JTA platform available (set 'hibernate.transaction.jta.platform' to enable JTA platform integration)"}{"timestamp":"2026-06-05 12:15:33","level":"DEBUG","logger":"org.hibernate.tool.schema.spi.SchemaManagementToolCoordinator","message":"No schema actions specified for contributor 'orm'"}{"timestamp":"2026-06-05 12:15:33","level":"DEBUG","logger":"org.hibernate.tool.schema.spi.SchemaManagementToolCoordinator","message":"No schema management actions found"}{"timestamp":"2026-06-05 12:15:33","level":"INFO","logger":"org.springframework.orm.jpa.LocalContainerEntityManagerFactoryBean","message":"Initialized JPA EntityManagerFactory for persistence unit 'default'"}{"timestamp":"2026-06-05 12:15:33","level":"WARN","logger":"org.springframework.boot.jpa.autoconfigure.JpaBaseConfiguration$JpaWebConfiguration","message":"spring.jpa.open-in-view is enabled by default. Therefore, database queries may be performed during view rendering. Explicitly configure spring.jpa.open-in-view to disable this warning"}{"timestamp":"2026-06-05 12:15:33","level":"INFO","logger":"org.springframework.security.config.annotation.authentication.configuration.InitializeAuthenticationProviderBeanManagerConfigurer$InitializeAuthenticationProviderManagerConfigurer","message":"Global AuthenticationManager configured with AuthenticationProvider bean with name jobPortalUsernamePwdAuthenticationProvider"}{"timestamp":"2026-06-05 12:15:33","level":"DEBUG","logger":"org.springframework.security.web.DefaultSecurityFilterChain","message":"Will secure any request with filters: DisableEncodeUrlFilter, WebAsyncManagerIntegrationFilter, SecurityContextHolderFilter, HeaderWriterFilter, CorsFilter, CsrfFilter, LogoutFilter, JwtTokenValidatorFilter, RequestCacheAwareFilter, SecurityContextHolderAwareRequestFilter, AnonymousAuthenticationFilter, ExceptionTranslationFilter, AuthorizationFilter"}{"timestamp":"2026-06-05 12:15:34","level":"INFO","logger":"org.apache.coyote.http11.Http11NioProtocol","message":"Starting ProtocolHandler ["http-nio-8080"]"}{"timestamp":"2026-06-05 12:15:34","level":"INFO","logger":"org.springframework.boot.tomcat.TomcatWebServer","message":"Tomcat started on port 8080 (http) with context path '/'"}{"timestamp":"2026-06-05 12:15:34","level":"INFO","logger":"org.springframework.boot.devtools.autoconfigure.ConditionEvaluationDeltaLoggingListener","message":"Condition evaluation unchanged"}{"timestamp":"2026-06-05 12:15:36","level":"INFO","logger":"org.springframework.boot.devtools.autoconfigure.LocalDevToolsAutoConfiguration$RestartingClassPathChangeChangedEventListener","message":"Restarting due to 1 class path change (0 additions, 0 deletions, 1 modification)"}{"timestamp":"2026-06-05 12:15:36","level":"INFO","logger":"org.springframework.boot.tomcat.GracefulShutdown","message":"Commencing graceful shutdown. Waiting for active requests to complete"}{"timestamp":"2026-06-05 12:15:36","level":"INFO","logger":"org.apache.coyote.http11.Http11NioProtocol","message":"Pausing ProtocolHandler ["http-nio-8080"]"}{"timestamp":"2026-06-05 12:15:36","level":"INFO","logger":"org.springframework.boot.tomcat.GracefulShutdown","message":"Graceful shutdown complete"}{"timestamp":"2026-06-05 12:15:36","level":"INFO","logger":"org.apache.coyote.http11.Http11NioProtocol","message":"Stopping ProtocolHandler ["http-nio-8080"]"}{"timestamp":"2026-06-05 12:15:36","level":"INFO","logger":"org.springframework.orm.jpa.LocalContainerEntityManagerFactoryBean","message":"Closing JPA EntityManagerFactory for persistence unit 'default'"}{"timestamp":"2026-06-05 12:15:36","level":"INFO","logger":"com.zaxxer.hikari.HikariDataSource","message":"HikariPool-5 - Shutdown initiated..."}{"timestamp":"2026-06-05 12:15:36","level":"INFO","logger":"com.zaxxer.hikari.HikariDataSource","message":"HikariPool-5 - Shutdown completed."}{"timestamp":"2026-06-05 12:15:37","level":"INFO","logger":"org.springframework.data.repository.config.RepositoryConfigurationDelegate","message":"Bootstrapping Spring Data JPA repositories in DEFAULT mode."}{"timestamp":"2026-06-05 12:15:37","level":"INFO","logger":"org.springframework.data.repository.config.RepositoryConfigurationDelegate","message":"Finished Spring Data repository scanning in 73 ms. Found 4 JPA repository interfaces."}{"timestamp":"2026-06-05 12:15:37","level":"INFO","logger":"org.springframework.boot.tomcat.TomcatWebServer","message":"Tomcat initialized with port 8080 (http)"}{"timestamp":"2026-06-05 12:15:37","level":"INFO","logger":"org.apache.coyote.http11.Http11NioProtocol","message":"Initializing ProtocolHandler ["http-nio-8080"]"}{"timestamp":"2026-06-05 12:15:37","level":"INFO","logger":"org.apache.catalina.core.StandardService","message":"Starting service [Tomcat]"}{"timestamp":"2026-06-05 12:15:37","level":"INFO","logger":"org.apache.catalina.core.StandardEngine","message":"Starting Servlet engine: [Apache Tomcat/11.0.20]"}{"timestamp":"2026-06-05 12:15:37","level":"INFO","logger":"org.springframework.boot.web.context.servlet.WebApplicationContextInitializer","message":"Root WebApplicationContext: initialization completed in 1017 ms"}{"timestamp":"2026-06-05 12:15:37","level":"INFO","logger":"org.hibernate.orm.jpa","message":"HHH008540: Processing PersistenceUnitInfo [name: default]"}{"timestamp":"2026-06-05 12:15:38","level":"INFO","logger":"org.springframework.orm.jpa.persistenceunit.SpringPersistenceUnitInfo","message":"No LoadTimeWeaver setup: ignoring JPA class transformer"}{"timestamp":"2026-06-05 12:15:38","level":"INFO","logger":"com.zaxxer.hikari.HikariDataSource","message":"HikariPool-6 - Starting..."}{"timestamp":"2026-06-05 12:15:38","level":"INFO","logger":"com.zaxxer.hikari.pool.HikariPool","message":"HikariPool-6 - Added connection com.mysql.cj.jdbc.ConnectionImpl@179e536b"}{"timestamp":"2026-06-05 12:15:38","level":"INFO","logger":"com.zaxxer.hikari.HikariDataSource","message":"HikariPool-6 - Start completed."}{"timestamp":"2026-06-05 12:15:38","level":"WARN","logger":"org.hibernate.orm.deprecation","message":"HHH90000025: MySQLDialect does not need to be specified explicitly using 'hibernate.dialect' (remove the property setting and it will be selected by default)"}{"timestamp":"2026-06-05 12:15:38","level":"INFO","logger":"org.hibernate.orm.connections.pooling","message":"HHH10001005: Database info:
	Database JDBC URL [jdbc:mysql://localhost:3306/jobportaldb?useSSL=false&serverTimezone=UTC&allowPublicKeyRetrieval=true]
	Database driver: MySQL Connector/J
	Database dialect: MySQLDialect
	Database version: 8.0.46
	Default catalog/schema: jobportaldb/undefined
	Autocommit mode: undefined/unknown
	Isolation level: REPEATABLE_READ [default REPEATABLE_READ]
	JDBC fetch size: none
	Pool: DataSourceConnectionProvider
	Minimum pool size: undefined/unknown
	Maximum pool size: undefined/unknown"}{"timestamp":"2026-06-05 12:15:38","level":"DEBUG","logger":"org.hibernate.tool.schema.spi.SchemaManagementToolCoordinator","message":"No schema actions specified for contributor 'orm'"}{"timestamp":"2026-06-05 12:15:38","level":"INFO","logger":"org.hibernate.orm.core","message":"HHH000489: No JTA platform available (set 'hibernate.transaction.jta.platform' to enable JTA platform integration)"}{"timestamp":"2026-06-05 12:15:38","level":"DEBUG","logger":"org.hibernate.tool.schema.spi.SchemaManagementToolCoordinator","message":"No schema actions specified for contributor 'orm'"}{"timestamp":"2026-06-05 12:15:38","level":"DEBUG","logger":"org.hibernate.tool.schema.spi.SchemaManagementToolCoordinator","message":"No schema management actions found"}{"timestamp":"2026-06-05 12:15:38","level":"INFO","logger":"org.springframework.orm.jpa.LocalContainerEntityManagerFactoryBean","message":"Initialized JPA EntityManagerFactory for persistence unit 'default'"}{"timestamp":"2026-06-05 12:15:38","level":"WARN","logger":"org.springframework.boot.jpa.autoconfigure.JpaBaseConfiguration$JpaWebConfiguration","message":"spring.jpa.open-in-view is enabled by default. Therefore, database queries may be performed during view rendering. Explicitly configure spring.jpa.open-in-view to disable this warning"}{"timestamp":"2026-06-05 12:15:38","level":"INFO","logger":"org.springframework.security.config.annotation.authentication.configuration.InitializeAuthenticationProviderBeanManagerConfigurer$InitializeAuthenticationProviderManagerConfigurer","message":"Global AuthenticationManager configured with AuthenticationProvider bean with name jobPortalUsernamePwdAuthenticationProvider"}{"timestamp":"2026-06-05 12:15:38","level":"DEBUG","logger":"org.springframework.security.web.DefaultSecurityFilterChain","message":"Will secure any request with filters: DisableEncodeUrlFilter, WebAsyncManagerIntegrationFilter, SecurityContextHolderFilter, HeaderWriterFilter, CorsFilter, CsrfFilter, LogoutFilter, JwtTokenValidatorFilter, RequestCacheAwareFilter, SecurityContextHolderAwareRequestFilter, AnonymousAuthenticationFilter, ExceptionTranslationFilter, AuthorizationFilter"}{"timestamp":"2026-06-05 12:15:39","level":"INFO","logger":"org.apache.coyote.http11.Http11NioProtocol","message":"Starting ProtocolHandler ["http-nio-8080"]"}{"timestamp":"2026-06-05 12:15:39","level":"INFO","logger":"org.springframework.boot.tomcat.TomcatWebServer","message":"Tomcat started on port 8080 (http) with context path '/'"}{"timestamp":"2026-06-05 12:15:39","level":"INFO","logger":"org.springframework.boot.devtools.autoconfigure.ConditionEvaluationDeltaLoggingListener","message":"Condition evaluation unchanged"}{"timestamp":"2026-06-05 12:15:40","level":"INFO","logger":"org.springframework.boot.devtools.autoconfigure.LocalDevToolsAutoConfiguration$RestartingClassPathChangeChangedEventListener","message":"Restarting due to 1 class path change (0 additions, 0 deletions, 1 modification)"}{"timestamp":"2026-06-05 12:15:40","level":"INFO","logger":"org.springframework.boot.tomcat.GracefulShutdown","message":"Commencing graceful shutdown. Waiting for active requests to complete"}{"timestamp":"2026-06-05 12:15:40","level":"INFO","logger":"org.apache.coyote.http11.Http11NioProtocol","message":"Pausing ProtocolHandler ["http-nio-8080"]"}{"timestamp":"2026-06-05 12:15:40","level":"INFO","logger":"org.springframework.boot.tomcat.GracefulShutdown","message":"Graceful shutdown complete"}{"timestamp":"2026-06-05 12:15:40","level":"INFO","logger":"org.apache.coyote.http11.Http11NioProtocol","message":"Stopping ProtocolHandler ["http-nio-8080"]"}{"timestamp":"2026-06-05 12:15:40","level":"INFO","logger":"org.springframework.orm.jpa.LocalContainerEntityManagerFactoryBean","message":"Closing JPA EntityManagerFactory for persistence unit 'default'"}{"timestamp":"2026-06-05 12:15:40","level":"INFO","logger":"com.zaxxer.hikari.HikariDataSource","message":"HikariPool-6 - Shutdown initiated..."}{"timestamp":"2026-06-05 12:15:40","level":"INFO","logger":"com.zaxxer.hikari.HikariDataSource","message":"HikariPool-6 - Shutdown completed."}{"timestamp":"2026-06-05 12:15:41","level":"INFO","logger":"org.springframework.data.repository.config.RepositoryConfigurationDelegate","message":"Bootstrapping Spring Data JPA repositories in DEFAULT mode."}{"timestamp":"2026-06-05 12:15:41","level":"INFO","logger":"org.springframework.data.repository.config.RepositoryConfigurationDelegate","message":"Finished Spring Data repository scanning in 60 ms. Found 4 JPA repository interfaces."}{"timestamp":"2026-06-05 12:15:41","level":"INFO","logger":"org.springframework.boot.tomcat.TomcatWebServer","message":"Tomcat initialized with port 8080 (http)"}{"timestamp":"2026-06-05 12:15:41","level":"INFO","logger":"org.apache.coyote.http11.Http11NioProtocol","message":"Initializing ProtocolHandler ["http-nio-8080"]"}{"timestamp":"2026-06-05 12:15:41","level":"INFO","logger":"org.apache.catalina.core.StandardService","message":"Starting service [Tomcat]"}{"timestamp":"2026-06-05 12:15:41","level":"INFO","logger":"org.apache.catalina.core.StandardEngine","message":"Starting Servlet engine: [Apache Tomcat/11.0.20]"}{"timestamp":"2026-06-05 12:15:41","level":"INFO","logger":"org.springframework.boot.web.context.servlet.WebApplicationContextInitializer","message":"Root WebApplicationContext: initialization completed in 621 ms"}{"timestamp":"2026-06-05 12:15:41","level":"INFO","logger":"org.hibernate.orm.jpa","message":"HHH008540: Processing PersistenceUnitInfo [name: default]"}{"timestamp":"2026-06-05 12:15:41","level":"INFO","logger":"org.springframework.orm.jpa.persistenceunit.SpringPersistenceUnitInfo","message":"No LoadTimeWeaver setup: ignoring JPA class transformer"}{"timestamp":"2026-06-05 12:15:41","level":"INFO","logger":"com.zaxxer.hikari.HikariDataSource","message":"HikariPool-7 - Starting..."}{"timestamp":"2026-06-05 12:15:41","level":"INFO","logger":"com.zaxxer.hikari.pool.HikariPool","message":"HikariPool-7 - Added connection com.mysql.cj.jdbc.ConnectionImpl@1fc20e84"}{"timestamp":"2026-06-05 12:15:41","level":"INFO","logger":"com.zaxxer.hikari.HikariDataSource","message":"HikariPool-7 - Start completed."}{"timestamp":"2026-06-05 12:15:41","level":"WARN","logger":"org.hibernate.orm.deprecation","message":"HHH90000025: MySQLDialect does not need to be specified explicitly using 'hibernate.dialect' (remove the property setting and it will be selected by default)"}{"timestamp":"2026-06-05 12:15:41","level":"INFO","logger":"org.hibernate.orm.connections.pooling","message":"HHH10001005: Database info:
	Database JDBC URL [jdbc:mysql://localhost:3306/jobportaldb?useSSL=false&serverTimezone=UTC&allowPublicKeyRetrieval=true]
	Database driver: MySQL Connector/J
	Database dialect: MySQLDialect
	Database version: 8.0.46
	Default catalog/schema: jobportaldb/undefined
	Autocommit mode: undefined/unknown
	Isolation level: REPEATABLE_READ [default REPEATABLE_READ]
	JDBC fetch size: none
	Pool: DataSourceConnectionProvider
	Minimum pool size: undefined/unknown
	Maximum pool size: undefined/unknown"}{"timestamp":"2026-06-05 12:15:41","level":"DEBUG","logger":"org.hibernate.tool.schema.spi.SchemaManagementToolCoordinator","message":"No schema actions specified for contributor 'orm'"}{"timestamp":"2026-06-05 12:15:41","level":"INFO","logger":"org.hibernate.orm.core","message":"HHH000489: No JTA platform available (set 'hibernate.transaction.jta.platform' to enable JTA platform integration)"}{"timestamp":"2026-06-05 12:15:41","level":"DEBUG","logger":"org.hibernate.tool.schema.spi.SchemaManagementToolCoordinator","message":"No schema actions specified for contributor 'orm'"}{"timestamp":"2026-06-05 12:15:41","level":"DEBUG","logger":"org.hibernate.tool.schema.spi.SchemaManagementToolCoordinator","message":"No schema management actions found"}{"timestamp":"2026-06-05 12:15:41","level":"INFO","logger":"org.springframework.orm.jpa.LocalContainerEntityManagerFactoryBean","message":"Initialized JPA EntityManagerFactory for persistence unit 'default'"}{"timestamp":"2026-06-05 12:15:42","level":"WARN","logger":"org.springframework.boot.jpa.autoconfigure.JpaBaseConfiguration$JpaWebConfiguration","message":"spring.jpa.open-in-view is enabled by default. Therefore, database queries may be performed during view rendering. Explicitly configure spring.jpa.open-in-view to disable this warning"}{"timestamp":"2026-06-05 12:15:42","level":"INFO","logger":"org.springframework.security.config.annotation.authentication.configuration.InitializeAuthenticationProviderBeanManagerConfigurer$InitializeAuthenticationProviderManagerConfigurer","message":"Global AuthenticationManager configured with AuthenticationProvider bean with name jobPortalUsernamePwdAuthenticationProvider"}{"timestamp":"2026-06-05 12:15:42","level":"DEBUG","logger":"org.springframework.security.web.DefaultSecurityFilterChain","message":"Will secure any request with filters: DisableEncodeUrlFilter, WebAsyncManagerIntegrationFilter, SecurityContextHolderFilter, HeaderWriterFilter, CorsFilter, CsrfFilter, LogoutFilter, JwtTokenValidatorFilter, RequestCacheAwareFilter, SecurityContextHolderAwareRequestFilter, AnonymousAuthenticationFilter, ExceptionTranslationFilter, AuthorizationFilter"}{"timestamp":"2026-06-05 12:15:58","level":"INFO","logger":"org.hibernate.validator.internal.util.Version","message":"HV000001: Hibernate Validator 9.0.1.Final"}{"timestamp":"2026-06-05 12:15:58","level":"INFO","logger":"org.springframework.boot.devtools.env.DevToolsPropertyDefaultsPostProcessor","message":"Devtools property defaults active! Set 'spring.devtools.add-properties' to 'false' to disable"}{"timestamp":"2026-06-05 12:15:58","level":"INFO","logger":"org.springframework.boot.devtools.env.DevToolsPropertyDefaultsPostProcessor","message":"For additional web related logging consider setting the 'logging.level.web' property to 'DEBUG'"}{"timestamp":"2026-06-05 12:15:59","level":"INFO","logger":"org.springframework.data.repository.config.RepositoryConfigurationDelegate","message":"Bootstrapping Spring Data JPA repositories in DEFAULT mode."}{"timestamp":"2026-06-05 12:16:00","level":"INFO","logger":"org.springframework.data.repository.config.RepositoryConfigurationDelegate","message":"Finished Spring Data repository scanning in 102 ms. Found 4 JPA repository interfaces."}{"timestamp":"2026-06-05 12:16:01","level":"INFO","logger":"org.springframework.boot.tomcat.TomcatWebServer","message":"Tomcat initialized with port 8080 (http)"}{"timestamp":"2026-06-05 12:16:01","level":"INFO","logger":"org.apache.coyote.http11.Http11NioProtocol","message":"Initializing ProtocolHandler ["http-nio-8080"]"}{"timestamp":"2026-06-05 12:16:01","level":"INFO","logger":"org.apache.catalina.core.StandardService","message":"Starting service [Tomcat]"}{"timestamp":"2026-06-05 12:16:01","level":"INFO","logger":"org.apache.catalina.core.StandardEngine","message":"Starting Servlet engine: [Apache Tomcat/11.0.20]"}{"timestamp":"2026-06-05 12:16:01","level":"INFO","logger":"org.springframework.boot.web.context.servlet.WebApplicationContextInitializer","message":"Root WebApplicationContext: initialization completed in 2881 ms"}{"timestamp":"2026-06-05 12:16:01","level":"INFO","logger":"org.hibernate.orm.jpa","message":"HHH008540: Processing PersistenceUnitInfo [name: default]"}{"timestamp":"2026-06-05 12:16:01","level":"INFO","logger":"org.hibernate.orm.core","message":"HHH000001: Hibernate ORM core version 7.2.7.Final"}{"timestamp":"2026-06-05 12:16:02","level":"INFO","logger":"org.springframework.orm.jpa.persistenceunit.SpringPersistenceUnitInfo","message":"No LoadTimeWeaver setup: ignoring JPA class transformer"}{"timestamp":"2026-06-05 12:16:02","level":"INFO","logger":"com.zaxxer.hikari.HikariDataSource","message":"HikariPool-1 - Starting..."}{"timestamp":"2026-06-05 12:16:02","level":"INFO","logger":"com.zaxxer.hikari.pool.HikariPool","message":"HikariPool-1 - Added connection com.mysql.cj.jdbc.ConnectionImpl@76df9231"}{"timestamp":"2026-06-05 12:16:02","level":"INFO","logger":"com.zaxxer.hikari.HikariDataSource","message":"HikariPool-1 - Start completed."}{"timestamp":"2026-06-05 12:16:02","level":"WARN","logger":"org.hibernate.orm.deprecation","message":"HHH90000025: MySQLDialect does not need to be specified explicitly using 'hibernate.dialect' (remove the property setting and it will be selected by default)"}{"timestamp":"2026-06-05 12:16:02","level":"INFO","logger":"org.hibernate.orm.connections.pooling","message":"HHH10001005: Database info:
	Database JDBC URL [jdbc:mysql://localhost:3306/jobportaldb?useSSL=false&serverTimezone=UTC&allowPublicKeyRetrieval=true]
	Database driver: MySQL Connector/J
	Database dialect: MySQLDialect
	Database version: 8.0.46
	Default catalog/schema: jobportaldb/undefined
	Autocommit mode: undefined/unknown
	Isolation level: REPEATABLE_READ [default REPEATABLE_READ]
	JDBC fetch size: none
	Pool: DataSourceConnectionProvider
	Minimum pool size: undefined/unknown
	Maximum pool size: undefined/unknown"}{"timestamp":"2026-06-05 12:16:03","level":"DEBUG","logger":"org.hibernate.tool.schema.spi.SchemaManagementToolCoordinator","message":"No schema actions specified for contributor 'orm'"}{"timestamp":"2026-06-05 12:16:04","level":"INFO","logger":"org.hibernate.orm.core","message":"HHH000489: No JTA platform available (set 'hibernate.transaction.jta.platform' to enable JTA platform integration)"}{"timestamp":"2026-06-05 12:16:04","level":"DEBUG","logger":"org.hibernate.tool.schema.spi.SchemaManagementToolCoordinator","message":"No schema actions specified for contributor 'orm'"}{"timestamp":"2026-06-05 12:16:04","level":"DEBUG","logger":"org.hibernate.tool.schema.spi.SchemaManagementToolCoordinator","message":"No schema management actions found"}{"timestamp":"2026-06-05 12:16:04","level":"INFO","logger":"org.springframework.orm.jpa.LocalContainerEntityManagerFactoryBean","message":"Initialized JPA EntityManagerFactory for persistence unit 'default'"}{"timestamp":"2026-06-05 12:16:05","level":"INFO","logger":"org.springframework.data.jpa.repository.query.QueryEnhancerFactories","message":"Hibernate is in classpath; If applicable, HQL parser will be used."}{"timestamp":"2026-06-05 12:16:06","level":"WARN","logger":"org.springframework.boot.jpa.autoconfigure.JpaBaseConfiguration$JpaWebConfiguration","message":"spring.jpa.open-in-view is enabled by default. Therefore, database queries may be performed during view rendering. Explicitly configure spring.jpa.open-in-view to disable this warning"}{"timestamp":"2026-06-05 12:16:06","level":"INFO","logger":"org.springframework.security.config.annotation.authentication.configuration.InitializeAuthenticationProviderBeanManagerConfigurer$InitializeAuthenticationProviderManagerConfigurer","message":"Global AuthenticationManager configured with AuthenticationProvider bean with name jobPortalUsernamePwdAuthenticationProvider"}{"timestamp":"2026-06-05 12:16:07","level":"DEBUG","logger":"org.springframework.security.web.DefaultSecurityFilterChain","message":"Will secure any request with filters: DisableEncodeUrlFilter, WebAsyncManagerIntegrationFilter, SecurityContextHolderFilter, HeaderWriterFilter, CorsFilter, CsrfFilter, LogoutFilter, JwtTokenValidatorFilter, RequestCacheAwareFilter, SecurityContextHolderAwareRequestFilter, AnonymousAuthenticationFilter, ExceptionTranslationFilter, AuthorizationFilter"}{"timestamp":"2026-06-05 12:16:07","level":"INFO","logger":"org.apache.coyote.http11.Http11NioProtocol","message":"Starting ProtocolHandler ["http-nio-8080"]"}{"timestamp":"2026-06-05 12:16:07","level":"INFO","logger":"org.springframework.boot.tomcat.TomcatWebServer","message":"Tomcat started on port 8080 (http) with context path '/'"}{"timestamp":"2026-06-05 12:16:25","level":"INFO","logger":"org.apache.catalina.core.ContainerBase.[Tomcat].[localhost].[/]","message":"Initializing Spring DispatcherServlet 'dispatcherServlet'"}{"timestamp":"2026-06-05 12:16:25","level":"INFO","logger":"org.springframework.web.servlet.DispatcherServlet","message":"Initializing Servlet 'dispatcherServlet'"}{"timestamp":"2026-06-05 12:16:25","level":"INFO","logger":"org.springframework.web.servlet.DispatcherServlet","message":"Completed initialization in 4 ms"}{"timestamp":"2026-06-05 12:16:25","level":"DEBUG","logger":"org.springframework.security.web.FilterChainProxy","message":"Securing GET /api/csrf-token/public"}{"timestamp":"2026-06-05 12:16:25","level":"DEBUG","logger":"org.springframework.security.web.FilterChainProxy","message":"Secured GET /api/csrf-token/public"}{"timestamp":"2026-06-05 12:16:25","level":"DEBUG","logger":"org.springframework.security.web.authentication.AnonymousAuthenticationFilter","message":"Set SecurityContextHolder to anonymous SecurityContext"}{"timestamp":"2026-06-05 12:16:26","level":"DEBUG","logger":"org.springframework.security.web.FilterChainProxy","message":"Securing GET /api/csrf-token/public"}{"timestamp":"2026-06-05 12:16:26","level":"DEBUG","logger":"org.springframework.security.web.FilterChainProxy","message":"Secured GET /api/csrf-token/public"}{"timestamp":"2026-06-05 12:16:26","level":"DEBUG","logger":"org.springframework.security.web.authentication.AnonymousAuthenticationFilter","message":"Set SecurityContextHolder to anonymous SecurityContext"}{"timestamp":"2026-06-05 12:17:43","level":"DEBUG","logger":"org.springframework.security.web.FilterChainProxy","message":"Securing POST /api/auth/login/public"}{"timestamp":"2026-06-05 12:17:43","level":"DEBUG","logger":"org.springframework.security.web.FilterChainProxy","message":"Secured POST /api/auth/login/public"}{"timestamp":"2026-06-05 12:17:43","level":"DEBUG","logger":"org.hibernate.SQL","message":"
    select
        jpu1_0.id,
        jpu1_0.company_id,
        jpu1_0.created_at,
        jpu1_0.created_by,
        jpu1_0.email,
        jpu1_0.mobile_number,
        jpu1_0.name,
        jpu1_0.password_hash,
        jpu1_0.role_id,
        jpu1_0.updated_at,
        jpu1_0.updated_by 
    from
        users jpu1_0 
    where
        jpu1_0.email=?"}{"timestamp":"2026-06-05 12:17:43","level":"DEBUG","logger":"org.hibernate.SQL","message":"
    select
        r1_0.id,
        r1_0.created_at,
        r1_0.created_by,
        r1_0.name,
        r1_0.updated_at,
        r1_0.updated_by 
    from
        roles r1_0 
    where
        r1_0.id=?"}{"timestamp":"2026-06-05 12:17:43","level":"DEBUG","logger":"org.springframework.security.web.authentication.AnonymousAuthenticationFilter","message":"Set SecurityContextHolder to anonymous SecurityContext"}{"timestamp":"2026-06-05 12:18:12","level":"DEBUG","logger":"org.springframework.security.web.FilterChainProxy","message":"Securing GET /api/contacts/admin"}{"timestamp":"2026-06-05 12:19:40","level":"INFO","logger":"org.springframework.boot.devtools.autoconfigure.LocalDevToolsAutoConfiguration$RestartingClassPathChangeChangedEventListener","message":"Restarting due to 1 class path change (0 additions, 0 deletions, 1 modification)"}{"timestamp":"2026-06-05 12:19:40","level":"INFO","logger":"org.springframework.boot.tomcat.GracefulShutdown","message":"Commencing graceful shutdown. Waiting for active requests to complete"}{"timestamp":"2026-06-05 12:19:40","level":"INFO","logger":"org.apache.coyote.http11.Http11NioProtocol","message":"Pausing ProtocolHandler ["http-nio-8080"]"}{"timestamp":"2026-06-05 12:19:40","level":"INFO","logger":"org.springframework.boot.tomcat.GracefulShutdown","message":"Graceful shutdown complete"}{"timestamp":"2026-06-05 12:19:40","level":"INFO","logger":"org.apache.coyote.http11.Http11NioProtocol","message":"Stopping ProtocolHandler ["http-nio-8080"]"}{"timestamp":"2026-06-05 12:19:41","level":"INFO","logger":"org.springframework.orm.jpa.LocalContainerEntityManagerFactoryBean","message":"Closing JPA EntityManagerFactory for persistence unit 'default'"}{"timestamp":"2026-06-05 12:19:41","level":"INFO","logger":"com.zaxxer.hikari.HikariDataSource","message":"HikariPool-1 - Shutdown initiated..."}{"timestamp":"2026-06-05 12:19:41","level":"INFO","logger":"com.zaxxer.hikari.HikariDataSource","message":"HikariPool-1 - Shutdown completed."}{"timestamp":"2026-06-05 12:19:41","level":"INFO","logger":"org.springframework.data.repository.config.RepositoryConfigurationDelegate","message":"Bootstrapping Spring Data JPA repositories in DEFAULT mode."}{"timestamp":"2026-06-05 12:19:41","level":"INFO","logger":"org.springframework.data.repository.config.RepositoryConfigurationDelegate","message":"Finished Spring Data repository scanning in 53 ms. Found 4 JPA repository interfaces."}{"timestamp":"2026-06-05 12:19:42","level":"INFO","logger":"org.springframework.boot.tomcat.TomcatWebServer","message":"Tomcat initialized with port 8080 (http)"}{"timestamp":"2026-06-05 12:19:42","level":"INFO","logger":"org.apache.coyote.http11.Http11NioProtocol","message":"Initializing ProtocolHandler ["http-nio-8080"]"}{"timestamp":"2026-06-05 12:19:42","level":"INFO","logger":"org.apache.catalina.core.StandardService","message":"Starting service [Tomcat]"}{"timestamp":"2026-06-05 12:19:42","level":"INFO","logger":"org.apache.catalina.core.StandardEngine","message":"Starting Servlet engine: [Apache Tomcat/11.0.20]"}{"timestamp":"2026-06-05 12:19:42","level":"INFO","logger":"org.springframework.boot.web.context.servlet.WebApplicationContextInitializer","message":"Root WebApplicationContext: initialization completed in 928 ms"}{"timestamp":"2026-06-05 12:19:42","level":"INFO","logger":"org.hibernate.orm.jpa","message":"HHH008540: Processing PersistenceUnitInfo [name: default]"}{"timestamp":"2026-06-05 12:19:42","level":"INFO","logger":"org.springframework.orm.jpa.persistenceunit.SpringPersistenceUnitInfo","message":"No LoadTimeWeaver setup: ignoring JPA class transformer"}{"timestamp":"2026-06-05 12:19:42","level":"INFO","logger":"com.zaxxer.hikari.HikariDataSource","message":"HikariPool-2 - Starting..."}{"timestamp":"2026-06-05 12:19:42","level":"INFO","logger":"com.zaxxer.hikari.pool.HikariPool","message":"HikariPool-2 - Added connection com.mysql.cj.jdbc.ConnectionImpl@6e92132f"}{"timestamp":"2026-06-05 12:19:42","level":"INFO","logger":"com.zaxxer.hikari.HikariDataSource","message":"HikariPool-2 - Start completed."}{"timestamp":"2026-06-05 12:19:42","level":"WARN","logger":"org.hibernate.orm.deprecation","message":"HHH90000025: MySQLDialect does not need to be specified explicitly using 'hibernate.dialect' (remove the property setting and it will be selected by default)"}{"timestamp":"2026-06-05 12:19:42","level":"INFO","logger":"org.hibernate.orm.connections.pooling","message":"HHH10001005: Database info:
	Database JDBC URL [jdbc:mysql://localhost:3306/jobportaldb?useSSL=false&serverTimezone=UTC&allowPublicKeyRetrieval=true]
	Database driver: MySQL Connector/J
	Database dialect: MySQLDialect
	Database version: 8.0.46
	Default catalog/schema: jobportaldb/undefined
	Autocommit mode: undefined/unknown
	Isolation level: REPEATABLE_READ [default REPEATABLE_READ]
	JDBC fetch size: none
	Pool: DataSourceConnectionProvider
	Minimum pool size: undefined/unknown
	Maximum pool size: undefined/unknown"}{"timestamp":"2026-06-05 12:19:42","level":"DEBUG","logger":"org.hibernate.tool.schema.spi.SchemaManagementToolCoordinator","message":"No schema actions specified for contributor 'orm'"}{"timestamp":"2026-06-05 12:19:42","level":"INFO","logger":"org.hibernate.orm.core","message":"HHH000489: No JTA platform available (set 'hibernate.transaction.jta.platform' to enable JTA platform integration)"}{"timestamp":"2026-06-05 12:19:42","level":"DEBUG","logger":"org.hibernate.tool.schema.spi.SchemaManagementToolCoordinator","message":"No schema actions specified for contributor 'orm'"}{"timestamp":"2026-06-05 12:19:42","level":"DEBUG","logger":"org.hibernate.tool.schema.spi.SchemaManagementToolCoordinator","message":"No schema management actions found"}{"timestamp":"2026-06-05 12:19:42","level":"INFO","logger":"org.springframework.orm.jpa.LocalContainerEntityManagerFactoryBean","message":"Initialized JPA EntityManagerFactory for persistence unit 'default'"}{"timestamp":"2026-06-05 12:19:42","level":"WARN","logger":"org.springframework.boot.jpa.autoconfigure.JpaBaseConfiguration$JpaWebConfiguration","message":"spring.jpa.open-in-view is enabled by default. Therefore, database queries may be performed during view rendering. Explicitly configure spring.jpa.open-in-view to disable this warning"}{"timestamp":"2026-06-05 12:19:43","level":"INFO","logger":"org.springframework.security.config.annotation.authentication.configuration.InitializeAuthenticationProviderBeanManagerConfigurer$InitializeAuthenticationProviderManagerConfigurer","message":"Global AuthenticationManager configured with AuthenticationProvider bean with name jobPortalUsernamePwdAuthenticationProvider"}{"timestamp":"2026-06-05 12:19:43","level":"DEBUG","logger":"org.springframework.security.web.DefaultSecurityFilterChain","message":"Will secure any request with filters: DisableEncodeUrlFilter, WebAsyncManagerIntegrationFilter, SecurityContextHolderFilter, HeaderWriterFilter, CorsFilter, CsrfFilter, LogoutFilter, JwtTokenValidatorFilter, RequestCacheAwareFilter, SecurityContextHolderAwareRequestFilter, AnonymousAuthenticationFilter, ExceptionTranslationFilter, AuthorizationFilter"}{"timestamp":"2026-06-05 12:19:43","level":"INFO","logger":"org.apache.coyote.http11.Http11NioProtocol","message":"Starting ProtocolHandler ["http-nio-8080"]"}{"timestamp":"2026-06-05 12:19:43","level":"INFO","logger":"org.springframework.boot.tomcat.TomcatWebServer","message":"Tomcat started on port 8080 (http) with context path '/'"}{"timestamp":"2026-06-05 12:19:43","level":"INFO","logger":"org.springframework.boot.devtools.autoconfigure.ConditionEvaluationDeltaLoggingListener","message":"Condition evaluation unchanged"}{"timestamp":"2026-06-05 12:19:44","level":"INFO","logger":"org.springframework.boot.devtools.autoconfigure.LocalDevToolsAutoConfiguration$RestartingClassPathChangeChangedEventListener","message":"Restarting due to 1 class path change (0 additions, 0 deletions, 1 modification)"}{"timestamp":"2026-06-05 12:19:44","level":"INFO","logger":"org.springframework.boot.tomcat.GracefulShutdown","message":"Commencing graceful shutdown. Waiting for active requests to complete"}{"timestamp":"2026-06-05 12:19:44","level":"INFO","logger":"org.apache.coyote.http11.Http11NioProtocol","message":"Pausing ProtocolHandler ["http-nio-8080"]"}{"timestamp":"2026-06-05 12:19:44","level":"INFO","logger":"org.springframework.boot.tomcat.GracefulShutdown","message":"Graceful shutdown complete"}{"timestamp":"2026-06-05 12:19:44","level":"INFO","logger":"org.apache.coyote.http11.Http11NioProtocol","message":"Stopping ProtocolHandler ["http-nio-8080"]"}{"timestamp":"2026-06-05 12:19:44","level":"INFO","logger":"org.springframework.orm.jpa.LocalContainerEntityManagerFactoryBean","message":"Closing JPA EntityManagerFactory for persistence unit 'default'"}{"timestamp":"2026-06-05 12:19:44","level":"INFO","logger":"com.zaxxer.hikari.HikariDataSource","message":"HikariPool-2 - Shutdown initiated..."}{"timestamp":"2026-06-05 12:19:44","level":"INFO","logger":"com.zaxxer.hikari.HikariDataSource","message":"HikariPool-2 - Shutdown completed."}{"timestamp":"2026-06-05 12:19:45","level":"INFO","logger":"org.springframework.data.repository.config.RepositoryConfigurationDelegate","message":"Bootstrapping Spring Data JPA repositories in DEFAULT mode."}{"timestamp":"2026-06-05 12:19:45","level":"INFO","logger":"org.springframework.data.repository.config.RepositoryConfigurationDelegate","message":"Finished Spring Data repository scanning in 28 ms. Found 4 JPA repository interfaces."}{"timestamp":"2026-06-05 12:19:45","level":"INFO","logger":"org.springframework.boot.tomcat.TomcatWebServer","message":"Tomcat initialized with port 8080 (http)"}{"timestamp":"2026-06-05 12:19:45","level":"INFO","logger":"org.apache.coyote.http11.Http11NioProtocol","message":"Initializing ProtocolHandler ["http-nio-8080"]"}{"timestamp":"2026-06-05 12:19:45","level":"INFO","logger":"org.apache.catalina.core.StandardService","message":"Starting service [Tomcat]"}{"timestamp":"2026-06-05 12:19:45","level":"INFO","logger":"org.apache.catalina.core.StandardEngine","message":"Starting Servlet engine: [Apache Tomcat/11.0.20]"}{"timestamp":"2026-06-05 12:19:45","level":"INFO","logger":"org.springframework.boot.web.context.servlet.WebApplicationContextInitializer","message":"Root WebApplicationContext: initialization completed in 463 ms"}{"timestamp":"2026-06-05 12:19:45","level":"INFO","logger":"org.hibernate.orm.jpa","message":"HHH008540: Processing PersistenceUnitInfo [name: default]"}{"timestamp":"2026-06-05 12:19:45","level":"INFO","logger":"org.springframework.orm.jpa.persistenceunit.SpringPersistenceUnitInfo","message":"No LoadTimeWeaver setup: ignoring JPA class transformer"}{"timestamp":"2026-06-05 12:19:45","level":"INFO","logger":"com.zaxxer.hikari.HikariDataSource","message":"HikariPool-3 - Starting..."}{"timestamp":"2026-06-05 12:19:45","level":"INFO","logger":"com.zaxxer.hikari.pool.HikariPool","message":"HikariPool-3 - Added connection com.mysql.cj.jdbc.ConnectionImpl@2a3398f1"}{"timestamp":"2026-06-05 12:19:45","level":"INFO","logger":"com.zaxxer.hikari.HikariDataSource","message":"HikariPool-3 - Start completed."}{"timestamp":"2026-06-05 12:19:45","level":"WARN","logger":"org.hibernate.orm.deprecation","message":"HHH90000025: MySQLDialect does not need to be specified explicitly using 'hibernate.dialect' (remove the property setting and it will be selected by default)"}{"timestamp":"2026-06-05 12:19:45","level":"INFO","logger":"org.hibernate.orm.connections.pooling","message":"HHH10001005: Database info:
	Database JDBC URL [jdbc:mysql://localhost:3306/jobportaldb?useSSL=false&serverTimezone=UTC&allowPublicKeyRetrieval=true]
	Database driver: MySQL Connector/J
	Database dialect: MySQLDialect
	Database version: 8.0.46
	Default catalog/schema: jobportaldb/undefined
	Autocommit mode: undefined/unknown
	Isolation level: REPEATABLE_READ [default REPEATABLE_READ]
	JDBC fetch size: none
	Pool: DataSourceConnectionProvider
	Minimum pool size: undefined/unknown
	Maximum pool size: undefined/unknown"}{"timestamp":"2026-06-05 12:19:45","level":"DEBUG","logger":"org.hibernate.tool.schema.spi.SchemaManagementToolCoordinator","message":"No schema actions specified for contributor 'orm'"}{"timestamp":"2026-06-05 12:19:45","level":"INFO","logger":"org.hibernate.orm.core","message":"HHH000489: No JTA platform available (set 'hibernate.transaction.jta.platform' to enable JTA platform integration)"}{"timestamp":"2026-06-05 12:19:45","level":"DEBUG","logger":"org.hibernate.tool.schema.spi.SchemaManagementToolCoordinator","message":"No schema actions specified for contributor 'orm'"}{"timestamp":"2026-06-05 12:19:45","level":"DEBUG","logger":"org.hibernate.tool.schema.spi.SchemaManagementToolCoordinator","message":"No schema management actions found"}{"timestamp":"2026-06-05 12:19:45","level":"INFO","logger":"org.springframework.orm.jpa.LocalContainerEntityManagerFactoryBean","message":"Initialized JPA EntityManagerFactory for persistence unit 'default'"}{"timestamp":"2026-06-05 12:19:45","level":"WARN","logger":"org.springframework.boot.jpa.autoconfigure.JpaBaseConfiguration$JpaWebConfiguration","message":"spring.jpa.open-in-view is enabled by default. Therefore, database queries may be performed during view rendering. Explicitly configure spring.jpa.open-in-view to disable this warning"}{"timestamp":"2026-06-05 12:19:45","level":"INFO","logger":"org.springframework.security.config.annotation.authentication.configuration.InitializeAuthenticationProviderBeanManagerConfigurer$InitializeAuthenticationProviderManagerConfigurer","message":"Global AuthenticationManager configured with AuthenticationProvider bean with name jobPortalUsernamePwdAuthenticationProvider"}{"timestamp":"2026-06-05 12:19:46","level":"DEBUG","logger":"org.springframework.security.web.DefaultSecurityFilterChain","message":"Will secure any request with filters: DisableEncodeUrlFilter, WebAsyncManagerIntegrationFilter, SecurityContextHolderFilter, HeaderWriterFilter, CorsFilter, CsrfFilter, LogoutFilter, JwtTokenValidatorFilter, RequestCacheAwareFilter, SecurityContextHolderAwareRequestFilter, AnonymousAuthenticationFilter, ExceptionTranslationFilter, AuthorizationFilter"}{"timestamp":"2026-06-05 12:19:46","level":"INFO","logger":"org.apache.coyote.http11.Http11NioProtocol","message":"Starting ProtocolHandler ["http-nio-8080"]"}{"timestamp":"2026-06-05 12:19:46","level":"INFO","logger":"org.springframework.boot.tomcat.TomcatWebServer","message":"Tomcat started on port 8080 (http) with context path '/'"}{"timestamp":"2026-06-05 12:19:46","level":"INFO","logger":"org.springframework.boot.devtools.autoconfigure.ConditionEvaluationDeltaLoggingListener","message":"Condition evaluation unchanged"}