{"timestamp":"2026-06-02 00:01:57","level":"INFO","logger":"org.hibernate.validator.internal.util.Version","message":"HV000001: Hibernate Validator 9.0.1.Final"}{"timestamp":"2026-06-02 00:01:57","level":"INFO","logger":"org.springframework.boot.devtools.env.DevToolsPropertyDefaultsPostProcessor","message":"Devtools property defaults active! Set 'spring.devtools.add-properties' to 'false' to disable"}{"timestamp":"2026-06-02 00:01:57","level":"INFO","logger":"org.springframework.boot.devtools.env.DevToolsPropertyDefaultsPostProcessor","message":"For additional web related logging consider setting the 'logging.level.web' property to 'DEBUG'"}{"timestamp":"2026-06-02 00:01:58","level":"INFO","logger":"org.springframework.data.repository.config.RepositoryConfigurationDelegate","message":"Bootstrapping Spring Data JPA repositories in DEFAULT mode."}{"timestamp":"2026-06-02 00:01:58","level":"INFO","logger":"org.springframework.data.repository.config.RepositoryConfigurationDelegate","message":"Finished Spring Data repository scanning in 91 ms. Found 4 JPA repository interfaces."}{"timestamp":"2026-06-02 00:02:00","level":"INFO","logger":"org.springframework.boot.tomcat.TomcatWebServer","message":"Tomcat initialized with port 8080 (http)"}{"timestamp":"2026-06-02 00:02:00","level":"INFO","logger":"org.apache.coyote.http11.Http11NioProtocol","message":"Initializing ProtocolHandler ["http-nio-8080"]"}{"timestamp":"2026-06-02 00:02:00","level":"INFO","logger":"org.apache.catalina.core.StandardService","message":"Starting service [Tomcat]"}{"timestamp":"2026-06-02 00:02:00","level":"INFO","logger":"org.apache.catalina.core.StandardEngine","message":"Starting Servlet engine: [Apache Tomcat/11.0.20]"}{"timestamp":"2026-06-02 00:02:00","level":"INFO","logger":"org.springframework.boot.web.context.servlet.WebApplicationContextInitializer","message":"Root WebApplicationContext: initialization completed in 2983 ms"}{"timestamp":"2026-06-02 00:02:00","level":"INFO","logger":"org.hibernate.orm.jpa","message":"HHH008540: Processing PersistenceUnitInfo [name: default]"}{"timestamp":"2026-06-02 00:02:00","level":"INFO","logger":"org.hibernate.orm.core","message":"HHH000001: Hibernate ORM core version 7.2.7.Final"}{"timestamp":"2026-06-02 00:02:01","level":"INFO","logger":"org.springframework.orm.jpa.persistenceunit.SpringPersistenceUnitInfo","message":"No LoadTimeWeaver setup: ignoring JPA class transformer"}{"timestamp":"2026-06-02 00:02:01","level":"INFO","logger":"com.zaxxer.hikari.HikariDataSource","message":"HikariPool-1 - Starting..."}{"timestamp":"2026-06-02 00:02:01","level":"INFO","logger":"com.zaxxer.hikari.pool.HikariPool","message":"HikariPool-1 - Added connection com.mysql.cj.jdbc.ConnectionImpl@5deeb278"}{"timestamp":"2026-06-02 00:02:01","level":"INFO","logger":"com.zaxxer.hikari.HikariDataSource","message":"HikariPool-1 - Start completed."}{"timestamp":"2026-06-02 00:02:01","level":"WARN","logger":"org.hibernate.orm.deprecation","message":"HHH90000025: MySQLDialect does not need to be specified explicitly using 'hibernate.dialect' (remove the property setting and it will be selected by default)"}{"timestamp":"2026-06-02 00:02:01","level":"INFO","logger":"org.hibernate.orm.connections.pooling","message":"HHH10001005: Database info:
	Database JDBC URL [jdbc:mysql://localhost:3306/jobportaldb?useSSL=false&serverTimezone=UTC&allowPublicKeyRetrieval=true]
	Database driver: MySQL Connector/J
	Database dialect: MySQLDialect
	Database version: 8.0.46
	Default catalog/schema: jobportaldb/undefined
	Autocommit mode: undefined/unknown
	Isolation level: REPEATABLE_READ [default REPEATABLE_READ]
	JDBC fetch size: none
	Pool: DataSourceConnectionProvider
	Minimum pool size: undefined/unknown
	Maximum pool size: undefined/unknown"}{"timestamp":"2026-06-02 00:02:02","level":"DEBUG","logger":"org.hibernate.tool.schema.spi.SchemaManagementToolCoordinator","message":"No schema actions specified for contributor 'orm'"}{"timestamp":"2026-06-02 00:02:03","level":"INFO","logger":"org.hibernate.orm.core","message":"HHH000489: No JTA platform available (set 'hibernate.transaction.jta.platform' to enable JTA platform integration)"}{"timestamp":"2026-06-02 00:02:03","level":"DEBUG","logger":"org.hibernate.tool.schema.spi.SchemaManagementToolCoordinator","message":"No schema actions specified for contributor 'orm'"}{"timestamp":"2026-06-02 00:02:03","level":"DEBUG","logger":"org.hibernate.tool.schema.spi.SchemaManagementToolCoordinator","message":"No schema management actions found"}{"timestamp":"2026-06-02 00:02:03","level":"INFO","logger":"org.springframework.orm.jpa.LocalContainerEntityManagerFactoryBean","message":"Initialized JPA EntityManagerFactory for persistence unit 'default'"}{"timestamp":"2026-06-02 00:02:04","level":"INFO","logger":"org.springframework.data.jpa.repository.query.QueryEnhancerFactories","message":"Hibernate is in classpath; If applicable, HQL parser will be used."}{"timestamp":"2026-06-02 00:02:05","level":"WARN","logger":"org.springframework.boot.jpa.autoconfigure.JpaBaseConfiguration$JpaWebConfiguration","message":"spring.jpa.open-in-view is enabled by default. Therefore, database queries may be performed during view rendering. Explicitly configure spring.jpa.open-in-view to disable this warning"}{"timestamp":"2026-06-02 00:02:05","level":"INFO","logger":"org.springframework.security.config.annotation.authentication.configuration.InitializeAuthenticationProviderBeanManagerConfigurer$InitializeAuthenticationProviderManagerConfigurer","message":"Global AuthenticationManager configured with AuthenticationProvider bean with name jobPortalUsernamePwdAuthenticationProvider"}{"timestamp":"2026-06-02 00:02:05","level":"DEBUG","logger":"org.springframework.security.web.DefaultSecurityFilterChain","message":"Will secure any request with filters: DisableEncodeUrlFilter, WebAsyncManagerIntegrationFilter, SecurityContextHolderFilter, HeaderWriterFilter, CorsFilter, CsrfFilter, LogoutFilter, RequestCacheAwareFilter, SecurityContextHolderAwareRequestFilter, AnonymousAuthenticationFilter, ExceptionTranslationFilter, AuthorizationFilter"}{"timestamp":"2026-06-02 00:02:06","level":"INFO","logger":"org.apache.coyote.http11.Http11NioProtocol","message":"Starting ProtocolHandler ["http-nio-8080"]"}{"timestamp":"2026-06-02 00:02:06","level":"INFO","logger":"org.springframework.boot.tomcat.TomcatWebServer","message":"Tomcat started on port 8080 (http) with context path '/'"}{"timestamp":"2026-06-02 00:02:13","level":"INFO","logger":"org.apache.catalina.core.ContainerBase.[Tomcat].[localhost].[/]","message":"Initializing Spring DispatcherServlet 'dispatcherServlet'"}{"timestamp":"2026-06-02 00:02:13","level":"INFO","logger":"org.springframework.web.servlet.DispatcherServlet","message":"Initializing Servlet 'dispatcherServlet'"}{"timestamp":"2026-06-02 00:02:13","level":"INFO","logger":"org.springframework.web.servlet.DispatcherServlet","message":"Completed initialization in 1 ms"}{"timestamp":"2026-06-02 00:02:13","level":"DEBUG","logger":"org.springframework.security.web.FilterChainProxy","message":"Securing GET /api/csrf-token/public"}{"timestamp":"2026-06-02 00:02:13","level":"DEBUG","logger":"org.springframework.security.web.FilterChainProxy","message":"Secured GET /api/csrf-token/public"}{"timestamp":"2026-06-02 00:02:14","level":"DEBUG","logger":"org.springframework.security.web.authentication.AnonymousAuthenticationFilter","message":"Set SecurityContextHolder to anonymous SecurityContext"}{"timestamp":"2026-06-02 00:02:53","level":"DEBUG","logger":"org.springframework.security.web.FilterChainProxy","message":"Securing POST /api/contacts"}{"timestamp":"2026-06-02 00:02:53","level":"DEBUG","logger":"org.springframework.security.web.authentication.AnonymousAuthenticationFilter","message":"Set SecurityContextHolder to anonymous SecurityContext"}{"timestamp":"2026-06-02 00:02:53","level":"DEBUG","logger":"org.springframework.security.web.authentication.Http403ForbiddenEntryPoint","message":"Pre-authenticated entry point called. Rejecting access"}{"timestamp":"2026-06-02 00:02:53","level":"DEBUG","logger":"org.springframework.security.web.FilterChainProxy","message":"Securing GET /error"}{"timestamp":"2026-06-02 00:02:53","level":"DEBUG","logger":"org.springframework.security.web.authentication.AnonymousAuthenticationFilter","message":"Set SecurityContextHolder to anonymous SecurityContext"}{"timestamp":"2026-06-02 00:02:53","level":"DEBUG","logger":"org.springframework.security.web.savedrequest.HttpSessionRequestCache","message":"Saved request http://localhost:8080/error?continue to session"}{"timestamp":"2026-06-02 00:02:53","level":"DEBUG","logger":"org.springframework.security.web.authentication.Http403ForbiddenEntryPoint","message":"Pre-authenticated entry point called. Rejecting access"}{"timestamp":"2026-06-02 00:03:21","level":"DEBUG","logger":"org.springframework.security.web.FilterChainProxy","message":"Securing POST /api/auth/login/public"}{"timestamp":"2026-06-02 00:03:21","level":"DEBUG","logger":"org.springframework.security.web.csrf.CsrfFilter","message":"Invalid CSRF token found for http://localhost:8080/api/auth/login/public"}{"timestamp":"2026-06-02 00:03:21","level":"DEBUG","logger":"org.springframework.security.web.access.AccessDeniedHandlerImpl","message":"Responding with 403 status code"}{"timestamp":"2026-06-02 00:03:21","level":"DEBUG","logger":"org.springframework.security.web.FilterChainProxy","message":"Securing GET /error"}{"timestamp":"2026-06-02 00:03:21","level":"DEBUG","logger":"org.springframework.security.web.authentication.AnonymousAuthenticationFilter","message":"Set SecurityContextHolder to anonymous SecurityContext"}{"timestamp":"2026-06-02 00:03:21","level":"DEBUG","logger":"org.springframework.security.web.savedrequest.HttpSessionRequestCache","message":"Saved request http://localhost:8080/error?continue to session"}{"timestamp":"2026-06-02 00:03:21","level":"DEBUG","logger":"org.springframework.security.web.authentication.Http403ForbiddenEntryPoint","message":"Pre-authenticated entry point called. Rejecting access"}{"timestamp":"2026-06-02 00:03:58","level":"DEBUG","logger":"org.springframework.security.web.FilterChainProxy","message":"Securing POST /api/auth/login/public"}{"timestamp":"2026-06-02 00:03:58","level":"DEBUG","logger":"org.springframework.security.web.csrf.CsrfFilter","message":"Invalid CSRF token found for http://localhost:8080/api/auth/login/public"}{"timestamp":"2026-06-02 00:03:58","level":"DEBUG","logger":"org.springframework.security.web.access.AccessDeniedHandlerImpl","message":"Responding with 403 status code"}{"timestamp":"2026-06-02 00:03:58","level":"DEBUG","logger":"org.springframework.security.web.FilterChainProxy","message":"Securing GET /error"}{"timestamp":"2026-06-02 00:03:58","level":"DEBUG","logger":"org.springframework.security.web.authentication.AnonymousAuthenticationFilter","message":"Set SecurityContextHolder to anonymous SecurityContext"}{"timestamp":"2026-06-02 00:03:58","level":"DEBUG","logger":"org.springframework.security.web.savedrequest.HttpSessionRequestCache","message":"Saved request http://localhost:8080/error?continue to session"}{"timestamp":"2026-06-02 00:03:58","level":"DEBUG","logger":"org.springframework.security.web.authentication.Http403ForbiddenEntryPoint","message":"Pre-authenticated entry point called. Rejecting access"}{"timestamp":"2026-06-02 00:04:24","level":"DEBUG","logger":"org.springframework.security.web.FilterChainProxy","message":"Securing POST /api/auth/login/public"}{"timestamp":"2026-06-02 00:04:24","level":"DEBUG","logger":"org.springframework.security.web.FilterChainProxy","message":"Secured POST /api/auth/login/public"}{"timestamp":"2026-06-02 00:04:24","level":"DEBUG","logger":"org.hibernate.SQL","message":"
    select
        jpu1_0.id,
        jpu1_0.company_id,
        jpu1_0.created_at,
        jpu1_0.created_by,
        jpu1_0.email,
        jpu1_0.mobile_number,
        jpu1_0.name,
        jpu1_0.password_hash,
        jpu1_0.role_id,
        jpu1_0.updated_at,
        jpu1_0.updated_by 
    from
        users jpu1_0 
    where
        jpu1_0.email=?"}{"timestamp":"2026-06-02 00:04:24","level":"DEBUG","logger":"org.hibernate.SQL","message":"
    select
        r1_0.id,
        r1_0.created_at,
        r1_0.created_by,
        r1_0.name,
        r1_0.updated_at,
        r1_0.updated_by 
    from
        roles r1_0 
    where
        r1_0.id=?"}{"timestamp":"2026-06-02 00:04:24","level":"DEBUG","logger":"org.springframework.security.web.authentication.AnonymousAuthenticationFilter","message":"Set SecurityContextHolder to anonymous SecurityContext"}{"timestamp":"2026-06-02 00:04:47","level":"DEBUG","logger":"org.springframework.security.web.FilterChainProxy","message":"Securing POST /api/contacts"}{"timestamp":"2026-06-02 00:04:47","level":"DEBUG","logger":"org.springframework.security.web.authentication.AnonymousAuthenticationFilter","message":"Set SecurityContextHolder to anonymous SecurityContext"}{"timestamp":"2026-06-02 00:04:47","level":"DEBUG","logger":"org.springframework.security.web.authentication.Http403ForbiddenEntryPoint","message":"Pre-authenticated entry point called. Rejecting access"}{"timestamp":"2026-06-02 00:04:47","level":"DEBUG","logger":"org.springframework.security.web.FilterChainProxy","message":"Securing GET /error"}{"timestamp":"2026-06-02 00:04:47","level":"DEBUG","logger":"org.springframework.security.web.authentication.AnonymousAuthenticationFilter","message":"Set SecurityContextHolder to anonymous SecurityContext"}{"timestamp":"2026-06-02 00:04:47","level":"DEBUG","logger":"org.springframework.security.web.savedrequest.HttpSessionRequestCache","message":"Saved request http://localhost:8080/error?continue to session"}{"timestamp":"2026-06-02 00:04:47","level":"DEBUG","logger":"org.springframework.security.web.authentication.Http403ForbiddenEntryPoint","message":"Pre-authenticated entry point called. Rejecting access"}{"timestamp":"2026-06-02 00:05:32","level":"DEBUG","logger":"org.springframework.security.web.FilterChainProxy","message":"Securing POST /api/contacts"}{"timestamp":"2026-06-02 00:05:32","level":"DEBUG","logger":"org.springframework.security.web.authentication.AnonymousAuthenticationFilter","message":"Set SecurityContextHolder to anonymous SecurityContext"}{"timestamp":"2026-06-02 00:05:32","level":"DEBUG","logger":"org.springframework.security.web.authentication.Http403ForbiddenEntryPoint","message":"Pre-authenticated entry point called. Rejecting access"}{"timestamp":"2026-06-02 00:05:32","level":"DEBUG","logger":"org.springframework.security.web.FilterChainProxy","message":"Securing GET /error"}{"timestamp":"2026-06-02 00:05:32","level":"DEBUG","logger":"org.springframework.security.web.authentication.AnonymousAuthenticationFilter","message":"Set SecurityContextHolder to anonymous SecurityContext"}{"timestamp":"2026-06-02 00:05:32","level":"DEBUG","logger":"org.springframework.security.web.savedrequest.HttpSessionRequestCache","message":"Saved request http://localhost:8080/error?continue to session"}{"timestamp":"2026-06-02 00:05:32","level":"DEBUG","logger":"org.springframework.security.web.authentication.Http403ForbiddenEntryPoint","message":"Pre-authenticated entry point called. Rejecting access"}{"timestamp":"2026-06-02 00:05:47","level":"DEBUG","logger":"org.springframework.security.web.FilterChainProxy","message":"Securing POST /api/contacts/public"}{"timestamp":"2026-06-02 00:05:47","level":"DEBUG","logger":"org.springframework.security.web.FilterChainProxy","message":"Secured POST /api/contacts/public"}{"timestamp":"2026-06-02 00:05:47","level":"WARN","logger":"org.springframework.web.servlet.mvc.method.annotation.ExceptionHandlerExceptionResolver","message":"Resolved [org.springframework.web.servlet.resource.NoResourceFoundException: No static resource api/contacts/public for request '/api/contacts/public'.]"}{"timestamp":"2026-06-02 00:05:47","level":"DEBUG","logger":"org.springframework.security.web.authentication.AnonymousAuthenticationFilter","message":"Set SecurityContextHolder to anonymous SecurityContext"}{"timestamp":"2026-06-02 00:07:27","level":"DEBUG","logger":"org.springframework.security.web.FilterChainProxy","message":"Securing POST /api/auth/login/public"}{"timestamp":"2026-06-02 00:07:27","level":"DEBUG","logger":"org.springframework.security.web.FilterChainProxy","message":"Secured POST /api/auth/login/public"}{"timestamp":"2026-06-02 00:07:27","level":"DEBUG","logger":"org.hibernate.SQL","message":"
    select
        jpu1_0.id,
        jpu1_0.company_id,
        jpu1_0.created_at,
        jpu1_0.created_by,
        jpu1_0.email,
        jpu1_0.mobile_number,
        jpu1_0.name,
        jpu1_0.password_hash,
        jpu1_0.role_id,
        jpu1_0.updated_at,
        jpu1_0.updated_by 
    from
        users jpu1_0 
    where
        jpu1_0.email=?"}{"timestamp":"2026-06-02 00:07:27","level":"DEBUG","logger":"org.hibernate.SQL","message":"
    select
        r1_0.id,
        r1_0.created_at,
        r1_0.created_by,
        r1_0.name,
        r1_0.updated_at,
        r1_0.updated_by 
    from
        roles r1_0 
    where
        r1_0.id=?"}{"timestamp":"2026-06-02 00:07:27","level":"DEBUG","logger":"org.springframework.security.web.authentication.AnonymousAuthenticationFilter","message":"Set SecurityContextHolder to anonymous SecurityContext"}{"timestamp":"2026-06-02 00:07:55","level":"DEBUG","logger":"org.springframework.security.web.FilterChainProxy","message":"Securing POST /api/contacts/public"}{"timestamp":"2026-06-02 00:07:55","level":"DEBUG","logger":"org.springframework.security.web.FilterChainProxy","message":"Secured POST /api/contacts/public"}{"timestamp":"2026-06-02 00:07:55","level":"WARN","logger":"org.springframework.web.servlet.mvc.method.annotation.ExceptionHandlerExceptionResolver","message":"Resolved [org.springframework.web.servlet.resource.NoResourceFoundException: No static resource api/contacts/public for request '/api/contacts/public'.]"}{"timestamp":"2026-06-02 00:07:55","level":"DEBUG","logger":"org.springframework.security.web.authentication.AnonymousAuthenticationFilter","message":"Set SecurityContextHolder to anonymous SecurityContext"}{"timestamp":"2026-06-02 00:08:52","level":"INFO","logger":"org.springframework.boot.devtools.autoconfigure.LocalDevToolsAutoConfiguration$RestartingClassPathChangeChangedEventListener","message":"Restarting due to 1 class path change (0 additions, 0 deletions, 1 modification)"}{"timestamp":"2026-06-02 00:08:52","level":"INFO","logger":"org.springframework.boot.tomcat.GracefulShutdown","message":"Commencing graceful shutdown. Waiting for active requests to complete"}{"timestamp":"2026-06-02 00:08:52","level":"INFO","logger":"org.apache.coyote.http11.Http11NioProtocol","message":"Pausing ProtocolHandler ["http-nio-8080"]"}{"timestamp":"2026-06-02 00:08:52","level":"INFO","logger":"org.springframework.boot.tomcat.GracefulShutdown","message":"Graceful shutdown complete"}{"timestamp":"2026-06-02 00:08:52","level":"INFO","logger":"org.apache.coyote.http11.Http11NioProtocol","message":"Stopping ProtocolHandler ["http-nio-8080"]"}{"timestamp":"2026-06-02 00:08:52","level":"INFO","logger":"org.springframework.orm.jpa.LocalContainerEntityManagerFactoryBean","message":"Closing JPA EntityManagerFactory for persistence unit 'default'"}{"timestamp":"2026-06-02 00:08:52","level":"INFO","logger":"com.zaxxer.hikari.HikariDataSource","message":"HikariPool-1 - Shutdown initiated..."}{"timestamp":"2026-06-02 00:08:52","level":"INFO","logger":"com.zaxxer.hikari.HikariDataSource","message":"HikariPool-1 - Shutdown completed."}{"timestamp":"2026-06-02 00:08:53","level":"INFO","logger":"org.springframework.data.repository.config.RepositoryConfigurationDelegate","message":"Bootstrapping Spring Data JPA repositories in DEFAULT mode."}{"timestamp":"2026-06-02 00:08:53","level":"INFO","logger":"org.springframework.data.repository.config.RepositoryConfigurationDelegate","message":"Finished Spring Data repository scanning in 50 ms. Found 4 JPA repository interfaces."}{"timestamp":"2026-06-02 00:08:54","level":"INFO","logger":"org.springframework.boot.tomcat.TomcatWebServer","message":"Tomcat initialized with port 8080 (http)"}{"timestamp":"2026-06-02 00:08:54","level":"INFO","logger":"org.apache.coyote.http11.Http11NioProtocol","message":"Initializing ProtocolHandler ["http-nio-8080"]"}{"timestamp":"2026-06-02 00:08:54","level":"INFO","logger":"org.apache.catalina.core.StandardService","message":"Starting service [Tomcat]"}{"timestamp":"2026-06-02 00:08:54","level":"INFO","logger":"org.apache.catalina.core.StandardEngine","message":"Starting Servlet engine: [Apache Tomcat/11.0.20]"}{"timestamp":"2026-06-02 00:08:54","level":"INFO","logger":"org.springframework.boot.web.context.servlet.WebApplicationContextInitializer","message":"Root WebApplicationContext: initialization completed in 1656 ms"}{"timestamp":"2026-06-02 00:08:54","level":"INFO","logger":"org.hibernate.orm.jpa","message":"HHH008540: Processing PersistenceUnitInfo [name: default]"}{"timestamp":"2026-06-02 00:08:54","level":"INFO","logger":"org.springframework.orm.jpa.persistenceunit.SpringPersistenceUnitInfo","message":"No LoadTimeWeaver setup: ignoring JPA class transformer"}{"timestamp":"2026-06-02 00:08:54","level":"INFO","logger":"com.zaxxer.hikari.HikariDataSource","message":"HikariPool-2 - Starting..."}{"timestamp":"2026-06-02 00:08:54","level":"INFO","logger":"com.zaxxer.hikari.pool.HikariPool","message":"HikariPool-2 - Added connection com.mysql.cj.jdbc.ConnectionImpl@3987296e"}{"timestamp":"2026-06-02 00:08:54","level":"INFO","logger":"com.zaxxer.hikari.HikariDataSource","message":"HikariPool-2 - Start completed."}{"timestamp":"2026-06-02 00:08:54","level":"WARN","logger":"org.hibernate.orm.deprecation","message":"HHH90000025: MySQLDialect does not need to be specified explicitly using 'hibernate.dialect' (remove the property setting and it will be selected by default)"}{"timestamp":"2026-06-02 00:08:54","level":"INFO","logger":"org.hibernate.orm.connections.pooling","message":"HHH10001005: Database info:
	Database JDBC URL [jdbc:mysql://localhost:3306/jobportaldb?useSSL=false&serverTimezone=UTC&allowPublicKeyRetrieval=true]
	Database driver: MySQL Connector/J
	Database dialect: MySQLDialect
	Database version: 8.0.46
	Default catalog/schema: jobportaldb/undefined
	Autocommit mode: undefined/unknown
	Isolation level: REPEATABLE_READ [default REPEATABLE_READ]
	JDBC fetch size: none
	Pool: DataSourceConnectionProvider
	Minimum pool size: undefined/unknown
	Maximum pool size: undefined/unknown"}{"timestamp":"2026-06-02 00:08:54","level":"DEBUG","logger":"org.hibernate.tool.schema.spi.SchemaManagementToolCoordinator","message":"No schema actions specified for contributor 'orm'"}{"timestamp":"2026-06-02 00:08:55","level":"INFO","logger":"org.hibernate.orm.core","message":"HHH000489: No JTA platform available (set 'hibernate.transaction.jta.platform' to enable JTA platform integration)"}{"timestamp":"2026-06-02 00:08:55","level":"DEBUG","logger":"org.hibernate.tool.schema.spi.SchemaManagementToolCoordinator","message":"No schema actions specified for contributor 'orm'"}{"timestamp":"2026-06-02 00:08:55","level":"DEBUG","logger":"org.hibernate.tool.schema.spi.SchemaManagementToolCoordinator","message":"No schema management actions found"}{"timestamp":"2026-06-02 00:08:55","level":"INFO","logger":"org.springframework.orm.jpa.LocalContainerEntityManagerFactoryBean","message":"Initialized JPA EntityManagerFactory for persistence unit 'default'"}{"timestamp":"2026-06-02 00:08:56","level":"WARN","logger":"org.springframework.boot.web.server.servlet.context.AnnotationConfigServletWebServerApplicationContext","message":"Exception encountered during context initialization - cancelling refresh attempt: org.springframework.beans.factory.BeanCreationException: Error creating bean with name 'contactController' defined in file [D:\Java\project\jobPortal\target\classes\com\eazybytes\jobportal\contacts\controller\ContactController.class]: Failed to instantiate [com.eazybytes.jobportal.contacts.controller.ContactController]: Constructor threw exception"}{"timestamp":"2026-06-02 00:08:56","level":"INFO","logger":"org.springframework.orm.jpa.LocalContainerEntityManagerFactoryBean","message":"Closing JPA EntityManagerFactory for persistence unit 'default'"}{"timestamp":"2026-06-02 00:08:56","level":"INFO","logger":"com.zaxxer.hikari.HikariDataSource","message":"HikariPool-2 - Shutdown initiated..."}{"timestamp":"2026-06-02 00:08:56","level":"INFO","logger":"com.zaxxer.hikari.HikariDataSource","message":"HikariPool-2 - Shutdown completed."}{"timestamp":"2026-06-02 00:08:56","level":"INFO","logger":"org.apache.catalina.core.StandardService","message":"Stopping service [Tomcat]"}{"timestamp":"2026-06-02 00:08:56","level":"INFO","logger":"org.springframework.boot.autoconfigure.logging.ConditionEvaluationReportLogger","message":"

Error starting ApplicationContext. To display the condition evaluation report re-run your application with 'debug' enabled."}{"timestamp":"2026-06-02 00:08:56","level":"ERROR","logger":"org.springframework.boot.SpringApplication","message":"Application run failed"}org.springframework.beans.factory.BeanCreationException: Error creating bean with name 'contactController' defined in file [D:\Java\project\jobPortal\target\classes\com\eazybytes\jobportal\contacts\controller\ContactController.class]: Failed to instantiate [com.eazybytes.jobportal.contacts.controller.ContactController]: Constructor threw exception
	at org.springframework.beans.factory.support.ConstructorResolver.instantiate(ConstructorResolver.java:321)
	at org.springframework.beans.factory.support.ConstructorResolver.autowireConstructor(ConstructorResolver.java:309)
	at org.springframework.beans.factory.support.AbstractAutowireCapableBeanFactory.autowireConstructor(AbstractAutowireCapableBeanFactory.java:1382)
	at org.springframework.beans.factory.support.AbstractAutowireCapableBeanFactory.createBeanInstance(AbstractAutowireCapableBeanFactory.java:1221)
	at org.springframework.beans.factory.support.AbstractAutowireCapableBeanFactory.doCreateBean(AbstractAutowireCapableBeanFactory.java:565)
	at org.springframework.beans.factory.support.AbstractAutowireCapableBeanFactory.createBean(AbstractAutowireCapableBeanFactory.java:525)
	at org.springframework.beans.factory.support.AbstractBeanFactory.lambda$doGetBean$0(AbstractBeanFactory.java:333)
	at org.springframework.beans.factory.support.DefaultSingletonBeanRegistry.getSingleton(DefaultSingletonBeanRegistry.java:371)
	at org.springframework.beans.factory.support.AbstractBeanFactory.doGetBean(AbstractBeanFactory.java:331)
	at org.springframework.beans.factory.support.AbstractBeanFactory.getBean(AbstractBeanFactory.java:196)
	at org.springframework.beans.factory.support.DefaultListableBeanFactory.instantiateSingleton(DefaultListableBeanFactory.java:1218)
	at org.springframework.beans.factory.support.DefaultListableBeanFactory.preInstantiateSingleton(DefaultListableBeanFactory.java:1184)
	at org.springframework.beans.factory.support.DefaultListableBeanFactory.preInstantiateSingletons(DefaultListableBeanFactory.java:1121)
	at org.springframework.context.support.AbstractApplicationContext.finishBeanFactoryInitialization(AbstractApplicationContext.java:994)
	at org.springframework.context.support.AbstractApplicationContext.refresh(AbstractApplicationContext.java:621)
	at org.springframework.boot.web.server.servlet.context.ServletWebServerApplicationContext.refresh(ServletWebServerApplicationContext.java:143)
	at org.springframework.boot.SpringApplication.refresh(SpringApplication.java:756)
	at org.springframework.boot.SpringApplication.refreshContext(SpringApplication.java:445)
	at org.springframework.boot.SpringApplication.run(SpringApplication.java:321)
	at org.springframework.boot.SpringApplication.run(SpringApplication.java:1365)
	at org.springframework.boot.SpringApplication.run(SpringApplication.java:1354)
	at com.eazybytes.jobportal.JobportalApplication.main(JobportalApplication.java:12)
	at java.base/jdk.internal.reflect.DirectMethodHandleAccessor.invoke(DirectMethodHandleAccessor.java:104)
	at java.base/java.lang.reflect.Method.invoke(Method.java:565)
	at org.springframework.boot.devtools.restart.RestartLauncher.run(RestartLauncher.java:52)
Caused by: org.springframework.beans.BeanInstantiationException: Failed to instantiate [com.eazybytes.jobportal.contacts.controller.ContactController]: Constructor threw exception
	at org.springframework.beans.BeanUtils.instantiateClass(BeanUtils.java:220)
	at org.springframework.beans.factory.support.SimpleInstantiationStrategy.instantiate(SimpleInstantiationStrategy.java:129)
	at org.springframework.beans.factory.support.ConstructorResolver.instantiate(ConstructorResolver.java:318)
	... 24 common frames omitted
Caused by: java.lang.Error: Unresolved compilation problems: 
	version cannot be resolved to a variable
	Syntax error on token "=", != expected

	at com.eazybytes.jobportal.contacts.controller.ContactController.<init>(ContactController.java:30)
	at java.base/jdk.internal.reflect.DirectConstructorHandleAccessor.newInstance(DirectConstructorHandleAccessor.java:62)
	at java.base/java.lang.reflect.Constructor.newInstanceWithCaller(Constructor.java:499)
	at java.base/java.lang.reflect.Constructor.newInstance(Constructor.java:483)
	at org.springframework.beans.BeanUtils.instantiateClass(BeanUtils.java:207)
	... 26 common frames omitted
{"timestamp":"2026-06-02 00:08:58","level":"INFO","logger":"org.springframework.data.repository.config.RepositoryConfigurationDelegate","message":"Bootstrapping Spring Data JPA repositories in DEFAULT mode."}{"timestamp":"2026-06-02 00:08:58","level":"INFO","logger":"org.springframework.data.repository.config.RepositoryConfigurationDelegate","message":"Finished Spring Data repository scanning in 74 ms. Found 4 JPA repository interfaces."}{"timestamp":"2026-06-02 00:08:59","level":"INFO","logger":"org.springframework.boot.tomcat.TomcatWebServer","message":"Tomcat initialized with port 8080 (http)"}{"timestamp":"2026-06-02 00:08:59","level":"INFO","logger":"org.apache.coyote.http11.Http11NioProtocol","message":"Initializing ProtocolHandler ["http-nio-8080"]"}{"timestamp":"2026-06-02 00:08:59","level":"INFO","logger":"org.apache.catalina.core.StandardService","message":"Starting service [Tomcat]"}{"timestamp":"2026-06-02 00:08:59","level":"INFO","logger":"org.apache.catalina.core.StandardEngine","message":"Starting Servlet engine: [Apache Tomcat/11.0.20]"}{"timestamp":"2026-06-02 00:08:59","level":"INFO","logger":"org.springframework.boot.web.context.servlet.WebApplicationContextInitializer","message":"Root WebApplicationContext: initialization completed in 1374 ms"}{"timestamp":"2026-06-02 00:08:59","level":"INFO","logger":"org.hibernate.orm.jpa","message":"HHH008540: Processing PersistenceUnitInfo [name: default]"}{"timestamp":"2026-06-02 00:08:59","level":"INFO","logger":"org.springframework.orm.jpa.persistenceunit.SpringPersistenceUnitInfo","message":"No LoadTimeWeaver setup: ignoring JPA class transformer"}{"timestamp":"2026-06-02 00:08:59","level":"INFO","logger":"com.zaxxer.hikari.HikariDataSource","message":"HikariPool-3 - Starting..."}{"timestamp":"2026-06-02 00:08:59","level":"INFO","logger":"com.zaxxer.hikari.pool.HikariPool","message":"HikariPool-3 - Added connection com.mysql.cj.jdbc.ConnectionImpl@76e3a4e3"}{"timestamp":"2026-06-02 00:08:59","level":"INFO","logger":"com.zaxxer.hikari.HikariDataSource","message":"HikariPool-3 - Start completed."}{"timestamp":"2026-06-02 00:08:59","level":"WARN","logger":"org.hibernate.orm.deprecation","message":"HHH90000025: MySQLDialect does not need to be specified explicitly using 'hibernate.dialect' (remove the property setting and it will be selected by default)"}{"timestamp":"2026-06-02 00:08:59","level":"INFO","logger":"org.hibernate.orm.connections.pooling","message":"HHH10001005: Database info:
	Database JDBC URL [jdbc:mysql://localhost:3306/jobportaldb?useSSL=false&serverTimezone=UTC&allowPublicKeyRetrieval=true]
	Database driver: MySQL Connector/J
	Database dialect: MySQLDialect
	Database version: 8.0.46
	Default catalog/schema: jobportaldb/undefined
	Autocommit mode: undefined/unknown
	Isolation level: REPEATABLE_READ [default REPEATABLE_READ]
	JDBC fetch size: none
	Pool: DataSourceConnectionProvider
	Minimum pool size: undefined/unknown
	Maximum pool size: undefined/unknown"}{"timestamp":"2026-06-02 00:08:59","level":"DEBUG","logger":"org.hibernate.tool.schema.spi.SchemaManagementToolCoordinator","message":"No schema actions specified for contributor 'orm'"}{"timestamp":"2026-06-02 00:08:59","level":"INFO","logger":"org.hibernate.orm.core","message":"HHH000489: No JTA platform available (set 'hibernate.transaction.jta.platform' to enable JTA platform integration)"}{"timestamp":"2026-06-02 00:08:59","level":"DEBUG","logger":"org.hibernate.tool.schema.spi.SchemaManagementToolCoordinator","message":"No schema actions specified for contributor 'orm'"}{"timestamp":"2026-06-02 00:08:59","level":"DEBUG","logger":"org.hibernate.tool.schema.spi.SchemaManagementToolCoordinator","message":"No schema management actions found"}{"timestamp":"2026-06-02 00:08:59","level":"INFO","logger":"org.springframework.orm.jpa.LocalContainerEntityManagerFactoryBean","message":"Initialized JPA EntityManagerFactory for persistence unit 'default'"}{"timestamp":"2026-06-02 00:09:00","level":"WARN","logger":"org.springframework.boot.web.server.servlet.context.AnnotationConfigServletWebServerApplicationContext","message":"Exception encountered during context initialization - cancelling refresh attempt: org.springframework.beans.factory.BeanCreationException: Error creating bean with name 'contactController' defined in file [D:\Java\project\jobPortal\target\classes\com\eazybytes\jobportal\contacts\controller\ContactController.class]: Failed to instantiate [com.eazybytes.jobportal.contacts.controller.ContactController]: Constructor threw exception"}{"timestamp":"2026-06-02 00:09:00","level":"INFO","logger":"org.springframework.orm.jpa.LocalContainerEntityManagerFactoryBean","message":"Closing JPA EntityManagerFactory for persistence unit 'default'"}{"timestamp":"2026-06-02 00:09:00","level":"INFO","logger":"com.zaxxer.hikari.HikariDataSource","message":"HikariPool-3 - Shutdown initiated..."}{"timestamp":"2026-06-02 00:09:00","level":"INFO","logger":"com.zaxxer.hikari.HikariDataSource","message":"HikariPool-3 - Shutdown completed."}{"timestamp":"2026-06-02 00:09:00","level":"INFO","logger":"org.apache.catalina.core.StandardService","message":"Stopping service [Tomcat]"}{"timestamp":"2026-06-02 00:09:00","level":"INFO","logger":"org.springframework.boot.autoconfigure.logging.ConditionEvaluationReportLogger","message":"

Error starting ApplicationContext. To display the condition evaluation report re-run your application with 'debug' enabled."}{"timestamp":"2026-06-02 00:09:00","level":"ERROR","logger":"org.springframework.boot.SpringApplication","message":"Application run failed"}org.springframework.beans.factory.BeanCreationException: Error creating bean with name 'contactController' defined in file [D:\Java\project\jobPortal\target\classes\com\eazybytes\jobportal\contacts\controller\ContactController.class]: Failed to instantiate [com.eazybytes.jobportal.contacts.controller.ContactController]: Constructor threw exception
	at org.springframework.beans.factory.support.ConstructorResolver.instantiate(ConstructorResolver.java:321)
	at org.springframework.beans.factory.support.ConstructorResolver.autowireConstructor(ConstructorResolver.java:309)
	at org.springframework.beans.factory.support.AbstractAutowireCapableBeanFactory.autowireConstructor(AbstractAutowireCapableBeanFactory.java:1382)
	at org.springframework.beans.factory.support.AbstractAutowireCapableBeanFactory.createBeanInstance(AbstractAutowireCapableBeanFactory.java:1221)
	at org.springframework.beans.factory.support.AbstractAutowireCapableBeanFactory.doCreateBean(AbstractAutowireCapableBeanFactory.java:565)
	at org.springframework.beans.factory.support.AbstractAutowireCapableBeanFactory.createBean(AbstractAutowireCapableBeanFactory.java:525)
	at org.springframework.beans.factory.support.AbstractBeanFactory.lambda$doGetBean$0(AbstractBeanFactory.java:333)
	at org.springframework.beans.factory.support.DefaultSingletonBeanRegistry.getSingleton(DefaultSingletonBeanRegistry.java:371)
	at org.springframework.beans.factory.support.AbstractBeanFactory.doGetBean(AbstractBeanFactory.java:331)
	at org.springframework.beans.factory.support.AbstractBeanFactory.getBean(AbstractBeanFactory.java:196)
	at org.springframework.beans.factory.support.DefaultListableBeanFactory.instantiateSingleton(DefaultListableBeanFactory.java:1218)
	at org.springframework.beans.factory.support.DefaultListableBeanFactory.preInstantiateSingleton(DefaultListableBeanFactory.java:1184)
	at org.springframework.beans.factory.support.DefaultListableBeanFactory.preInstantiateSingletons(DefaultListableBeanFactory.java:1121)
	at org.springframework.context.support.AbstractApplicationContext.finishBeanFactoryInitialization(AbstractApplicationContext.java:994)
	at org.springframework.context.support.AbstractApplicationContext.refresh(AbstractApplicationContext.java:621)
	at org.springframework.boot.web.server.servlet.context.ServletWebServerApplicationContext.refresh(ServletWebServerApplicationContext.java:143)
	at org.springframework.boot.SpringApplication.refresh(SpringApplication.java:756)
	at org.springframework.boot.SpringApplication.refreshContext(SpringApplication.java:445)
	at org.springframework.boot.SpringApplication.run(SpringApplication.java:321)
	at org.springframework.boot.SpringApplication.run(SpringApplication.java:1365)
	at org.springframework.boot.SpringApplication.run(SpringApplication.java:1354)
	at com.eazybytes.jobportal.JobportalApplication.main(JobportalApplication.java:12)
	at java.base/jdk.internal.reflect.DirectMethodHandleAccessor.invoke(DirectMethodHandleAccessor.java:104)
	at java.base/java.lang.reflect.Method.invoke(Method.java:565)
	at org.springframework.boot.devtools.restart.RestartLauncher.run(RestartLauncher.java:52)
Caused by: org.springframework.beans.BeanInstantiationException: Failed to instantiate [com.eazybytes.jobportal.contacts.controller.ContactController]: Constructor threw exception
	at org.springframework.beans.BeanUtils.instantiateClass(BeanUtils.java:220)
	at org.springframework.beans.factory.support.SimpleInstantiationStrategy.instantiate(SimpleInstantiationStrategy.java:129)
	at org.springframework.beans.factory.support.ConstructorResolver.instantiate(ConstructorResolver.java:318)
	... 24 common frames omitted
Caused by: java.lang.Error: Unresolved compilation problem: 
	Syntax error on token "1.0", ) expected

	at com.eazybytes.jobportal.contacts.controller.ContactController.<init>(ContactController.java:29)
	at java.base/jdk.internal.reflect.DirectConstructorHandleAccessor.newInstance(DirectConstructorHandleAccessor.java:62)
	at java.base/java.lang.reflect.Constructor.newInstanceWithCaller(Constructor.java:499)
	at java.base/java.lang.reflect.Constructor.newInstance(Constructor.java:483)
	at org.springframework.beans.BeanUtils.instantiateClass(BeanUtils.java:207)
	... 26 common frames omitted
{"timestamp":"2026-06-02 00:09:03","level":"INFO","logger":"org.springframework.data.repository.config.RepositoryConfigurationDelegate","message":"Bootstrapping Spring Data JPA repositories in DEFAULT mode."}{"timestamp":"2026-06-02 00:09:03","level":"INFO","logger":"org.springframework.data.repository.config.RepositoryConfigurationDelegate","message":"Finished Spring Data repository scanning in 63 ms. Found 4 JPA repository interfaces."}{"timestamp":"2026-06-02 00:09:03","level":"INFO","logger":"org.springframework.boot.tomcat.TomcatWebServer","message":"Tomcat initialized with port 8080 (http)"}{"timestamp":"2026-06-02 00:09:03","level":"INFO","logger":"org.apache.coyote.http11.Http11NioProtocol","message":"Initializing ProtocolHandler ["http-nio-8080"]"}{"timestamp":"2026-06-02 00:09:03","level":"INFO","logger":"org.apache.catalina.core.StandardService","message":"Starting service [Tomcat]"}{"timestamp":"2026-06-02 00:09:03","level":"INFO","logger":"org.apache.catalina.core.StandardEngine","message":"Starting Servlet engine: [Apache Tomcat/11.0.20]"}{"timestamp":"2026-06-02 00:09:03","level":"INFO","logger":"org.springframework.boot.web.context.servlet.WebApplicationContextInitializer","message":"Root WebApplicationContext: initialization completed in 1097 ms"}{"timestamp":"2026-06-02 00:09:03","level":"INFO","logger":"org.hibernate.orm.jpa","message":"HHH008540: Processing PersistenceUnitInfo [name: default]"}{"timestamp":"2026-06-02 00:09:03","level":"INFO","logger":"org.springframework.orm.jpa.persistenceunit.SpringPersistenceUnitInfo","message":"No LoadTimeWeaver setup: ignoring JPA class transformer"}{"timestamp":"2026-06-02 00:09:03","level":"INFO","logger":"com.zaxxer.hikari.HikariDataSource","message":"HikariPool-4 - Starting..."}{"timestamp":"2026-06-02 00:09:03","level":"INFO","logger":"com.zaxxer.hikari.pool.HikariPool","message":"HikariPool-4 - Added connection com.mysql.cj.jdbc.ConnectionImpl@5e2680a3"}{"timestamp":"2026-06-02 00:09:03","level":"INFO","logger":"com.zaxxer.hikari.HikariDataSource","message":"HikariPool-4 - Start completed."}{"timestamp":"2026-06-02 00:09:03","level":"WARN","logger":"org.hibernate.orm.deprecation","message":"HHH90000025: MySQLDialect does not need to be specified explicitly using 'hibernate.dialect' (remove the property setting and it will be selected by default)"}{"timestamp":"2026-06-02 00:09:03","level":"INFO","logger":"org.hibernate.orm.connections.pooling","message":"HHH10001005: Database info:
	Database JDBC URL [jdbc:mysql://localhost:3306/jobportaldb?useSSL=false&serverTimezone=UTC&allowPublicKeyRetrieval=true]
	Database driver: MySQL Connector/J
	Database dialect: MySQLDialect
	Database version: 8.0.46
	Default catalog/schema: jobportaldb/undefined
	Autocommit mode: undefined/unknown
	Isolation level: REPEATABLE_READ [default REPEATABLE_READ]
	JDBC fetch size: none
	Pool: DataSourceConnectionProvider
	Minimum pool size: undefined/unknown
	Maximum pool size: undefined/unknown"}{"timestamp":"2026-06-02 00:09:04","level":"DEBUG","logger":"org.hibernate.tool.schema.spi.SchemaManagementToolCoordinator","message":"No schema actions specified for contributor 'orm'"}{"timestamp":"2026-06-02 00:09:04","level":"INFO","logger":"org.hibernate.orm.core","message":"HHH000489: No JTA platform available (set 'hibernate.transaction.jta.platform' to enable JTA platform integration)"}{"timestamp":"2026-06-02 00:09:04","level":"DEBUG","logger":"org.hibernate.tool.schema.spi.SchemaManagementToolCoordinator","message":"No schema actions specified for contributor 'orm'"}{"timestamp":"2026-06-02 00:09:04","level":"DEBUG","logger":"org.hibernate.tool.schema.spi.SchemaManagementToolCoordinator","message":"No schema management actions found"}{"timestamp":"2026-06-02 00:09:04","level":"INFO","logger":"org.springframework.orm.jpa.LocalContainerEntityManagerFactoryBean","message":"Initialized JPA EntityManagerFactory for persistence unit 'default'"}{"timestamp":"2026-06-02 00:09:04","level":"WARN","logger":"org.springframework.boot.jpa.autoconfigure.JpaBaseConfiguration$JpaWebConfiguration","message":"spring.jpa.open-in-view is enabled by default. Therefore, database queries may be performed during view rendering. Explicitly configure spring.jpa.open-in-view to disable this warning"}{"timestamp":"2026-06-02 00:09:04","level":"INFO","logger":"org.springframework.security.config.annotation.authentication.configuration.InitializeAuthenticationProviderBeanManagerConfigurer$InitializeAuthenticationProviderManagerConfigurer","message":"Global AuthenticationManager configured with AuthenticationProvider bean with name jobPortalUsernamePwdAuthenticationProvider"}{"timestamp":"2026-06-02 00:09:04","level":"DEBUG","logger":"org.springframework.security.web.DefaultSecurityFilterChain","message":"Will secure any request with filters: DisableEncodeUrlFilter, WebAsyncManagerIntegrationFilter, SecurityContextHolderFilter, HeaderWriterFilter, CorsFilter, CsrfFilter, LogoutFilter, RequestCacheAwareFilter, SecurityContextHolderAwareRequestFilter, AnonymousAuthenticationFilter, ExceptionTranslationFilter, AuthorizationFilter"}{"timestamp":"2026-06-02 00:09:05","level":"INFO","logger":"org.apache.coyote.http11.Http11NioProtocol","message":"Starting ProtocolHandler ["http-nio-8080"]"}{"timestamp":"2026-06-02 00:09:05","level":"INFO","logger":"org.springframework.boot.tomcat.TomcatWebServer","message":"Tomcat started on port 8080 (http) with context path '/'"}{"timestamp":"2026-06-02 00:09:05","level":"INFO","logger":"org.springframework.boot.devtools.autoconfigure.ConditionEvaluationDeltaLoggingListener","message":"Condition evaluation unchanged"}{"timestamp":"2026-06-02 00:09:08","level":"INFO","logger":"org.springframework.boot.devtools.autoconfigure.LocalDevToolsAutoConfiguration$RestartingClassPathChangeChangedEventListener","message":"Restarting due to 1 class path change (0 additions, 0 deletions, 1 modification)"}{"timestamp":"2026-06-02 00:09:08","level":"INFO","logger":"org.springframework.boot.tomcat.GracefulShutdown","message":"Commencing graceful shutdown. Waiting for active requests to complete"}{"timestamp":"2026-06-02 00:09:08","level":"INFO","logger":"org.apache.coyote.http11.Http11NioProtocol","message":"Pausing ProtocolHandler ["http-nio-8080"]"}{"timestamp":"2026-06-02 00:09:08","level":"INFO","logger":"org.springframework.boot.tomcat.GracefulShutdown","message":"Graceful shutdown complete"}{"timestamp":"2026-06-02 00:09:08","level":"INFO","logger":"org.apache.coyote.http11.Http11NioProtocol","message":"Stopping ProtocolHandler ["http-nio-8080"]"}{"timestamp":"2026-06-02 00:09:08","level":"INFO","logger":"org.springframework.orm.jpa.LocalContainerEntityManagerFactoryBean","message":"Closing JPA EntityManagerFactory for persistence unit 'default'"}{"timestamp":"2026-06-02 00:09:08","level":"INFO","logger":"com.zaxxer.hikari.HikariDataSource","message":"HikariPool-4 - Shutdown initiated..."}{"timestamp":"2026-06-02 00:09:08","level":"INFO","logger":"com.zaxxer.hikari.HikariDataSource","message":"HikariPool-4 - Shutdown completed."}{"timestamp":"2026-06-02 00:09:09","level":"INFO","logger":"org.springframework.data.repository.config.RepositoryConfigurationDelegate","message":"Bootstrapping Spring Data JPA repositories in DEFAULT mode."}{"timestamp":"2026-06-02 00:09:09","level":"INFO","logger":"org.springframework.data.repository.config.RepositoryConfigurationDelegate","message":"Finished Spring Data repository scanning in 64 ms. Found 4 JPA repository interfaces."}{"timestamp":"2026-06-02 00:09:09","level":"INFO","logger":"org.springframework.boot.tomcat.TomcatWebServer","message":"Tomcat initialized with port 8080 (http)"}{"timestamp":"2026-06-02 00:09:09","level":"INFO","logger":"org.apache.coyote.http11.Http11NioProtocol","message":"Initializing ProtocolHandler ["http-nio-8080"]"}{"timestamp":"2026-06-02 00:09:09","level":"INFO","logger":"org.apache.catalina.core.StandardService","message":"Starting service [Tomcat]"}{"timestamp":"2026-06-02 00:09:09","level":"INFO","logger":"org.apache.catalina.core.StandardEngine","message":"Starting Servlet engine: [Apache Tomcat/11.0.20]"}{"timestamp":"2026-06-02 00:09:09","level":"INFO","logger":"org.springframework.boot.web.context.servlet.WebApplicationContextInitializer","message":"Root WebApplicationContext: initialization completed in 788 ms"}{"timestamp":"2026-06-02 00:09:09","level":"INFO","logger":"org.hibernate.orm.jpa","message":"HHH008540: Processing PersistenceUnitInfo [name: default]"}{"timestamp":"2026-06-02 00:09:09","level":"INFO","logger":"org.springframework.orm.jpa.persistenceunit.SpringPersistenceUnitInfo","message":"No LoadTimeWeaver setup: ignoring JPA class transformer"}{"timestamp":"2026-06-02 00:09:09","level":"INFO","logger":"com.zaxxer.hikari.HikariDataSource","message":"HikariPool-5 - Starting..."}{"timestamp":"2026-06-02 00:09:09","level":"INFO","logger":"com.zaxxer.hikari.pool.HikariPool","message":"HikariPool-5 - Added connection com.mysql.cj.jdbc.ConnectionImpl@28fd0eb6"}{"timestamp":"2026-06-02 00:09:09","level":"INFO","logger":"com.zaxxer.hikari.HikariDataSource","message":"HikariPool-5 - Start completed."}{"timestamp":"2026-06-02 00:09:09","level":"WARN","logger":"org.hibernate.orm.deprecation","message":"HHH90000025: MySQLDialect does not need to be specified explicitly using 'hibernate.dialect' (remove the property setting and it will be selected by default)"}{"timestamp":"2026-06-02 00:09:09","level":"INFO","logger":"org.hibernate.orm.connections.pooling","message":"HHH10001005: Database info:
	Database JDBC URL [jdbc:mysql://localhost:3306/jobportaldb?useSSL=false&serverTimezone=UTC&allowPublicKeyRetrieval=true]
	Database driver: MySQL Connector/J
	Database dialect: MySQLDialect
	Database version: 8.0.46
	Default catalog/schema: jobportaldb/undefined
	Autocommit mode: undefined/unknown
	Isolation level: REPEATABLE_READ [default REPEATABLE_READ]
	JDBC fetch size: none
	Pool: DataSourceConnectionProvider
	Minimum pool size: undefined/unknown
	Maximum pool size: undefined/unknown"}{"timestamp":"2026-06-02 00:09:09","level":"DEBUG","logger":"org.hibernate.tool.schema.spi.SchemaManagementToolCoordinator","message":"No schema actions specified for contributor 'orm'"}{"timestamp":"2026-06-02 00:09:09","level":"INFO","logger":"org.hibernate.orm.core","message":"HHH000489: No JTA platform available (set 'hibernate.transaction.jta.platform' to enable JTA platform integration)"}{"timestamp":"2026-06-02 00:09:09","level":"DEBUG","logger":"org.hibernate.tool.schema.spi.SchemaManagementToolCoordinator","message":"No schema actions specified for contributor 'orm'"}{"timestamp":"2026-06-02 00:09:09","level":"DEBUG","logger":"org.hibernate.tool.schema.spi.SchemaManagementToolCoordinator","message":"No schema management actions found"}{"timestamp":"2026-06-02 00:09:09","level":"INFO","logger":"org.springframework.orm.jpa.LocalContainerEntityManagerFactoryBean","message":"Initialized JPA EntityManagerFactory for persistence unit 'default'"}{"timestamp":"2026-06-02 00:09:10","level":"WARN","logger":"org.springframework.boot.jpa.autoconfigure.JpaBaseConfiguration$JpaWebConfiguration","message":"spring.jpa.open-in-view is enabled by default. Therefore, database queries may be performed during view rendering. Explicitly configure spring.jpa.open-in-view to disable this warning"}{"timestamp":"2026-06-02 00:09:10","level":"INFO","logger":"org.springframework.security.config.annotation.authentication.configuration.InitializeAuthenticationProviderBeanManagerConfigurer$InitializeAuthenticationProviderManagerConfigurer","message":"Global AuthenticationManager configured with AuthenticationProvider bean with name jobPortalUsernamePwdAuthenticationProvider"}{"timestamp":"2026-06-02 00:09:10","level":"DEBUG","logger":"org.springframework.security.web.DefaultSecurityFilterChain","message":"Will secure any request with filters: DisableEncodeUrlFilter, WebAsyncManagerIntegrationFilter, SecurityContextHolderFilter, HeaderWriterFilter, CorsFilter, CsrfFilter, LogoutFilter, RequestCacheAwareFilter, SecurityContextHolderAwareRequestFilter, AnonymousAuthenticationFilter, ExceptionTranslationFilter, AuthorizationFilter"}{"timestamp":"2026-06-02 00:09:10","level":"INFO","logger":"org.apache.coyote.http11.Http11NioProtocol","message":"Starting ProtocolHandler ["http-nio-8080"]"}{"timestamp":"2026-06-02 00:09:10","level":"INFO","logger":"org.springframework.boot.tomcat.TomcatWebServer","message":"Tomcat started on port 8080 (http) with context path '/'"}{"timestamp":"2026-06-02 00:09:10","level":"INFO","logger":"org.springframework.boot.devtools.autoconfigure.ConditionEvaluationDeltaLoggingListener","message":"Condition evaluation unchanged"}{"timestamp":"2026-06-02 00:09:15","level":"INFO","logger":"org.springframework.boot.devtools.autoconfigure.LocalDevToolsAutoConfiguration$RestartingClassPathChangeChangedEventListener","message":"Restarting due to 1 class path change (0 additions, 0 deletions, 1 modification)"}{"timestamp":"2026-06-02 00:09:15","level":"INFO","logger":"org.springframework.boot.tomcat.GracefulShutdown","message":"Commencing graceful shutdown. Waiting for active requests to complete"}{"timestamp":"2026-06-02 00:09:15","level":"INFO","logger":"org.apache.coyote.http11.Http11NioProtocol","message":"Pausing ProtocolHandler ["http-nio-8080"]"}{"timestamp":"2026-06-02 00:09:15","level":"INFO","logger":"org.springframework.boot.tomcat.GracefulShutdown","message":"Graceful shutdown complete"}{"timestamp":"2026-06-02 00:09:15","level":"INFO","logger":"org.apache.coyote.http11.Http11NioProtocol","message":"Stopping ProtocolHandler ["http-nio-8080"]"}{"timestamp":"2026-06-02 00:09:15","level":"INFO","logger":"org.springframework.orm.jpa.LocalContainerEntityManagerFactoryBean","message":"Closing JPA EntityManagerFactory for persistence unit 'default'"}{"timestamp":"2026-06-02 00:09:15","level":"INFO","logger":"com.zaxxer.hikari.HikariDataSource","message":"HikariPool-5 - Shutdown initiated..."}{"timestamp":"2026-06-02 00:09:15","level":"INFO","logger":"com.zaxxer.hikari.HikariDataSource","message":"HikariPool-5 - Shutdown completed."}{"timestamp":"2026-06-02 00:09:15","level":"INFO","logger":"org.springframework.data.repository.config.RepositoryConfigurationDelegate","message":"Bootstrapping Spring Data JPA repositories in DEFAULT mode."}{"timestamp":"2026-06-02 00:09:15","level":"INFO","logger":"org.springframework.data.repository.config.RepositoryConfigurationDelegate","message":"Finished Spring Data repository scanning in 53 ms. Found 4 JPA repository interfaces."}{"timestamp":"2026-06-02 00:09:15","level":"INFO","logger":"org.springframework.boot.tomcat.TomcatWebServer","message":"Tomcat initialized with port 8080 (http)"}{"timestamp":"2026-06-02 00:09:15","level":"INFO","logger":"org.apache.coyote.http11.Http11NioProtocol","message":"Initializing ProtocolHandler ["http-nio-8080"]"}{"timestamp":"2026-06-02 00:09:15","level":"INFO","logger":"org.apache.catalina.core.StandardService","message":"Starting service [Tomcat]"}{"timestamp":"2026-06-02 00:09:15","level":"INFO","logger":"org.apache.catalina.core.StandardEngine","message":"Starting Servlet engine: [Apache Tomcat/11.0.20]"}{"timestamp":"2026-06-02 00:09:15","level":"INFO","logger":"org.springframework.boot.web.context.servlet.WebApplicationContextInitializer","message":"Root WebApplicationContext: initialization completed in 683 ms"}{"timestamp":"2026-06-02 00:09:16","level":"INFO","logger":"org.hibernate.orm.jpa","message":"HHH008540: Processing PersistenceUnitInfo [name: default]"}{"timestamp":"2026-06-02 00:09:16","level":"INFO","logger":"org.springframework.orm.jpa.persistenceunit.SpringPersistenceUnitInfo","message":"No LoadTimeWeaver setup: ignoring JPA class transformer"}{"timestamp":"2026-06-02 00:09:16","level":"INFO","logger":"com.zaxxer.hikari.HikariDataSource","message":"HikariPool-6 - Starting..."}{"timestamp":"2026-06-02 00:09:16","level":"INFO","logger":"com.zaxxer.hikari.pool.HikariPool","message":"HikariPool-6 - Added connection com.mysql.cj.jdbc.ConnectionImpl@4dbf39f0"}{"timestamp":"2026-06-02 00:09:16","level":"INFO","logger":"com.zaxxer.hikari.HikariDataSource","message":"HikariPool-6 - Start completed."}{"timestamp":"2026-06-02 00:09:16","level":"WARN","logger":"org.hibernate.orm.deprecation","message":"HHH90000025: MySQLDialect does not need to be specified explicitly using 'hibernate.dialect' (remove the property setting and it will be selected by default)"}{"timestamp":"2026-06-02 00:09:16","level":"INFO","logger":"org.hibernate.orm.connections.pooling","message":"HHH10001005: Database info:
	Database JDBC URL [jdbc:mysql://localhost:3306/jobportaldb?useSSL=false&serverTimezone=UTC&allowPublicKeyRetrieval=true]
	Database driver: MySQL Connector/J
	Database dialect: MySQLDialect
	Database version: 8.0.46
	Default catalog/schema: jobportaldb/undefined
	Autocommit mode: undefined/unknown
	Isolation level: REPEATABLE_READ [default REPEATABLE_READ]
	JDBC fetch size: none
	Pool: DataSourceConnectionProvider
	Minimum pool size: undefined/unknown
	Maximum pool size: undefined/unknown"}{"timestamp":"2026-06-02 00:09:16","level":"DEBUG","logger":"org.hibernate.tool.schema.spi.SchemaManagementToolCoordinator","message":"No schema actions specified for contributor 'orm'"}{"timestamp":"2026-06-02 00:09:16","level":"INFO","logger":"org.hibernate.orm.core","message":"HHH000489: No JTA platform available (set 'hibernate.transaction.jta.platform' to enable JTA platform integration)"}{"timestamp":"2026-06-02 00:09:16","level":"DEBUG","logger":"org.hibernate.tool.schema.spi.SchemaManagementToolCoordinator","message":"No schema actions specified for contributor 'orm'"}{"timestamp":"2026-06-02 00:09:16","level":"DEBUG","logger":"org.hibernate.tool.schema.spi.SchemaManagementToolCoordinator","message":"No schema management actions found"}{"timestamp":"2026-06-02 00:09:16","level":"INFO","logger":"org.springframework.orm.jpa.LocalContainerEntityManagerFactoryBean","message":"Initialized JPA EntityManagerFactory for persistence unit 'default'"}{"timestamp":"2026-06-02 00:09:16","level":"WARN","logger":"org.springframework.boot.jpa.autoconfigure.JpaBaseConfiguration$JpaWebConfiguration","message":"spring.jpa.open-in-view is enabled by default. Therefore, database queries may be performed during view rendering. Explicitly configure spring.jpa.open-in-view to disable this warning"}{"timestamp":"2026-06-02 00:09:16","level":"INFO","logger":"org.springframework.security.config.annotation.authentication.configuration.InitializeAuthenticationProviderBeanManagerConfigurer$InitializeAuthenticationProviderManagerConfigurer","message":"Global AuthenticationManager configured with AuthenticationProvider bean with name jobPortalUsernamePwdAuthenticationProvider"}{"timestamp":"2026-06-02 00:09:16","level":"DEBUG","logger":"org.springframework.security.web.DefaultSecurityFilterChain","message":"Will secure any request with filters: DisableEncodeUrlFilter, WebAsyncManagerIntegrationFilter, SecurityContextHolderFilter, HeaderWriterFilter, CorsFilter, CsrfFilter, LogoutFilter, RequestCacheAwareFilter, SecurityContextHolderAwareRequestFilter, AnonymousAuthenticationFilter, ExceptionTranslationFilter, AuthorizationFilter"}{"timestamp":"2026-06-02 00:09:17","level":"INFO","logger":"org.apache.coyote.http11.Http11NioProtocol","message":"Starting ProtocolHandler ["http-nio-8080"]"}{"timestamp":"2026-06-02 00:09:17","level":"INFO","logger":"org.springframework.boot.tomcat.TomcatWebServer","message":"Tomcat started on port 8080 (http) with context path '/'"}{"timestamp":"2026-06-02 00:09:17","level":"INFO","logger":"org.springframework.boot.devtools.autoconfigure.ConditionEvaluationDeltaLoggingListener","message":"Condition evaluation unchanged"}{"timestamp":"2026-06-02 00:09:20","level":"INFO","logger":"org.springframework.boot.devtools.autoconfigure.LocalDevToolsAutoConfiguration$RestartingClassPathChangeChangedEventListener","message":"Restarting due to 1 class path change (0 additions, 0 deletions, 1 modification)"}{"timestamp":"2026-06-02 00:09:20","level":"INFO","logger":"org.springframework.boot.tomcat.GracefulShutdown","message":"Commencing graceful shutdown. Waiting for active requests to complete"}{"timestamp":"2026-06-02 00:09:20","level":"INFO","logger":"org.apache.coyote.http11.Http11NioProtocol","message":"Pausing ProtocolHandler ["http-nio-8080"]"}{"timestamp":"2026-06-02 00:09:20","level":"INFO","logger":"org.springframework.boot.tomcat.GracefulShutdown","message":"Graceful shutdown complete"}{"timestamp":"2026-06-02 00:09:20","level":"INFO","logger":"org.apache.coyote.http11.Http11NioProtocol","message":"Stopping ProtocolHandler ["http-nio-8080"]"}{"timestamp":"2026-06-02 00:09:20","level":"INFO","logger":"org.springframework.orm.jpa.LocalContainerEntityManagerFactoryBean","message":"Closing JPA EntityManagerFactory for persistence unit 'default'"}{"timestamp":"2026-06-02 00:09:20","level":"INFO","logger":"com.zaxxer.hikari.HikariDataSource","message":"HikariPool-6 - Shutdown initiated..."}{"timestamp":"2026-06-02 00:09:20","level":"INFO","logger":"com.zaxxer.hikari.HikariDataSource","message":"HikariPool-6 - Shutdown completed."}{"timestamp":"2026-06-02 00:09:21","level":"INFO","logger":"org.springframework.data.repository.config.RepositoryConfigurationDelegate","message":"Bootstrapping Spring Data JPA repositories in DEFAULT mode."}{"timestamp":"2026-06-02 00:09:21","level":"INFO","logger":"org.springframework.data.repository.config.RepositoryConfigurationDelegate","message":"Finished Spring Data repository scanning in 75 ms. Found 4 JPA repository interfaces."}{"timestamp":"2026-06-02 00:09:21","level":"INFO","logger":"org.springframework.boot.tomcat.TomcatWebServer","message":"Tomcat initialized with port 8080 (http)"}{"timestamp":"2026-06-02 00:09:21","level":"INFO","logger":"org.apache.coyote.http11.Http11NioProtocol","message":"Initializing ProtocolHandler ["http-nio-8080"]"}{"timestamp":"2026-06-02 00:09:21","level":"INFO","logger":"org.apache.catalina.core.StandardService","message":"Starting service [Tomcat]"}{"timestamp":"2026-06-02 00:09:21","level":"INFO","logger":"org.apache.catalina.core.StandardEngine","message":"Starting Servlet engine: [Apache Tomcat/11.0.20]"}{"timestamp":"2026-06-02 00:09:21","level":"INFO","logger":"org.springframework.boot.web.context.servlet.WebApplicationContextInitializer","message":"Root WebApplicationContext: initialization completed in 703 ms"}{"timestamp":"2026-06-02 00:09:21","level":"INFO","logger":"org.hibernate.orm.jpa","message":"HHH008540: Processing PersistenceUnitInfo [name: default]"}{"timestamp":"2026-06-02 00:09:21","level":"INFO","logger":"org.springframework.orm.jpa.persistenceunit.SpringPersistenceUnitInfo","message":"No LoadTimeWeaver setup: ignoring JPA class transformer"}{"timestamp":"2026-06-02 00:09:21","level":"INFO","logger":"com.zaxxer.hikari.HikariDataSource","message":"HikariPool-7 - Starting..."}{"timestamp":"2026-06-02 00:09:21","level":"INFO","logger":"com.zaxxer.hikari.pool.HikariPool","message":"HikariPool-7 - Added connection com.mysql.cj.jdbc.ConnectionImpl@3cbef75d"}{"timestamp":"2026-06-02 00:09:21","level":"INFO","logger":"com.zaxxer.hikari.HikariDataSource","message":"HikariPool-7 - Start completed."}{"timestamp":"2026-06-02 00:09:21","level":"WARN","logger":"org.hibernate.orm.deprecation","message":"HHH90000025: MySQLDialect does not need to be specified explicitly using 'hibernate.dialect' (remove the property setting and it will be selected by default)"}{"timestamp":"2026-06-02 00:09:21","level":"INFO","logger":"org.hibernate.orm.connections.pooling","message":"HHH10001005: Database info:
	Database JDBC URL [jdbc:mysql://localhost:3306/jobportaldb?useSSL=false&serverTimezone=UTC&allowPublicKeyRetrieval=true]
	Database driver: MySQL Connector/J
	Database dialect: MySQLDialect
	Database version: 8.0.46
	Default catalog/schema: jobportaldb/undefined
	Autocommit mode: undefined/unknown
	Isolation level: REPEATABLE_READ [default REPEATABLE_READ]
	JDBC fetch size: none
	Pool: DataSourceConnectionProvider
	Minimum pool size: undefined/unknown
	Maximum pool size: undefined/unknown"}{"timestamp":"2026-06-02 00:09:21","level":"DEBUG","logger":"org.hibernate.tool.schema.spi.SchemaManagementToolCoordinator","message":"No schema actions specified for contributor 'orm'"}{"timestamp":"2026-06-02 00:09:21","level":"INFO","logger":"org.hibernate.orm.core","message":"HHH000489: No JTA platform available (set 'hibernate.transaction.jta.platform' to enable JTA platform integration)"}{"timestamp":"2026-06-02 00:09:21","level":"DEBUG","logger":"org.hibernate.tool.schema.spi.SchemaManagementToolCoordinator","message":"No schema actions specified for contributor 'orm'"}{"timestamp":"2026-06-02 00:09:21","level":"DEBUG","logger":"org.hibernate.tool.schema.spi.SchemaManagementToolCoordinator","message":"No schema management actions found"}{"timestamp":"2026-06-02 00:09:21","level":"INFO","logger":"org.springframework.orm.jpa.LocalContainerEntityManagerFactoryBean","message":"Initialized JPA EntityManagerFactory for persistence unit 'default'"}{"timestamp":"2026-06-02 00:09:22","level":"WARN","logger":"org.springframework.boot.jpa.autoconfigure.JpaBaseConfiguration$JpaWebConfiguration","message":"spring.jpa.open-in-view is enabled by default. Therefore, database queries may be performed during view rendering. Explicitly configure spring.jpa.open-in-view to disable this warning"}{"timestamp":"2026-06-02 00:09:22","level":"INFO","logger":"org.springframework.security.config.annotation.authentication.configuration.InitializeAuthenticationProviderBeanManagerConfigurer$InitializeAuthenticationProviderManagerConfigurer","message":"Global AuthenticationManager configured with AuthenticationProvider bean with name jobPortalUsernamePwdAuthenticationProvider"}{"timestamp":"2026-06-02 00:09:22","level":"DEBUG","logger":"org.springframework.security.web.DefaultSecurityFilterChain","message":"Will secure any request with filters: DisableEncodeUrlFilter, WebAsyncManagerIntegrationFilter, SecurityContextHolderFilter, HeaderWriterFilter, CorsFilter, CsrfFilter, LogoutFilter, RequestCacheAwareFilter, SecurityContextHolderAwareRequestFilter, AnonymousAuthenticationFilter, ExceptionTranslationFilter, AuthorizationFilter"}{"timestamp":"2026-06-02 00:09:22","level":"INFO","logger":"org.apache.coyote.http11.Http11NioProtocol","message":"Starting ProtocolHandler ["http-nio-8080"]"}{"timestamp":"2026-06-02 00:09:22","level":"INFO","logger":"org.springframework.boot.tomcat.TomcatWebServer","message":"Tomcat started on port 8080 (http) with context path '/'"}{"timestamp":"2026-06-02 00:09:22","level":"INFO","logger":"org.springframework.boot.devtools.autoconfigure.ConditionEvaluationDeltaLoggingListener","message":"Condition evaluation unchanged"}{"timestamp":"2026-06-02 00:09:36","level":"INFO","logger":"org.hibernate.validator.internal.util.Version","message":"HV000001: Hibernate Validator 9.0.1.Final"}{"timestamp":"2026-06-02 00:09:36","level":"INFO","logger":"org.springframework.boot.devtools.env.DevToolsPropertyDefaultsPostProcessor","message":"Devtools property defaults active! Set 'spring.devtools.add-properties' to 'false' to disable"}{"timestamp":"2026-06-02 00:09:36","level":"INFO","logger":"org.springframework.boot.devtools.env.DevToolsPropertyDefaultsPostProcessor","message":"For additional web related logging consider setting the 'logging.level.web' property to 'DEBUG'"}{"timestamp":"2026-06-02 00:09:38","level":"INFO","logger":"org.springframework.data.repository.config.RepositoryConfigurationDelegate","message":"Bootstrapping Spring Data JPA repositories in DEFAULT mode."}{"timestamp":"2026-06-02 00:09:38","level":"INFO","logger":"org.springframework.data.repository.config.RepositoryConfigurationDelegate","message":"Finished Spring Data repository scanning in 121 ms. Found 4 JPA repository interfaces."}{"timestamp":"2026-06-02 00:09:39","level":"INFO","logger":"org.springframework.boot.tomcat.TomcatWebServer","message":"Tomcat initialized with port 8080 (http)"}{"timestamp":"2026-06-02 00:09:39","level":"INFO","logger":"org.apache.coyote.http11.Http11NioProtocol","message":"Initializing ProtocolHandler ["http-nio-8080"]"}{"timestamp":"2026-06-02 00:09:39","level":"INFO","logger":"org.apache.catalina.core.StandardService","message":"Starting service [Tomcat]"}{"timestamp":"2026-06-02 00:09:39","level":"INFO","logger":"org.apache.catalina.core.StandardEngine","message":"Starting Servlet engine: [Apache Tomcat/11.0.20]"}{"timestamp":"2026-06-02 00:09:39","level":"INFO","logger":"org.springframework.boot.web.context.servlet.WebApplicationContextInitializer","message":"Root WebApplicationContext: initialization completed in 3246 ms"}{"timestamp":"2026-06-02 00:09:40","level":"INFO","logger":"org.hibernate.orm.jpa","message":"HHH008540: Processing PersistenceUnitInfo [name: default]"}{"timestamp":"2026-06-02 00:09:40","level":"INFO","logger":"org.hibernate.orm.core","message":"HHH000001: Hibernate ORM core version 7.2.7.Final"}{"timestamp":"2026-06-02 00:09:41","level":"INFO","logger":"org.springframework.orm.jpa.persistenceunit.SpringPersistenceUnitInfo","message":"No LoadTimeWeaver setup: ignoring JPA class transformer"}{"timestamp":"2026-06-02 00:09:41","level":"INFO","logger":"com.zaxxer.hikari.HikariDataSource","message":"HikariPool-1 - Starting..."}{"timestamp":"2026-06-02 00:09:41","level":"INFO","logger":"com.zaxxer.hikari.pool.HikariPool","message":"HikariPool-1 - Added connection com.mysql.cj.jdbc.ConnectionImpl@3e64b258"}{"timestamp":"2026-06-02 00:09:41","level":"INFO","logger":"com.zaxxer.hikari.HikariDataSource","message":"HikariPool-1 - Start completed."}{"timestamp":"2026-06-02 00:09:41","level":"WARN","logger":"org.hibernate.orm.deprecation","message":"HHH90000025: MySQLDialect does not need to be specified explicitly using 'hibernate.dialect' (remove the property setting and it will be selected by default)"}{"timestamp":"2026-06-02 00:09:41","level":"INFO","logger":"org.hibernate.orm.connections.pooling","message":"HHH10001005: Database info:
	Database JDBC URL [jdbc:mysql://localhost:3306/jobportaldb?useSSL=false&serverTimezone=UTC&allowPublicKeyRetrieval=true]
	Database driver: MySQL Connector/J
	Database dialect: MySQLDialect
	Database version: 8.0.46
	Default catalog/schema: jobportaldb/undefined
	Autocommit mode: undefined/unknown
	Isolation level: REPEATABLE_READ [default REPEATABLE_READ]
	JDBC fetch size: none
	Pool: DataSourceConnectionProvider
	Minimum pool size: undefined/unknown
	Maximum pool size: undefined/unknown"}{"timestamp":"2026-06-02 00:09:42","level":"DEBUG","logger":"org.hibernate.tool.schema.spi.SchemaManagementToolCoordinator","message":"No schema actions specified for contributor 'orm'"}{"timestamp":"2026-06-02 00:09:42","level":"INFO","logger":"org.hibernate.orm.core","message":"HHH000489: No JTA platform available (set 'hibernate.transaction.jta.platform' to enable JTA platform integration)"}{"timestamp":"2026-06-02 00:09:42","level":"DEBUG","logger":"org.hibernate.tool.schema.spi.SchemaManagementToolCoordinator","message":"No schema actions specified for contributor 'orm'"}{"timestamp":"2026-06-02 00:09:42","level":"DEBUG","logger":"org.hibernate.tool.schema.spi.SchemaManagementToolCoordinator","message":"No schema management actions found"}{"timestamp":"2026-06-02 00:09:42","level":"INFO","logger":"org.springframework.orm.jpa.LocalContainerEntityManagerFactoryBean","message":"Initialized JPA EntityManagerFactory for persistence unit 'default'"}{"timestamp":"2026-06-02 00:09:43","level":"INFO","logger":"org.springframework.data.jpa.repository.query.QueryEnhancerFactories","message":"Hibernate is in classpath; If applicable, HQL parser will be used."}{"timestamp":"2026-06-02 00:09:45","level":"WARN","logger":"org.springframework.boot.jpa.autoconfigure.JpaBaseConfiguration$JpaWebConfiguration","message":"spring.jpa.open-in-view is enabled by default. Therefore, database queries may be performed during view rendering. Explicitly configure spring.jpa.open-in-view to disable this warning"}{"timestamp":"2026-06-02 00:09:45","level":"INFO","logger":"org.springframework.security.config.annotation.authentication.configuration.InitializeAuthenticationProviderBeanManagerConfigurer$InitializeAuthenticationProviderManagerConfigurer","message":"Global AuthenticationManager configured with AuthenticationProvider bean with name jobPortalUsernamePwdAuthenticationProvider"}{"timestamp":"2026-06-02 00:09:45","level":"DEBUG","logger":"org.springframework.security.web.DefaultSecurityFilterChain","message":"Will secure any request with filters: DisableEncodeUrlFilter, WebAsyncManagerIntegrationFilter, SecurityContextHolderFilter, HeaderWriterFilter, CorsFilter, CsrfFilter, LogoutFilter, RequestCacheAwareFilter, SecurityContextHolderAwareRequestFilter, AnonymousAuthenticationFilter, ExceptionTranslationFilter, AuthorizationFilter"}{"timestamp":"2026-06-02 00:09:46","level":"INFO","logger":"org.apache.coyote.http11.Http11NioProtocol","message":"Starting ProtocolHandler ["http-nio-8080"]"}{"timestamp":"2026-06-02 00:09:46","level":"INFO","logger":"org.springframework.boot.tomcat.TomcatWebServer","message":"Tomcat started on port 8080 (http) with context path '/'"}{"timestamp":"2026-06-02 00:10:03","level":"INFO","logger":"org.apache.catalina.core.ContainerBase.[Tomcat].[localhost].[/]","message":"Initializing Spring DispatcherServlet 'dispatcherServlet'"}{"timestamp":"2026-06-02 00:10:03","level":"INFO","logger":"org.springframework.web.servlet.DispatcherServlet","message":"Initializing Servlet 'dispatcherServlet'"}{"timestamp":"2026-06-02 00:10:03","level":"INFO","logger":"org.springframework.web.servlet.DispatcherServlet","message":"Completed initialization in 2 ms"}{"timestamp":"2026-06-02 00:10:03","level":"DEBUG","logger":"org.springframework.security.web.FilterChainProxy","message":"Securing GET /api/csrf-token/public"}{"timestamp":"2026-06-02 00:10:03","level":"DEBUG","logger":"org.springframework.security.web.FilterChainProxy","message":"Secured GET /api/csrf-token/public"}{"timestamp":"2026-06-02 00:10:03","level":"DEBUG","logger":"org.springframework.security.web.authentication.AnonymousAuthenticationFilter","message":"Set SecurityContextHolder to anonymous SecurityContext"}{"timestamp":"2026-06-02 00:10:31","level":"DEBUG","logger":"org.springframework.security.web.FilterChainProxy","message":"Securing POST /api/auth/login/public"}{"timestamp":"2026-06-02 00:10:31","level":"DEBUG","logger":"org.springframework.security.web.FilterChainProxy","message":"Secured POST /api/auth/login/public"}{"timestamp":"2026-06-02 00:10:32","level":"DEBUG","logger":"org.hibernate.SQL","message":"
    select
        jpu1_0.id,
        jpu1_0.company_id,
        jpu1_0.created_at,
        jpu1_0.created_by,
        jpu1_0.email,
        jpu1_0.mobile_number,
        jpu1_0.name,
        jpu1_0.password_hash,
        jpu1_0.role_id,
        jpu1_0.updated_at,
        jpu1_0.updated_by 
    from
        users jpu1_0 
    where
        jpu1_0.email=?"}{"timestamp":"2026-06-02 00:10:32","level":"DEBUG","logger":"org.hibernate.SQL","message":"
    select
        r1_0.id,
        r1_0.created_at,
        r1_0.created_by,
        r1_0.name,
        r1_0.updated_at,
        r1_0.updated_by 
    from
        roles r1_0 
    where
        r1_0.id=?"}{"timestamp":"2026-06-02 00:10:32","level":"DEBUG","logger":"org.springframework.security.web.authentication.AnonymousAuthenticationFilter","message":"Set SecurityContextHolder to anonymous SecurityContext"}{"timestamp":"2026-06-02 00:10:51","level":"DEBUG","logger":"org.springframework.security.web.FilterChainProxy","message":"Securing POST /api/contacts/public"}{"timestamp":"2026-06-02 00:10:51","level":"DEBUG","logger":"org.springframework.security.web.FilterChainProxy","message":"Secured POST /api/contacts/public"}{"timestamp":"2026-06-02 00:10:51","level":"DEBUG","logger":"org.hibernate.SQL","message":"
    insert 
    into
        contacts
        (created_at, created_by, email, message, name, status, subject, user_type) 
    values
        (?, ?, ?, ?, ?, ?, ?, ?)"}{"timestamp":"2026-06-02 00:10:51","level":"DEBUG","logger":"org.springframework.security.web.authentication.AnonymousAuthenticationFilter","message":"Set SecurityContextHolder to anonymous SecurityContext"}{"timestamp":"2026-06-02 00:11:18","level":"DEBUG","logger":"org.springframework.security.web.FilterChainProxy","message":"Securing POST /api/contacts/public"}{"timestamp":"2026-06-02 00:11:18","level":"DEBUG","logger":"org.springframework.security.web.FilterChainProxy","message":"Secured POST /api/contacts/public"}{"timestamp":"2026-06-02 00:11:18","level":"DEBUG","logger":"org.hibernate.SQL","message":"
    insert 
    into
        contacts
        (created_at, created_by, email, message, name, status, subject, user_type) 
    values
        (?, ?, ?, ?, ?, ?, ?, ?)"}{"timestamp":"2026-06-02 00:11:18","level":"DEBUG","logger":"org.springframework.security.web.authentication.AnonymousAuthenticationFilter","message":"Set SecurityContextHolder to anonymous SecurityContext"}{"timestamp":"2026-06-02 00:11:31","level":"DEBUG","logger":"org.springframework.security.web.FilterChainProxy","message":"Securing POST /api/contacts/public"}{"timestamp":"2026-06-02 00:11:31","level":"DEBUG","logger":"org.springframework.security.web.FilterChainProxy","message":"Secured POST /api/contacts/public"}{"timestamp":"2026-06-02 00:11:31","level":"DEBUG","logger":"org.hibernate.SQL","message":"
    insert 
    into
        contacts
        (created_at, created_by, email, message, name, status, subject, user_type) 
    values
        (?, ?, ?, ?, ?, ?, ?, ?)"}{"timestamp":"2026-06-02 00:11:31","level":"DEBUG","logger":"org.springframework.security.web.authentication.AnonymousAuthenticationFilter","message":"Set SecurityContextHolder to anonymous SecurityContext"}{"timestamp":"2026-06-02 00:11:43","level":"DEBUG","logger":"org.springframework.security.web.FilterChainProxy","message":"Securing POST /api/contacts/public"}{"timestamp":"2026-06-02 00:11:43","level":"DEBUG","logger":"org.springframework.security.web.FilterChainProxy","message":"Secured POST /api/contacts/public"}{"timestamp":"2026-06-02 00:11:43","level":"DEBUG","logger":"org.hibernate.SQL","message":"
    insert 
    into
        contacts
        (created_at, created_by, email, message, name, status, subject, user_type) 
    values
        (?, ?, ?, ?, ?, ?, ?, ?)"}{"timestamp":"2026-06-02 00:11:43","level":"DEBUG","logger":"org.springframework.security.web.authentication.AnonymousAuthenticationFilter","message":"Set SecurityContextHolder to anonymous SecurityContext"}{"timestamp":"2026-06-02 00:11:55","level":"DEBUG","logger":"org.springframework.security.web.FilterChainProxy","message":"Securing POST /api/contacts/public"}{"timestamp":"2026-06-02 00:11:55","level":"DEBUG","logger":"org.springframework.security.web.FilterChainProxy","message":"Secured POST /api/contacts/public"}{"timestamp":"2026-06-02 00:11:55","level":"DEBUG","logger":"org.hibernate.SQL","message":"
    insert 
    into
        contacts
        (created_at, created_by, email, message, name, status, subject, user_type) 
    values
        (?, ?, ?, ?, ?, ?, ?, ?)"}{"timestamp":"2026-06-02 00:11:55","level":"DEBUG","logger":"org.springframework.security.web.authentication.AnonymousAuthenticationFilter","message":"Set SecurityContextHolder to anonymous SecurityContext"}{"timestamp":"2026-06-02 00:12:09","level":"DEBUG","logger":"org.springframework.security.web.FilterChainProxy","message":"Securing POST /api/contacts/public"}{"timestamp":"2026-06-02 00:12:09","level":"DEBUG","logger":"org.springframework.security.web.FilterChainProxy","message":"Secured POST /api/contacts/public"}{"timestamp":"2026-06-02 00:12:09","level":"DEBUG","logger":"org.hibernate.SQL","message":"
    insert 
    into
        contacts
        (created_at, created_by, email, message, name, status, subject, user_type) 
    values
        (?, ?, ?, ?, ?, ?, ?, ?)"}{"timestamp":"2026-06-02 00:12:09","level":"DEBUG","logger":"org.springframework.security.web.authentication.AnonymousAuthenticationFilter","message":"Set SecurityContextHolder to anonymous SecurityContext"}{"timestamp":"2026-06-02 00:12:21","level":"DEBUG","logger":"org.springframework.security.web.FilterChainProxy","message":"Securing POST /api/contacts/public"}{"timestamp":"2026-06-02 00:12:21","level":"DEBUG","logger":"org.springframework.security.web.FilterChainProxy","message":"Secured POST /api/contacts/public"}{"timestamp":"2026-06-02 00:12:21","level":"DEBUG","logger":"org.hibernate.SQL","message":"
    insert 
    into
        contacts
        (created_at, created_by, email, message, name, status, subject, user_type) 
    values
        (?, ?, ?, ?, ?, ?, ?, ?)"}{"timestamp":"2026-06-02 00:12:21","level":"DEBUG","logger":"org.springframework.security.web.authentication.AnonymousAuthenticationFilter","message":"Set SecurityContextHolder to anonymous SecurityContext"}{"timestamp":"2026-06-02 00:12:35","level":"DEBUG","logger":"org.springframework.security.web.FilterChainProxy","message":"Securing POST /api/contacts/public"}{"timestamp":"2026-06-02 00:12:35","level":"DEBUG","logger":"org.springframework.security.web.FilterChainProxy","message":"Secured POST /api/contacts/public"}{"timestamp":"2026-06-02 00:12:35","level":"DEBUG","logger":"org.hibernate.SQL","message":"
    insert 
    into
        contacts
        (created_at, created_by, email, message, name, status, subject, user_type) 
    values
        (?, ?, ?, ?, ?, ?, ?, ?)"}{"timestamp":"2026-06-02 00:12:35","level":"DEBUG","logger":"org.springframework.security.web.authentication.AnonymousAuthenticationFilter","message":"Set SecurityContextHolder to anonymous SecurityContext"}{"timestamp":"2026-06-02 00:12:46","level":"DEBUG","logger":"org.springframework.security.web.FilterChainProxy","message":"Securing POST /api/contacts/public"}{"timestamp":"2026-06-02 00:12:46","level":"DEBUG","logger":"org.springframework.security.web.FilterChainProxy","message":"Secured POST /api/contacts/public"}{"timestamp":"2026-06-02 00:12:46","level":"DEBUG","logger":"org.hibernate.SQL","message":"
    insert 
    into
        contacts
        (created_at, created_by, email, message, name, status, subject, user_type) 
    values
        (?, ?, ?, ?, ?, ?, ?, ?)"}{"timestamp":"2026-06-02 00:12:46","level":"DEBUG","logger":"org.springframework.security.web.authentication.AnonymousAuthenticationFilter","message":"Set SecurityContextHolder to anonymous SecurityContext"}{"timestamp":"2026-06-02 00:12:59","level":"DEBUG","logger":"org.springframework.security.web.FilterChainProxy","message":"Securing POST /api/contacts/public"}{"timestamp":"2026-06-02 00:12:59","level":"DEBUG","logger":"org.springframework.security.web.FilterChainProxy","message":"Secured POST /api/contacts/public"}{"timestamp":"2026-06-02 00:12:59","level":"DEBUG","logger":"org.hibernate.SQL","message":"
    insert 
    into
        contacts
        (created_at, created_by, email, message, name, status, subject, user_type) 
    values
        (?, ?, ?, ?, ?, ?, ?, ?)"}{"timestamp":"2026-06-02 00:12:59","level":"DEBUG","logger":"org.springframework.security.web.authentication.AnonymousAuthenticationFilter","message":"Set SecurityContextHolder to anonymous SecurityContext"}{"timestamp":"2026-06-02 00:13:10","level":"DEBUG","logger":"org.springframework.security.web.FilterChainProxy","message":"Securing POST /api/contacts/public"}{"timestamp":"2026-06-02 00:13:10","level":"DEBUG","logger":"org.springframework.security.web.FilterChainProxy","message":"Secured POST /api/contacts/public"}{"timestamp":"2026-06-02 00:13:10","level":"DEBUG","logger":"org.hibernate.SQL","message":"
    insert 
    into
        contacts
        (created_at, created_by, email, message, name, status, subject, user_type) 
    values
        (?, ?, ?, ?, ?, ?, ?, ?)"}{"timestamp":"2026-06-02 00:13:10","level":"DEBUG","logger":"org.springframework.security.web.authentication.AnonymousAuthenticationFilter","message":"Set SecurityContextHolder to anonymous SecurityContext"}{"timestamp":"2026-06-02 00:26:22","level":"WARN","logger":"com.zaxxer.hikari.pool.HikariPool","message":"HikariPool-1 - Thread starvation or clock leap detected (housekeeper delta=2m40s497ms185µs900ns)."}{"timestamp":"2026-06-02 00:29:52","level":"DEBUG","logger":"org.springframework.security.web.FilterChainProxy","message":"Securing POST /api/auth/login/public"}{"timestamp":"2026-06-02 00:29:52","level":"DEBUG","logger":"org.springframework.security.web.FilterChainProxy","message":"Secured POST /api/auth/login/public"}{"timestamp":"2026-06-02 00:29:52","level":"DEBUG","logger":"org.hibernate.SQL","message":"
    select
        jpu1_0.id,
        jpu1_0.company_id,
        jpu1_0.created_at,
        jpu1_0.created_by,
        jpu1_0.email,
        jpu1_0.mobile_number,
        jpu1_0.name,
        jpu1_0.password_hash,
        jpu1_0.role_id,
        jpu1_0.updated_at,
        jpu1_0.updated_by 
    from
        users jpu1_0 
    where
        jpu1_0.email=?"}{"timestamp":"2026-06-02 00:29:52","level":"DEBUG","logger":"org.hibernate.SQL","message":"
    select
        r1_0.id,
        r1_0.created_at,
        r1_0.created_by,
        r1_0.name,
        r1_0.updated_at,
        r1_0.updated_by 
    from
        roles r1_0 
    where
        r1_0.id=?"}{"timestamp":"2026-06-02 00:29:52","level":"DEBUG","logger":"org.springframework.security.web.authentication.AnonymousAuthenticationFilter","message":"Set SecurityContextHolder to anonymous SecurityContext"}{"timestamp":"2026-06-02 00:30:46","level":"DEBUG","logger":"org.springframework.security.web.FilterChainProxy","message":"Securing GET /api/contacts/admin"}{"timestamp":"2026-06-02 00:30:46","level":"DEBUG","logger":"org.springframework.security.web.authentication.AnonymousAuthenticationFilter","message":"Set SecurityContextHolder to anonymous SecurityContext"}{"timestamp":"2026-06-02 00:30:46","level":"DEBUG","logger":"org.springframework.security.web.savedrequest.HttpSessionRequestCache","message":"Saved request http://localhost:8080/api/contacts/admin?continue to session"}{"timestamp":"2026-06-02 00:30:46","level":"DEBUG","logger":"org.springframework.security.web.authentication.Http403ForbiddenEntryPoint","message":"Pre-authenticated entry point called. Rejecting access"}{"timestamp":"2026-06-02 00:30:46","level":"DEBUG","logger":"org.springframework.security.web.FilterChainProxy","message":"Securing GET /error"}{"timestamp":"2026-06-02 00:30:46","level":"DEBUG","logger":"org.springframework.security.web.authentication.AnonymousAuthenticationFilter","message":"Set SecurityContextHolder to anonymous SecurityContext"}{"timestamp":"2026-06-02 00:30:46","level":"DEBUG","logger":"org.springframework.security.web.savedrequest.HttpSessionRequestCache","message":"Saved request http://localhost:8080/error?continue to session"}{"timestamp":"2026-06-02 00:30:46","level":"DEBUG","logger":"org.springframework.security.web.authentication.Http403ForbiddenEntryPoint","message":"Pre-authenticated entry point called. Rejecting access"}{"timestamp":"2026-06-02 00:31:26","level":"DEBUG","logger":"org.springframework.security.web.FilterChainProxy","message":"Securing POST /api/auth/login/public"}{"timestamp":"2026-06-02 00:31:26","level":"DEBUG","logger":"org.springframework.security.web.FilterChainProxy","message":"Secured POST /api/auth/login/public"}{"timestamp":"2026-06-02 00:31:26","level":"DEBUG","logger":"org.hibernate.SQL","message":"
    select
        jpu1_0.id,
        jpu1_0.company_id,
        jpu1_0.created_at,
        jpu1_0.created_by,
        jpu1_0.email,
        jpu1_0.mobile_number,
        jpu1_0.name,
        jpu1_0.password_hash,
        jpu1_0.role_id,
        jpu1_0.updated_at,
        jpu1_0.updated_by 
    from
        users jpu1_0 
    where
        jpu1_0.email=?"}{"timestamp":"2026-06-02 00:31:26","level":"DEBUG","logger":"org.hibernate.SQL","message":"
    select
        r1_0.id,
        r1_0.created_at,
        r1_0.created_by,
        r1_0.name,
        r1_0.updated_at,
        r1_0.updated_by 
    from
        roles r1_0 
    where
        r1_0.id=?"}{"timestamp":"2026-06-02 00:31:26","level":"DEBUG","logger":"org.springframework.security.web.authentication.AnonymousAuthenticationFilter","message":"Set SecurityContextHolder to anonymous SecurityContext"}{"timestamp":"2026-06-02 00:32:09","level":"DEBUG","logger":"org.springframework.security.web.FilterChainProxy","message":"Securing GET /api/contacts/admin"}{"timestamp":"2026-06-02 00:32:09","level":"DEBUG","logger":"org.springframework.security.web.authentication.AnonymousAuthenticationFilter","message":"Set SecurityContextHolder to anonymous SecurityContext"}{"timestamp":"2026-06-02 00:32:09","level":"DEBUG","logger":"org.springframework.security.web.savedrequest.HttpSessionRequestCache","message":"Saved request http://localhost:8080/api/contacts/admin?continue to session"}{"timestamp":"2026-06-02 00:32:09","level":"DEBUG","logger":"org.springframework.security.web.authentication.Http403ForbiddenEntryPoint","message":"Pre-authenticated entry point called. Rejecting access"}{"timestamp":"2026-06-02 00:32:09","level":"DEBUG","logger":"org.springframework.security.web.FilterChainProxy","message":"Securing GET /error"}{"timestamp":"2026-06-02 00:32:09","level":"DEBUG","logger":"org.springframework.security.web.authentication.AnonymousAuthenticationFilter","message":"Set SecurityContextHolder to anonymous SecurityContext"}{"timestamp":"2026-06-02 00:32:09","level":"DEBUG","logger":"org.springframework.security.web.savedrequest.HttpSessionRequestCache","message":"Saved request http://localhost:8080/error?continue to session"}{"timestamp":"2026-06-02 00:32:09","level":"DEBUG","logger":"org.springframework.security.web.authentication.Http403ForbiddenEntryPoint","message":"Pre-authenticated entry point called. Rejecting access"}{"timestamp":"2026-06-02 00:32:23","level":"DEBUG","logger":"org.springframework.security.web.FilterChainProxy","message":"Securing GET /api/csrf-token/public"}{"timestamp":"2026-06-02 00:32:23","level":"DEBUG","logger":"org.springframework.security.web.FilterChainProxy","message":"Secured GET /api/csrf-token/public"}{"timestamp":"2026-06-02 00:32:23","level":"DEBUG","logger":"org.springframework.security.web.authentication.AnonymousAuthenticationFilter","message":"Set SecurityContextHolder to anonymous SecurityContext"}{"timestamp":"2026-06-02 00:32:46","level":"DEBUG","logger":"org.springframework.security.web.FilterChainProxy","message":"Securing GET /api/contacts/admin"}{"timestamp":"2026-06-02 00:32:46","level":"DEBUG","logger":"org.springframework.security.web.authentication.AnonymousAuthenticationFilter","message":"Set SecurityContextHolder to anonymous SecurityContext"}{"timestamp":"2026-06-02 00:32:46","level":"DEBUG","logger":"org.springframework.security.web.savedrequest.HttpSessionRequestCache","message":"Saved request http://localhost:8080/api/contacts/admin?continue to session"}{"timestamp":"2026-06-02 00:32:46","level":"DEBUG","logger":"org.springframework.security.web.authentication.Http403ForbiddenEntryPoint","message":"Pre-authenticated entry point called. Rejecting access"}{"timestamp":"2026-06-02 00:32:46","level":"DEBUG","logger":"org.springframework.security.web.FilterChainProxy","message":"Securing GET /error"}{"timestamp":"2026-06-02 00:32:46","level":"DEBUG","logger":"org.springframework.security.web.authentication.AnonymousAuthenticationFilter","message":"Set SecurityContextHolder to anonymous SecurityContext"}{"timestamp":"2026-06-02 00:32:46","level":"DEBUG","logger":"org.springframework.security.web.savedrequest.HttpSessionRequestCache","message":"Saved request http://localhost:8080/error?continue to session"}{"timestamp":"2026-06-02 00:32:46","level":"DEBUG","logger":"org.springframework.security.web.authentication.Http403ForbiddenEntryPoint","message":"Pre-authenticated entry point called. Rejecting access"}{"timestamp":"2026-06-02 00:32:52","level":"DEBUG","logger":"org.springframework.security.web.FilterChainProxy","message":"Securing GET /api/contacts/admin/publi"}{"timestamp":"2026-06-02 00:32:52","level":"DEBUG","logger":"org.springframework.security.web.authentication.AnonymousAuthenticationFilter","message":"Set SecurityContextHolder to anonymous SecurityContext"}{"timestamp":"2026-06-02 00:32:52","level":"DEBUG","logger":"org.springframework.security.web.savedrequest.HttpSessionRequestCache","message":"Saved request http://localhost:8080/api/contacts/admin/publi?continue to session"}{"timestamp":"2026-06-02 00:32:52","level":"DEBUG","logger":"org.springframework.security.web.authentication.Http403ForbiddenEntryPoint","message":"Pre-authenticated entry point called. Rejecting access"}{"timestamp":"2026-06-02 00:32:52","level":"DEBUG","logger":"org.springframework.security.web.FilterChainProxy","message":"Securing GET /error"}{"timestamp":"2026-06-02 00:32:52","level":"DEBUG","logger":"org.springframework.security.web.authentication.AnonymousAuthenticationFilter","message":"Set SecurityContextHolder to anonymous SecurityContext"}{"timestamp":"2026-06-02 00:32:52","level":"DEBUG","logger":"org.springframework.security.web.savedrequest.HttpSessionRequestCache","message":"Saved request http://localhost:8080/error?continue to session"}{"timestamp":"2026-06-02 00:32:52","level":"DEBUG","logger":"org.springframework.security.web.authentication.Http403ForbiddenEntryPoint","message":"Pre-authenticated entry point called. Rejecting access"}{"timestamp":"2026-06-02 00:33:25","level":"DEBUG","logger":"org.springframework.security.web.FilterChainProxy","message":"Securing GET /api/contacts/admin/"}{"timestamp":"2026-06-02 00:33:25","level":"DEBUG","logger":"org.springframework.security.web.authentication.AnonymousAuthenticationFilter","message":"Set SecurityContextHolder to anonymous SecurityContext"}{"timestamp":"2026-06-02 00:33:25","level":"DEBUG","logger":"org.springframework.security.web.savedrequest.HttpSessionRequestCache","message":"Saved request http://localhost:8080/api/contacts/admin/?continue to session"}{"timestamp":"2026-06-02 00:33:25","level":"DEBUG","logger":"org.springframework.security.web.authentication.Http403ForbiddenEntryPoint","message":"Pre-authenticated entry point called. Rejecting access"}{"timestamp":"2026-06-02 00:33:25","level":"DEBUG","logger":"org.springframework.security.web.FilterChainProxy","message":"Securing GET /error"}{"timestamp":"2026-06-02 00:33:25","level":"DEBUG","logger":"org.springframework.security.web.authentication.AnonymousAuthenticationFilter","message":"Set SecurityContextHolder to anonymous SecurityContext"}{"timestamp":"2026-06-02 00:33:25","level":"DEBUG","logger":"org.springframework.security.web.savedrequest.HttpSessionRequestCache","message":"Saved request http://localhost:8080/error?continue to session"}{"timestamp":"2026-06-02 00:33:25","level":"DEBUG","logger":"org.springframework.security.web.authentication.Http403ForbiddenEntryPoint","message":"Pre-authenticated entry point called. Rejecting access"}{"timestamp":"2026-06-02 00:33:26","level":"DEBUG","logger":"org.springframework.security.web.FilterChainProxy","message":"Securing GET /api/contacts/admin/"}{"timestamp":"2026-06-02 00:33:26","level":"DEBUG","logger":"org.springframework.security.web.authentication.AnonymousAuthenticationFilter","message":"Set SecurityContextHolder to anonymous SecurityContext"}{"timestamp":"2026-06-02 00:33:26","level":"DEBUG","logger":"org.springframework.security.web.savedrequest.HttpSessionRequestCache","message":"Saved request http://localhost:8080/api/contacts/admin/?continue to session"}{"timestamp":"2026-06-02 00:33:26","level":"DEBUG","logger":"org.springframework.security.web.authentication.Http403ForbiddenEntryPoint","message":"Pre-authenticated entry point called. Rejecting access"}{"timestamp":"2026-06-02 00:33:26","level":"DEBUG","logger":"org.springframework.security.web.FilterChainProxy","message":"Securing GET /error"}{"timestamp":"2026-06-02 00:33:26","level":"DEBUG","logger":"org.springframework.security.web.authentication.AnonymousAuthenticationFilter","message":"Set SecurityContextHolder to anonymous SecurityContext"}{"timestamp":"2026-06-02 00:33:26","level":"DEBUG","logger":"org.springframework.security.web.savedrequest.HttpSessionRequestCache","message":"Saved request http://localhost:8080/error?continue to session"}{"timestamp":"2026-06-02 00:33:26","level":"DEBUG","logger":"org.springframework.security.web.authentication.Http403ForbiddenEntryPoint","message":"Pre-authenticated entry point called. Rejecting access"}{"timestamp":"2026-06-02 00:34:06","level":"INFO","logger":"org.springframework.boot.devtools.autoconfigure.LocalDevToolsAutoConfiguration$RestartingClassPathChangeChangedEventListener","message":"Restarting due to 1 class path change (0 additions, 0 deletions, 1 modification)"}{"timestamp":"2026-06-02 00:34:07","level":"INFO","logger":"org.springframework.boot.tomcat.GracefulShutdown","message":"Commencing graceful shutdown. Waiting for active requests to complete"}{"timestamp":"2026-06-02 00:34:07","level":"INFO","logger":"org.apache.coyote.http11.Http11NioProtocol","message":"Pausing ProtocolHandler ["http-nio-8080"]"}{"timestamp":"2026-06-02 00:34:07","level":"INFO","logger":"org.springframework.boot.tomcat.GracefulShutdown","message":"Graceful shutdown complete"}{"timestamp":"2026-06-02 00:34:07","level":"INFO","logger":"org.apache.coyote.http11.Http11NioProtocol","message":"Stopping ProtocolHandler ["http-nio-8080"]"}{"timestamp":"2026-06-02 00:34:07","level":"INFO","logger":"org.springframework.orm.jpa.LocalContainerEntityManagerFactoryBean","message":"Closing JPA EntityManagerFactory for persistence unit 'default'"}{"timestamp":"2026-06-02 00:34:07","level":"INFO","logger":"com.zaxxer.hikari.HikariDataSource","message":"HikariPool-1 - Shutdown initiated..."}{"timestamp":"2026-06-02 00:34:07","level":"INFO","logger":"com.zaxxer.hikari.HikariDataSource","message":"HikariPool-1 - Shutdown completed."}{"timestamp":"2026-06-02 00:34:07","level":"INFO","logger":"org.springframework.data.repository.config.RepositoryConfigurationDelegate","message":"Bootstrapping Spring Data JPA repositories in DEFAULT mode."}{"timestamp":"2026-06-02 00:34:08","level":"INFO","logger":"org.springframework.data.repository.config.RepositoryConfigurationDelegate","message":"Finished Spring Data repository scanning in 42 ms. Found 4 JPA repository interfaces."}{"timestamp":"2026-06-02 00:34:08","level":"INFO","logger":"org.springframework.boot.tomcat.TomcatWebServer","message":"Tomcat initialized with port 8080 (http)"}{"timestamp":"2026-06-02 00:34:08","level":"INFO","logger":"org.apache.coyote.http11.Http11NioProtocol","message":"Initializing ProtocolHandler ["http-nio-8080"]"}{"timestamp":"2026-06-02 00:34:08","level":"INFO","logger":"org.apache.catalina.core.StandardService","message":"Starting service [Tomcat]"}{"timestamp":"2026-06-02 00:34:08","level":"INFO","logger":"org.apache.catalina.core.StandardEngine","message":"Starting Servlet engine: [Apache Tomcat/11.0.20]"}{"timestamp":"2026-06-02 00:34:08","level":"INFO","logger":"org.springframework.boot.web.context.servlet.WebApplicationContextInitializer","message":"Root WebApplicationContext: initialization completed in 733 ms"}{"timestamp":"2026-06-02 00:34:08","level":"INFO","logger":"org.hibernate.orm.jpa","message":"HHH008540: Processing PersistenceUnitInfo [name: default]"}{"timestamp":"2026-06-02 00:34:08","level":"INFO","logger":"org.springframework.orm.jpa.persistenceunit.SpringPersistenceUnitInfo","message":"No LoadTimeWeaver setup: ignoring JPA class transformer"}{"timestamp":"2026-06-02 00:34:08","level":"INFO","logger":"com.zaxxer.hikari.HikariDataSource","message":"HikariPool-2 - Starting..."}{"timestamp":"2026-06-02 00:34:08","level":"INFO","logger":"com.zaxxer.hikari.pool.HikariPool","message":"HikariPool-2 - Added connection com.mysql.cj.jdbc.ConnectionImpl@462b41f4"}{"timestamp":"2026-06-02 00:34:08","level":"INFO","logger":"com.zaxxer.hikari.HikariDataSource","message":"HikariPool-2 - Start completed."}{"timestamp":"2026-06-02 00:34:08","level":"WARN","logger":"org.hibernate.orm.deprecation","message":"HHH90000025: MySQLDialect does not need to be specified explicitly using 'hibernate.dialect' (remove the property setting and it will be selected by default)"}{"timestamp":"2026-06-02 00:34:08","level":"INFO","logger":"org.hibernate.orm.connections.pooling","message":"HHH10001005: Database info:
	Database JDBC URL [jdbc:mysql://localhost:3306/jobportaldb?useSSL=false&serverTimezone=UTC&allowPublicKeyRetrieval=true]
	Database driver: MySQL Connector/J
	Database dialect: MySQLDialect
	Database version: 8.0.46
	Default catalog/schema: jobportaldb/undefined
	Autocommit mode: undefined/unknown
	Isolation level: REPEATABLE_READ [default REPEATABLE_READ]
	JDBC fetch size: none
	Pool: DataSourceConnectionProvider
	Minimum pool size: undefined/unknown
	Maximum pool size: undefined/unknown"}{"timestamp":"2026-06-02 00:34:08","level":"DEBUG","logger":"org.hibernate.tool.schema.spi.SchemaManagementToolCoordinator","message":"No schema actions specified for contributor 'orm'"}{"timestamp":"2026-06-02 00:34:08","level":"INFO","logger":"org.hibernate.orm.core","message":"HHH000489: No JTA platform available (set 'hibernate.transaction.jta.platform' to enable JTA platform integration)"}{"timestamp":"2026-06-02 00:34:08","level":"DEBUG","logger":"org.hibernate.tool.schema.spi.SchemaManagementToolCoordinator","message":"No schema actions specified for contributor 'orm'"}{"timestamp":"2026-06-02 00:34:08","level":"DEBUG","logger":"org.hibernate.tool.schema.spi.SchemaManagementToolCoordinator","message":"No schema management actions found"}{"timestamp":"2026-06-02 00:34:08","level":"INFO","logger":"org.springframework.orm.jpa.LocalContainerEntityManagerFactoryBean","message":"Initialized JPA EntityManagerFactory for persistence unit 'default'"}{"timestamp":"2026-06-02 00:34:09","level":"WARN","logger":"org.springframework.boot.jpa.autoconfigure.JpaBaseConfiguration$JpaWebConfiguration","message":"spring.jpa.open-in-view is enabled by default. Therefore, database queries may be performed during view rendering. Explicitly configure spring.jpa.open-in-view to disable this warning"}{"timestamp":"2026-06-02 00:34:09","level":"INFO","logger":"org.springframework.security.config.annotation.authentication.configuration.InitializeAuthenticationProviderBeanManagerConfigurer$InitializeAuthenticationProviderManagerConfigurer","message":"Global AuthenticationManager configured with AuthenticationProvider bean with name jobPortalUsernamePwdAuthenticationProvider"}{"timestamp":"2026-06-02 00:34:09","level":"DEBUG","logger":"org.springframework.security.web.DefaultSecurityFilterChain","message":"Will secure any request with filters: DisableEncodeUrlFilter, WebAsyncManagerIntegrationFilter, SecurityContextHolderFilter, HeaderWriterFilter, CorsFilter, CsrfFilter, LogoutFilter, RequestCacheAwareFilter, SecurityContextHolderAwareRequestFilter, AnonymousAuthenticationFilter, ExceptionTranslationFilter, AuthorizationFilter"}{"timestamp":"2026-06-02 00:34:09","level":"INFO","logger":"org.apache.coyote.http11.Http11NioProtocol","message":"Starting ProtocolHandler ["http-nio-8080"]"}{"timestamp":"2026-06-02 00:34:09","level":"INFO","logger":"org.springframework.boot.tomcat.TomcatWebServer","message":"Tomcat started on port 8080 (http) with context path '/'"}{"timestamp":"2026-06-02 00:34:09","level":"INFO","logger":"org.springframework.boot.devtools.autoconfigure.ConditionEvaluationDeltaLoggingListener","message":"Condition evaluation unchanged"}{"timestamp":"2026-06-02 00:34:26","level":"INFO","logger":"org.apache.catalina.core.ContainerBase.[Tomcat].[localhost].[/]","message":"Initializing Spring DispatcherServlet 'dispatcherServlet'"}{"timestamp":"2026-06-02 00:34:26","level":"INFO","logger":"org.springframework.web.servlet.DispatcherServlet","message":"Initializing Servlet 'dispatcherServlet'"}{"timestamp":"2026-06-02 00:34:26","level":"INFO","logger":"org.springframework.web.servlet.DispatcherServlet","message":"Completed initialization in 2 ms"}{"timestamp":"2026-06-02 00:34:26","level":"DEBUG","logger":"org.springframework.security.web.FilterChainProxy","message":"Securing GET /api/contacts/admin"}{"timestamp":"2026-06-02 00:34:26","level":"DEBUG","logger":"org.springframework.security.web.authentication.AnonymousAuthenticationFilter","message":"Set SecurityContextHolder to anonymous SecurityContext"}{"timestamp":"2026-06-02 00:34:26","level":"DEBUG","logger":"org.springframework.security.web.savedrequest.HttpSessionRequestCache","message":"Saved request http://localhost:8080/api/contacts/admin?continue to session"}{"timestamp":"2026-06-02 00:34:26","level":"DEBUG","logger":"org.springframework.security.web.authentication.Http403ForbiddenEntryPoint","message":"Pre-authenticated entry point called. Rejecting access"}{"timestamp":"2026-06-02 00:34:26","level":"DEBUG","logger":"org.springframework.security.web.FilterChainProxy","message":"Securing GET /error"}{"timestamp":"2026-06-02 00:34:26","level":"DEBUG","logger":"org.springframework.security.web.authentication.AnonymousAuthenticationFilter","message":"Set SecurityContextHolder to anonymous SecurityContext"}{"timestamp":"2026-06-02 00:34:26","level":"DEBUG","logger":"org.springframework.security.web.savedrequest.HttpSessionRequestCache","message":"Saved request http://localhost:8080/error?continue to session"}{"timestamp":"2026-06-02 00:34:26","level":"DEBUG","logger":"org.springframework.security.web.authentication.Http403ForbiddenEntryPoint","message":"Pre-authenticated entry point called. Rejecting access"}{"timestamp":"2026-06-02 00:34:32","level":"DEBUG","logger":"org.springframework.security.web.FilterChainProxy","message":"Securing GET /api/csrf-token/public"}{"timestamp":"2026-06-02 00:34:32","level":"DEBUG","logger":"org.springframework.security.web.FilterChainProxy","message":"Secured GET /api/csrf-token/public"}{"timestamp":"2026-06-02 00:34:32","level":"DEBUG","logger":"org.springframework.security.web.authentication.AnonymousAuthenticationFilter","message":"Set SecurityContextHolder to anonymous SecurityContext"}{"timestamp":"2026-06-02 00:34:54","level":"DEBUG","logger":"org.springframework.security.web.FilterChainProxy","message":"Securing POST /api/auth/login/public"}{"timestamp":"2026-06-02 00:34:54","level":"DEBUG","logger":"org.springframework.security.web.FilterChainProxy","message":"Secured POST /api/auth/login/public"}{"timestamp":"2026-06-02 00:34:54","level":"DEBUG","logger":"org.hibernate.SQL","message":"
    select
        jpu1_0.id,
        jpu1_0.company_id,
        jpu1_0.created_at,
        jpu1_0.created_by,
        jpu1_0.email,
        jpu1_0.mobile_number,
        jpu1_0.name,
        jpu1_0.password_hash,
        jpu1_0.role_id,
        jpu1_0.updated_at,
        jpu1_0.updated_by 
    from
        users jpu1_0 
    where
        jpu1_0.email=?"}{"timestamp":"2026-06-02 00:34:54","level":"DEBUG","logger":"org.hibernate.SQL","message":"
    select
        r1_0.id,
        r1_0.created_at,
        r1_0.created_by,
        r1_0.name,
        r1_0.updated_at,
        r1_0.updated_by 
    from
        roles r1_0 
    where
        r1_0.id=?"}{"timestamp":"2026-06-02 00:34:54","level":"DEBUG","logger":"org.springframework.security.web.authentication.AnonymousAuthenticationFilter","message":"Set SecurityContextHolder to anonymous SecurityContext"}{"timestamp":"2026-06-02 00:35:57","level":"DEBUG","logger":"org.springframework.security.web.FilterChainProxy","message":"Securing GET /api/contacts/admin"}{"timestamp":"2026-06-02 00:35:57","level":"DEBUG","logger":"org.springframework.security.web.authentication.AnonymousAuthenticationFilter","message":"Set SecurityContextHolder to anonymous SecurityContext"}{"timestamp":"2026-06-02 00:35:57","level":"DEBUG","logger":"org.springframework.security.web.savedrequest.HttpSessionRequestCache","message":"Saved request http://localhost:8080/api/contacts/admin?continue to session"}{"timestamp":"2026-06-02 00:35:57","level":"DEBUG","logger":"org.springframework.security.web.authentication.Http403ForbiddenEntryPoint","message":"Pre-authenticated entry point called. Rejecting access"}{"timestamp":"2026-06-02 00:35:57","level":"DEBUG","logger":"org.springframework.security.web.FilterChainProxy","message":"Securing GET /error"}{"timestamp":"2026-06-02 00:35:57","level":"DEBUG","logger":"org.springframework.security.web.authentication.AnonymousAuthenticationFilter","message":"Set SecurityContextHolder to anonymous SecurityContext"}{"timestamp":"2026-06-02 00:35:57","level":"DEBUG","logger":"org.springframework.security.web.savedrequest.HttpSessionRequestCache","message":"Saved request http://localhost:8080/error?continue to session"}{"timestamp":"2026-06-02 00:35:57","level":"DEBUG","logger":"org.springframework.security.web.authentication.Http403ForbiddenEntryPoint","message":"Pre-authenticated entry point called. Rejecting access"}{"timestamp":"2026-06-02 00:37:06","level":"DEBUG","logger":"org.springframework.security.web.FilterChainProxy","message":"Securing GET /api/contacts/admin"}{"timestamp":"2026-06-02 00:37:06","level":"DEBUG","logger":"org.springframework.security.web.authentication.AnonymousAuthenticationFilter","message":"Set SecurityContextHolder to anonymous SecurityContext"}{"timestamp":"2026-06-02 00:37:06","level":"DEBUG","logger":"org.springframework.security.web.savedrequest.HttpSessionRequestCache","message":"Saved request http://localhost:8080/api/contacts/admin?continue to session"}{"timestamp":"2026-06-02 00:37:06","level":"DEBUG","logger":"org.springframework.security.web.authentication.Http403ForbiddenEntryPoint","message":"Pre-authenticated entry point called. Rejecting access"}{"timestamp":"2026-06-02 00:37:06","level":"DEBUG","logger":"org.springframework.security.web.FilterChainProxy","message":"Securing GET /error"}{"timestamp":"2026-06-02 00:37:06","level":"DEBUG","logger":"org.springframework.security.web.authentication.AnonymousAuthenticationFilter","message":"Set SecurityContextHolder to anonymous SecurityContext"}{"timestamp":"2026-06-02 00:37:06","level":"DEBUG","logger":"org.springframework.security.web.savedrequest.HttpSessionRequestCache","message":"Saved request http://localhost:8080/error?continue to session"}{"timestamp":"2026-06-02 00:37:06","level":"DEBUG","logger":"org.springframework.security.web.authentication.Http403ForbiddenEntryPoint","message":"Pre-authenticated entry point called. Rejecting access"}{"timestamp":"2026-06-02 00:39:48","level":"INFO","logger":"org.springframework.boot.devtools.autoconfigure.LocalDevToolsAutoConfiguration$RestartingClassPathChangeChangedEventListener","message":"Restarting due to 1 class path change (0 additions, 0 deletions, 1 modification)"}{"timestamp":"2026-06-02 00:39:48","level":"INFO","logger":"org.springframework.boot.tomcat.GracefulShutdown","message":"Commencing graceful shutdown. Waiting for active requests to complete"}{"timestamp":"2026-06-02 00:39:48","level":"INFO","logger":"org.apache.coyote.http11.Http11NioProtocol","message":"Pausing ProtocolHandler ["http-nio-8080"]"}{"timestamp":"2026-06-02 00:39:48","level":"INFO","logger":"org.springframework.boot.tomcat.GracefulShutdown","message":"Graceful shutdown complete"}{"timestamp":"2026-06-02 00:39:48","level":"INFO","logger":"org.apache.coyote.http11.Http11NioProtocol","message":"Stopping ProtocolHandler ["http-nio-8080"]"}{"timestamp":"2026-06-02 00:39:48","level":"INFO","logger":"org.springframework.orm.jpa.LocalContainerEntityManagerFactoryBean","message":"Closing JPA EntityManagerFactory for persistence unit 'default'"}{"timestamp":"2026-06-02 00:39:48","level":"INFO","logger":"com.zaxxer.hikari.HikariDataSource","message":"HikariPool-2 - Shutdown initiated..."}{"timestamp":"2026-06-02 00:39:48","level":"INFO","logger":"com.zaxxer.hikari.HikariDataSource","message":"HikariPool-2 - Shutdown completed."}{"timestamp":"2026-06-02 00:39:49","level":"INFO","logger":"org.springframework.data.repository.config.RepositoryConfigurationDelegate","message":"Bootstrapping Spring Data JPA repositories in DEFAULT mode."}{"timestamp":"2026-06-02 00:39:49","level":"INFO","logger":"org.springframework.data.repository.config.RepositoryConfigurationDelegate","message":"Finished Spring Data repository scanning in 56 ms. Found 4 JPA repository interfaces."}{"timestamp":"2026-06-02 00:39:49","level":"INFO","logger":"org.springframework.boot.tomcat.TomcatWebServer","message":"Tomcat initialized with port 8080 (http)"}{"timestamp":"2026-06-02 00:39:49","level":"INFO","logger":"org.apache.coyote.http11.Http11NioProtocol","message":"Initializing ProtocolHandler ["http-nio-8080"]"}{"timestamp":"2026-06-02 00:39:49","level":"INFO","logger":"org.apache.catalina.core.StandardService","message":"Starting service [Tomcat]"}{"timestamp":"2026-06-02 00:39:49","level":"INFO","logger":"org.apache.catalina.core.StandardEngine","message":"Starting Servlet engine: [Apache Tomcat/11.0.20]"}{"timestamp":"2026-06-02 00:39:49","level":"INFO","logger":"org.springframework.boot.web.context.servlet.WebApplicationContextInitializer","message":"Root WebApplicationContext: initialization completed in 561 ms"}{"timestamp":"2026-06-02 00:39:49","level":"INFO","logger":"org.hibernate.orm.jpa","message":"HHH008540: Processing PersistenceUnitInfo [name: default]"}{"timestamp":"2026-06-02 00:39:49","level":"INFO","logger":"org.springframework.orm.jpa.persistenceunit.SpringPersistenceUnitInfo","message":"No LoadTimeWeaver setup: ignoring JPA class transformer"}{"timestamp":"2026-06-02 00:39:49","level":"INFO","logger":"com.zaxxer.hikari.HikariDataSource","message":"HikariPool-3 - Starting..."}{"timestamp":"2026-06-02 00:39:49","level":"INFO","logger":"com.zaxxer.hikari.pool.HikariPool","message":"HikariPool-3 - Added connection com.mysql.cj.jdbc.ConnectionImpl@572e9940"}{"timestamp":"2026-06-02 00:39:49","level":"INFO","logger":"com.zaxxer.hikari.HikariDataSource","message":"HikariPool-3 - Start completed."}{"timestamp":"2026-06-02 00:39:49","level":"WARN","logger":"org.hibernate.orm.deprecation","message":"HHH90000025: MySQLDialect does not need to be specified explicitly using 'hibernate.dialect' (remove the property setting and it will be selected by default)"}{"timestamp":"2026-06-02 00:39:49","level":"INFO","logger":"org.hibernate.orm.connections.pooling","message":"HHH10001005: Database info:
	Database JDBC URL [jdbc:mysql://localhost:3306/jobportaldb?useSSL=false&serverTimezone=UTC&allowPublicKeyRetrieval=true]
	Database driver: MySQL Connector/J
	Database dialect: MySQLDialect
	Database version: 8.0.46
	Default catalog/schema: jobportaldb/undefined
	Autocommit mode: undefined/unknown
	Isolation level: REPEATABLE_READ [default REPEATABLE_READ]
	JDBC fetch size: none
	Pool: DataSourceConnectionProvider
	Minimum pool size: undefined/unknown
	Maximum pool size: undefined/unknown"}{"timestamp":"2026-06-02 00:39:49","level":"DEBUG","logger":"org.hibernate.tool.schema.spi.SchemaManagementToolCoordinator","message":"No schema actions specified for contributor 'orm'"}{"timestamp":"2026-06-02 00:39:49","level":"INFO","logger":"org.hibernate.orm.core","message":"HHH000489: No JTA platform available (set 'hibernate.transaction.jta.platform' to enable JTA platform integration)"}{"timestamp":"2026-06-02 00:39:49","level":"DEBUG","logger":"org.hibernate.tool.schema.spi.SchemaManagementToolCoordinator","message":"No schema actions specified for contributor 'orm'"}{"timestamp":"2026-06-02 00:39:49","level":"DEBUG","logger":"org.hibernate.tool.schema.spi.SchemaManagementToolCoordinator","message":"No schema management actions found"}{"timestamp":"2026-06-02 00:39:49","level":"INFO","logger":"org.springframework.orm.jpa.LocalContainerEntityManagerFactoryBean","message":"Initialized JPA EntityManagerFactory for persistence unit 'default'"}{"timestamp":"2026-06-02 00:39:50","level":"WARN","logger":"org.springframework.boot.jpa.autoconfigure.JpaBaseConfiguration$JpaWebConfiguration","message":"spring.jpa.open-in-view is enabled by default. Therefore, database queries may be performed during view rendering. Explicitly configure spring.jpa.open-in-view to disable this warning"}{"timestamp":"2026-06-02 00:39:50","level":"INFO","logger":"org.springframework.security.config.annotation.authentication.configuration.InitializeAuthenticationProviderBeanManagerConfigurer$InitializeAuthenticationProviderManagerConfigurer","message":"Global AuthenticationManager configured with AuthenticationProvider bean with name jobPortalUsernamePwdAuthenticationProvider"}{"timestamp":"2026-06-02 00:39:50","level":"DEBUG","logger":"org.springframework.security.web.DefaultSecurityFilterChain","message":"Will secure any request with filters: DisableEncodeUrlFilter, WebAsyncManagerIntegrationFilter, SecurityContextHolderFilter, HeaderWriterFilter, CorsFilter, CsrfFilter, LogoutFilter, RequestCacheAwareFilter, SecurityContextHolderAwareRequestFilter, AnonymousAuthenticationFilter, ExceptionTranslationFilter, AuthorizationFilter"}{"timestamp":"2026-06-02 00:39:50","level":"INFO","logger":"org.apache.coyote.http11.Http11NioProtocol","message":"Starting ProtocolHandler ["http-nio-8080"]"}{"timestamp":"2026-06-02 00:39:50","level":"INFO","logger":"org.springframework.boot.tomcat.TomcatWebServer","message":"Tomcat started on port 8080 (http) with context path '/'"}{"timestamp":"2026-06-02 00:39:50","level":"INFO","logger":"org.springframework.boot.devtools.autoconfigure.ConditionEvaluationDeltaLoggingListener","message":"Condition evaluation unchanged"}{"timestamp":"2026-06-02 11:53:02","level":"INFO","logger":"org.hibernate.validator.internal.util.Version","message":"HV000001: Hibernate Validator 9.0.1.Final"}{"timestamp":"2026-06-02 11:53:02","level":"INFO","logger":"org.springframework.boot.devtools.env.DevToolsPropertyDefaultsPostProcessor","message":"Devtools property defaults active! Set 'spring.devtools.add-properties' to 'false' to disable"}{"timestamp":"2026-06-02 11:53:02","level":"INFO","logger":"org.springframework.boot.devtools.env.DevToolsPropertyDefaultsPostProcessor","message":"For additional web related logging consider setting the 'logging.level.web' property to 'DEBUG'"}{"timestamp":"2026-06-02 11:53:04","level":"INFO","logger":"org.springframework.data.repository.config.RepositoryConfigurationDelegate","message":"Bootstrapping Spring Data JPA repositories in DEFAULT mode."}{"timestamp":"2026-06-02 11:53:04","level":"INFO","logger":"org.springframework.data.repository.config.RepositoryConfigurationDelegate","message":"Finished Spring Data repository scanning in 88 ms. Found 4 JPA repository interfaces."}{"timestamp":"2026-06-02 11:53:05","level":"INFO","logger":"org.springframework.boot.tomcat.TomcatWebServer","message":"Tomcat initialized with port 8080 (http)"}{"timestamp":"2026-06-02 11:53:05","level":"INFO","logger":"org.apache.coyote.http11.Http11NioProtocol","message":"Initializing ProtocolHandler ["http-nio-8080"]"}{"timestamp":"2026-06-02 11:53:05","level":"INFO","logger":"org.apache.catalina.core.StandardService","message":"Starting service [Tomcat]"}{"timestamp":"2026-06-02 11:53:05","level":"INFO","logger":"org.apache.catalina.core.StandardEngine","message":"Starting Servlet engine: [Apache Tomcat/11.0.20]"}{"timestamp":"2026-06-02 11:53:05","level":"INFO","logger":"org.springframework.boot.web.context.servlet.WebApplicationContextInitializer","message":"Root WebApplicationContext: initialization completed in 2825 ms"}{"timestamp":"2026-06-02 11:53:06","level":"INFO","logger":"org.hibernate.orm.jpa","message":"HHH008540: Processing PersistenceUnitInfo [name: default]"}{"timestamp":"2026-06-02 11:53:06","level":"INFO","logger":"org.hibernate.orm.core","message":"HHH000001: Hibernate ORM core version 7.2.7.Final"}{"timestamp":"2026-06-02 11:53:06","level":"INFO","logger":"org.springframework.orm.jpa.persistenceunit.SpringPersistenceUnitInfo","message":"No LoadTimeWeaver setup: ignoring JPA class transformer"}{"timestamp":"2026-06-02 11:53:07","level":"INFO","logger":"com.zaxxer.hikari.HikariDataSource","message":"HikariPool-1 - Starting..."}{"timestamp":"2026-06-02 11:53:07","level":"INFO","logger":"com.zaxxer.hikari.pool.HikariPool","message":"HikariPool-1 - Added connection com.mysql.cj.jdbc.ConnectionImpl@1c9700d3"}{"timestamp":"2026-06-02 11:53:07","level":"INFO","logger":"com.zaxxer.hikari.HikariDataSource","message":"HikariPool-1 - Start completed."}{"timestamp":"2026-06-02 11:53:07","level":"WARN","logger":"org.hibernate.orm.deprecation","message":"HHH90000025: MySQLDialect does not need to be specified explicitly using 'hibernate.dialect' (remove the property setting and it will be selected by default)"}{"timestamp":"2026-06-02 11:53:07","level":"INFO","logger":"org.hibernate.orm.connections.pooling","message":"HHH10001005: Database info:
	Database JDBC URL [jdbc:mysql://localhost:3306/jobportaldb?useSSL=false&serverTimezone=UTC&allowPublicKeyRetrieval=true]
	Database driver: MySQL Connector/J
	Database dialect: MySQLDialect
	Database version: 8.0.46
	Default catalog/schema: jobportaldb/undefined
	Autocommit mode: undefined/unknown
	Isolation level: REPEATABLE_READ [default REPEATABLE_READ]
	JDBC fetch size: none
	Pool: DataSourceConnectionProvider
	Minimum pool size: undefined/unknown
	Maximum pool size: undefined/unknown"}{"timestamp":"2026-06-02 11:53:07","level":"DEBUG","logger":"org.hibernate.tool.schema.spi.SchemaManagementToolCoordinator","message":"No schema actions specified for contributor 'orm'"}{"timestamp":"2026-06-02 11:53:08","level":"INFO","logger":"org.hibernate.orm.core","message":"HHH000489: No JTA platform available (set 'hibernate.transaction.jta.platform' to enable JTA platform integration)"}{"timestamp":"2026-06-02 11:53:08","level":"DEBUG","logger":"org.hibernate.tool.schema.spi.SchemaManagementToolCoordinator","message":"No schema actions specified for contributor 'orm'"}{"timestamp":"2026-06-02 11:53:08","level":"DEBUG","logger":"org.hibernate.tool.schema.spi.SchemaManagementToolCoordinator","message":"No schema management actions found"}{"timestamp":"2026-06-02 11:53:08","level":"INFO","logger":"org.springframework.orm.jpa.LocalContainerEntityManagerFactoryBean","message":"Initialized JPA EntityManagerFactory for persistence unit 'default'"}{"timestamp":"2026-06-02 11:53:09","level":"INFO","logger":"org.springframework.data.jpa.repository.query.QueryEnhancerFactories","message":"Hibernate is in classpath; If applicable, HQL parser will be used."}{"timestamp":"2026-06-02 11:53:10","level":"WARN","logger":"org.springframework.boot.jpa.autoconfigure.JpaBaseConfiguration$JpaWebConfiguration","message":"spring.jpa.open-in-view is enabled by default. Therefore, database queries may be performed during view rendering. Explicitly configure spring.jpa.open-in-view to disable this warning"}{"timestamp":"2026-06-02 11:53:11","level":"INFO","logger":"org.springframework.security.config.annotation.authentication.configuration.InitializeAuthenticationProviderBeanManagerConfigurer$InitializeAuthenticationProviderManagerConfigurer","message":"Global AuthenticationManager configured with AuthenticationProvider bean with name jobPortalUsernamePwdAuthenticationProvider"}{"timestamp":"2026-06-02 11:53:11","level":"DEBUG","logger":"org.springframework.security.web.DefaultSecurityFilterChain","message":"Will secure any request with filters: DisableEncodeUrlFilter, WebAsyncManagerIntegrationFilter, SecurityContextHolderFilter, HeaderWriterFilter, CorsFilter, CsrfFilter, LogoutFilter, RequestCacheAwareFilter, SecurityContextHolderAwareRequestFilter, AnonymousAuthenticationFilter, ExceptionTranslationFilter, AuthorizationFilter"}{"timestamp":"2026-06-02 11:53:12","level":"INFO","logger":"org.apache.coyote.http11.Http11NioProtocol","message":"Starting ProtocolHandler ["http-nio-8080"]"}{"timestamp":"2026-06-02 11:53:12","level":"INFO","logger":"org.springframework.boot.tomcat.TomcatWebServer","message":"Tomcat started on port 8080 (http) with context path '/'"}